LA,LD,LT,line,cbo,cboModified,fanin,fanout,wmc,rfc,loc,returnsQty,variablesQty,parametersQty,methodsInvokedQty,methodsInvokedLocalQty,methodsInvokedIndirectLocalQty,loopQty,comparisonsQty,tryCatchQty,parenthesizedExpsQty,stringLiteralsQty,numbersQty,assignmentsQty,mathOperationsQty,maxNestedBlocksQty,anonymousClassesQty,innerClassesQty,lambdasQty,uniqueWordsQty,modifiers,logStatementsQty,hasJavaDoc
21,0,14,41,0,0,0,0,8,9,14,4,2,1,9,0,0,1,0,0,0,2,1,5,1,3,0,0,0,8,9,0,0
0,0,4,31,0,0,0,0,1,1,4,0,0,0,1,0,0,0,0,0,0,0,0,0,0,0,0,0,0,7,8,0,0
0,0,3,213,1,0,0,0,1,2,3,0,0,1,2,0,0,0,0,0,0,0,0,0,0,0,0,0,0,6,1,0,0
3,4,44,175,7,0,0,0,8,11,43,4,4,2,11,0,0,0,2,1,0,9,1,6,0,4,1,0,0,44,1,0,0
0,0,27,395,0,1,1,0,5,4,27,1,1,0,4,0,0,0,0,1,0,2,5,7,0,2,0,0,0,14,2,0,0
0,0,8,153,2,0,0,0,1,0,8,0,0,6,0,0,0,0,0,0,0,0,0,6,0,0,0,0,0,10,1,0,0
1,1,27,307,8,1,0,1,5,19,27,0,6,2,19,1,1,0,3,0,1,1,0,6,0,2,0,0,0,29,1,0,0
0,0,3,385,2,0,0,0,1,1,3,0,0,1,1,0,0,0,0,0,0,0,0,0,0,0,0,0,0,4,1,0,0
0,0,3,435,1,0,0,0,1,0,3,1,0,0,0,0,0,0,0,0,0,0,0,0,0,0,0,0,0,3,1,0,0
0,0,7,275,3,1,1,0,3,5,7,1,1,1,5,0,0,0,1,0,0,3,0,2,1,1,0,0,0,19,2,0,0
0,0,5,153,2,0,0,0,1,0,5,0,0,3,0,0,0,0,0,0,0,0,0,2,0,0,0,0,0,6,1,0,0
0,0,3,425,1,0,0,0,1,0,3,1,0,0,0,0,0,0,0,0,0,0,0,0,0,0,0,0,0,4,1,0,0
0,0,14,369,1,1,1,0,4,1,14,1,2,1,1,0,0,1,1,1,0,2,0,3,0,2,0,0,0,19,2,0,0
1,1,25,183,3,4,0,4,5,13,25,1,4,0,13,4,1,0,1,2,0,1,0,7,0,3,0,0,0,23,1,0,0
0,0,12,337,1,1,1,0,4,3,12,0,2,1,3,0,0,1,0,0,0,1,0,5,1,2,0,0,0,19,2,0,0
0,0,12,299,1,1,1,0,5,7,12,0,1,1,7,0,0,0,2,0,0,1,0,4,1,2,0,0,0,23,2,0,0
0,0,5,167,2,0,0,0,1,0,5,0,0,3,0,0,0,0,0,0,0,0,0,2,0,0,0,0,0,6,1,0,0
0,0,3,415,1,0,0,0,1,0,3,1,0,0,0,0,0,0,0,0,0,0,0,0,0,0,0,0,0,4,1,0,0
0,0,5,117,2,1,1,0,1,1,5,1,1,1,1,0,0,0,0,0,0,0,0,1,0,0,0,0,0,6,9,0,0
1,2,8,201,1,2,1,1,2,5,7,0,0,0,5,1,1,0,0,0,0,0,0,0,0,1,0,0,0,4,2,0,0
0,0,5,103,2,2,0,2,1,2,5,1,1,1,2,1,1,0,0,0,0,0,0,1,0,0,0,0,0,11,9,0,0
0,0,5,273,2,1,1,0,1,4,5,0,1,1,4,0,0,0,0,0,0,0,0,1,0,0,0,0,0,11,1,0,0
0,0,7,221,2,1,1,0,1,5,7,1,2,3,5,0,0,0,0,0,0,0,0,2,0,0,0,0,0,11,2,0,0
1,2,6,241,2,3,0,3,5,5,5,0,0,1,5,3,1,0,0,0,0,0,0,0,0,3,0,0,0,11,1,0,0
2,1,4,287,2,1,1,0,1,4,5,0,1,1,4,0,0,0,0,0,0,0,0,1,0,0,0,0,0,11,1,0,0
0,0,4,133,1,0,0,0,1,3,4,0,0,1,3,0,0,0,0,0,0,0,0,1,0,0,0,0,0,10,1,0,0
0,0,5,259,2,1,1,0,1,4,5,0,1,1,4,0,0,0,0,0,0,0,0,1,0,0,0,0,0,11,1,0,0
0,0,10,147,6,1,0,1,3,5,10,2,1,3,5,1,2,0,2,0,0,0,0,3,0,1,0,0,0,30,1,0,0
4,1,3,171,0,0,0,0,2,2,6,0,0,0,2,0,0,0,1,0,0,0,0,0,0,1,0,0,0,16,1,0,0
5,0,3,43,0,1,1,0,1,2,3,1,0,0,2,0,0,0,0,0,1,0,0,0,0,0,0,0,0,2,1,0,0
4,0,3,37,2,0,0,0,1,0,3,0,0,2,0,0,0,0,0,0,0,0,0,0,0,0,0,0,0,4,1,0,0
25,0,16,50,2,1,0,1,3,7,16,3,1,0,7,1,1,0,0,1,0,1,0,2,0,2,0,0,0,12,1,0,0
3,0,2,77,1,0,0,0,1,0,2,0,0,3,0,0,0,0,0,0,0,0,0,0,0,0,0,0,0,3,4,0,0
5,0,3,43,0,1,1,0,1,2,3,1,0,0,2,0,0,0,0,0,1,0,0,0,0,0,0,0,0,2,1,0,0
4,0,3,37,2,0,0,0,1,0,3,0,0,2,0,0,0,0,0,0,0,0,0,0,0,0,0,0,0,4,1,0,0
3,0,2,78,1,0,0,0,1,0,2,0,0,3,0,0,0,0,0,0,0,0,0,0,0,0,0,0,0,3,4,0,0
26,0,17,50,2,1,0,1,3,7,17,3,1,0,7,1,1,0,0,1,0,1,1,2,0,2,0,0,0,12,1,0,0
0,0,6,100,2,1,1,0,1,5,6,1,2,1,5,0,0,0,0,0,0,0,0,2,0,0,0,0,0,10,2,0,0
0,0,14,54,2,1,0,1,3,4,14,3,1,0,4,1,1,0,0,1,0,0,0,1,0,2,0,0,0,10,1,0,0
0,0,14,76,3,2,0,2,2,11,14,0,3,3,11,2,1,0,0,1,1,2,1,4,2,1,0,0,0,17,4,0,0
0,0,3,42,2,0,0,0,1,0,3,0,0,2,0,0,0,0,0,0,0,0,0,0,0,0,0,0,0,4,1,0,0
0,0,11,108,1,1,1,0,2,4,11,0,4,2,4,0,0,1,0,0,1,0,3,4,0,1,0,0,0,15,2,0,0
0,0,3,48,0,1,1,0,1,2,3,1,0,0,2,0,0,0,0,0,1,0,0,0,0,0,0,0,0,2,1,0,0
19,0,14,113,1,0,0,0,4,7,14,1,3,1,7,0,0,0,2,1,0,1,1,3,0,2,0,0,0,27,9,0,0
19,0,14,73,1,0,0,0,4,7,14,1,3,1,7,0,0,0,2,1,0,1,1,3,0,2,0,0,0,24,9,0,0
0,0,2,151,1,0,0,0,1,0,2,0,0,3,0,0,0,0,0,0,0,0,0,0,0,0,0,0,0,3,4,0,0
0,0,16,97,2,1,0,1,3,7,16,3,1,0,7,1,1,0,0,1,0,1,0,2,0,2,0,0,0,12,1,0,0
0,0,3,83,0,1,1,0,1,2,3,1,0,0,2,0,0,0,0,0,1,0,0,0,0,0,0,0,0,2,1,0,0
0,0,3,71,2,0,0,0,1,0,3,0,0,2,0,0,0,0,0,0,0,0,0,0,0,0,0,0,0,4,1,0,0
0,0,3,341,0,1,1,0,1,1,3,0,0,0,1,0,0,0,0,0,0,0,0,0,0,0,0,0,0,3,2,0,0
0,0,23,2129,3,0,0,0,3,7,23,1,1,1,7,0,0,0,0,0,0,0,0,3,0,1,2,0,0,10,4,0,0
0,0,4,1409,2,2,2,0,1,2,4,0,1,0,2,0,0,0,0,0,0,0,0,1,0,0,0,0,0,5,1,0,0
0,0,6,1365,1,0,0,0,1,7,6,0,1,1,7,0,0,0,0,0,0,0,0,1,0,0,0,0,0,7,1,0,0
0,0,36,1039,2,6,2,4,12,13,36,4,1,1,13,4,3,0,0,0,0,0,0,4,0,2,0,0,0,18,2,0,0
0,0,3,2061,1,0,0,0,1,0,3,1,0,0,0,0,0,0,0,0,0,0,0,0,0,0,0,0,0,4,1,0,0
0,0,3,2041,1,3,3,0,1,1,3,1,0,0,1,0,0,0,0,0,0,0,0,0,0,0,0,0,0,3,1,0,0
0,0,7,1311,4,1,0,1,2,10,7,0,1,1,10,1,1,0,0,0,1,0,0,1,0,1,0,0,0,14,1,0,0
0,0,6,1441,0,2,2,0,4,2,6,1,1,1,2,0,0,0,0,0,0,0,0,3,0,2,0,0,0,5,1,0,0
0,0,38,405,8,3,0,3,14,27,38,2,5,2,27,3,1,1,6,0,0,0,3,10,0,2,0,0,0,34,1,0,0
0,3,8,381,1,0,0,0,7,2,5,0,0,3,2,0,0,0,6,0,0,0,0,0,0,3,0,0,0,11,4,0,0
0,0,3,1721,0,1,1,0,2,3,3,1,0,1,3,0,0,0,1,0,0,0,0,0,0,0,0,0,0,7,2,0,0
0,0,4,329,1,1,0,1,1,2,4,0,0,0,2,1,1,0,0,0,0,0,0,0,0,0,0,0,0,5,1,0,0
0,0,7,1215,2,2,0,2,1,7,7,0,1,1,7,2,1,0,0,0,0,0,0,1,0,0,0,0,0,10,1,0,0
0,0,7,1329,3,0,0,0,2,9,7,0,1,1,9,0,0,0,0,0,1,0,0,1,0,1,0,0,0,12,1,0,0
0,0,6,1133,2,3,0,3,1,5,6,0,0,1,5,3,5,0,0,0,0,0,0,0,0,0,0,0,0,12,1,0,0
0,0,3,1015,0,1,1,0,2,2,3,1,0,0,2,0,0,0,1,0,0,0,0,0,0,0,0,0,0,8,2,0,0
0,0,18,1661,7,2,0,2,6,7,18,1,1,1,7,2,1,0,0,0,4,0,0,1,1,2,0,0,0,16,1,0,0
0,0,4,1383,2,2,2,0,1,2,4,0,1,0,2,0,0,0,0,0,0,0,0,1,0,0,0,0,0,4,1,0,0
0,0,9,2093,0,2,2,0,2,2,9,2,0,0,2,0,0,0,0,0,0,0,0,0,0,1,0,0,0,18,2,0,0
0,0,2,555,2,0,0,0,1,0,2,0,0,1,0,0,0,0,0,0,0,0,0,0,0,0,0,0,0,4,1,0,0
0,0,3,2051,1,0,0,0,1,0,3,1,0,0,0,0,0,0,0,0,0,0,0,0,0,0,0,0,0,3,1,0,0
0,0,3,2031,1,4,4,0,1,2,3,1,0,1,2,0,0,0,0,0,0,0,0,0,0,0,0,0,0,4,2,0,0
0,0,14,847,5,4,4,0,1,10,14,0,2,1,10,0,0,0,0,0,2,2,0,2,2,0,1,0,0,36,1,0,0
0,0,5,2003,1,2,0,2,3,5,5,0,0,0,5,2,1,0,0,0,0,0,0,0,0,1,0,0,0,10,1,0,0
0,0,11,1459,0,0,0,0,3,5,11,3,0,0,5,0,0,0,0,0,0,0,0,0,0,1,0,0,0,4,1,0,0
0,0,89,1735,11,4,0,4,27,20,89,23,1,1,20,4,2,0,4,0,13,2,0,11,0,2,0,0,0,31,1,0,0
0,0,5,1001,1,3,3,0,1,4,5,0,1,0,4,0,0,0,0,0,0,0,0,1,0,0,0,0,0,8,2,0,0
0,0,6,825,1,0,0,0,1,6,6,0,1,1,6,0,0,0,0,0,0,2,0,1,0,0,0,0,0,8,4,0,0
0,0,7,1347,4,1,0,1,2,10,7,0,1,1,10,1,1,0,0,0,1,0,0,1,0,1,0,0,0,14,1,0,0
0,0,3,351,0,1,1,0,1,1,3,0,0,0,1,0,0,0,0,0,0,0,0,0,0,0,0,0,0,3,2,0,0
0,0,7,1235,3,2,0,2,1,7,7,0,1,1,7,2,1,0,0,0,0,0,0,1,0,0,0,0,0,11,1,0,0
0,0,4,1299,2,2,1,1,2,2,4,0,1,1,2,1,2,0,0,0,0,0,0,1,0,0,0,0,0,9,1,0,0
0,0,6,1255,2,2,1,1,1,6,6,0,1,1,6,1,1,0,0,0,0,0,0,1,0,0,0,0,0,11,1,0,0
0,0,5,1427,0,3,3,0,2,1,5,1,1,0,1,0,0,0,0,0,0,0,0,2,0,1,0,0,0,4,1,0,0
0,0,3,369,4,0,0,0,1,0,3,1,0,2,0,0,0,0,0,0,0,0,0,0,0,0,0,0,0,5,1,0,0
0,0,14,1149,1,2,1,1,5,5,14,4,0,1,5,1,1,0,3,0,0,2,0,2,0,2,0,0,0,21,2,0,0
0,0,10,973,2,5,2,3,4,6,10,1,1,0,6,3,1,0,2,0,0,0,0,1,0,1,0,0,0,13,2,0,0
0,0,7,1195,3,3,1,2,1,7,7,0,1,1,7,2,1,0,0,0,0,0,0,1,0,0,0,0,0,11,1,0,0
0,0,89,567,11,8,0,8,33,43,89,1,5,1,43,8,6,0,10,0,6,1,2,11,0,5,0,0,0,49,4,0,0
0,0,5,1395,3,3,2,1,1,3,5,0,1,0,3,1,1,0,0,0,0,0,0,1,0,0,0,0,0,7,1,0,0
0,0,10,1273,3,3,2,1,2,10,10,0,1,2,10,1,1,0,0,0,0,0,0,1,0,1,0,0,0,10,1,0,0
0,0,10,885,3,1,1,0,4,10,10,0,1,1,10,0,0,1,1,0,0,2,0,1,1,2,0,0,0,9,1,0,0
0,0,36,1553,6,1,1,0,4,18,36,0,4,0,18,0,0,0,0,1,0,0,2,4,0,2,1,0,0,25,2,0,0
0,0,3,2173,1,0,0,0,1,1,3,0,0,2,1,0,0,0,0,0,0,0,0,0,0,0,0,0,0,5,1,0,0
0,0,3,2149,1,0,0,0,1,1,3,0,0,2,1,0,0,0,0,0,0,0,0,0,0,0,0,0,0,5,1,0,0
0,0,8,527,1,1,0,1,3,3,8,0,0,0,3,1,1,0,2,0,0,0,1,1,0,2,0,0,0,8,4,0,0
0,0,13,1491,0,6,6,0,4,12,13,0,0,0,12,0,0,0,0,0,0,0,0,0,0,1,0,0,0,2,1,0,0
0,0,3,867,2,1,0,1,1,1,3,0,0,1,1,0,0,0,0,0,0,0,0,0,0,0,0,0,0,6,1,0,0
0,0,23,253,3,5,0,5,4,19,23,0,2,1,19,5,2,0,2,0,0,2,0,4,0,2,0,0,0,41,1,0,1
0,0,4,2081,0,0,0,0,1,4,4,0,0,0,4,0,0,0,0,0,0,0,0,0,0,0,0,0,0,5,1,0,0
0,0,3,1587,2,1,0,1,1,1,3,0,0,1,1,0,0,0,0,0,0,0,0,0,0,0,0,0,0,6,1,0,0
0,0,5,1025,1,1,1,0,1,4,5,0,1,0,4,0,0,0,0,0,0,0,0,1,0,0,0,0,0,8,2,0,0
0,0,17,917,5,4,0,4,4,20,17,1,3,1,20,4,2,0,1,0,1,0,0,4,0,1,0,0,0,31,1,0,0
0,0,3,2071,1,0,0,0,1,0,3,0,0,1,0,0,0,0,0,0,0,0,0,1,0,0,0,0,0,4,1,0,0
0,0,4,1533,0,4,4,0,1,2,4,0,0,0,2,0,0,0,0,0,0,0,0,0,0,0,0,0,0,3,1,0,0
0,0,3,47,0,1,1,0,1,2,3,1,0,0,2,0,0,0,0,0,1,0,0,0,0,0,0,0,0,2,1,0,0
0,0,2,82,1,0,0,0,1,0,2,0,0,3,0,0,0,0,0,0,0,0,0,0,0,0,0,0,0,3,4,0,0
0,0,17,54,2,1,0,1,3,7,17,3,1,0,7,1,1,0,0,1,0,1,1,2,0,2,0,0,0,12,1,0,0
1,1,3,41,2,0,0,0,1,0,3,0,0,2,0,0,0,0,0,0,0,0,0,0,0,0,0,0,0,4,1,0,0
0,0,3,325,0,1,1,0,1,0,3,1,0,0,0,0,0,0,0,0,0,0,0,0,0,0,0,0,0,3,1,0,0
0,0,3,355,0,0,0,0,1,0,3,1,0,0,0,0,0,0,0,0,0,0,0,0,0,0,0,0,0,5,1,0,0
0,0,18,89,1,3,2,1,4,3,18,1,1,1,3,0,0,0,0,0,0,0,0,9,0,1,0,0,0,11,9,0,0
0,0,16,233,3,4,0,4,3,11,16,3,4,1,11,4,2,0,2,0,0,1,0,4,0,1,0,0,0,24,9,0,0
0,0,3,389,0,1,1,0,1,0,3,1,0,0,0,0,0,0,0,0,0,0,0,0,0,0,0,0,0,3,1,0,0
0,0,3,197,0,0,0,0,1,1,3,0,0,1,1,0,0,0,0,0,0,0,0,0,0,0,0,0,0,5,1,0,0
0,0,3,311,1,3,1,2,1,5,3,1,0,2,5,2,1,0,0,0,0,0,0,0,0,0,0,0,0,10,10,0,0
0,0,3,399,0,0,0,0,1,0,3,1,0,0,0,0,0,0,0,0,0,0,0,0,0,0,0,0,0,4,1,0,0
1,1,25,159,6,2,0,2,2,11,25,1,5,5,11,2,1,0,1,0,0,3,0,5,0,1,1,0,0,42,9,0,0
0,0,3,335,0,0,0,0,1,0,3,1,0,0,0,0,0,0,0,0,0,0,0,0,0,0,0,0,0,4,1,0,0
0,0,3,345,0,1,1,0,1,0,3,1,0,0,0,0,0,0,0,0,0,0,0,0,0,0,0,0,0,4,1,0,0
0,0,3,379,0,1,1,0,1,0,3,1,0,0,0,0,0,0,0,0,0,0,0,0,0,0,0,0,0,3,1,0,0
0,0,5,365,0,0,0,0,1,2,5,1,1,0,2,0,0,0,0,0,0,0,0,1,0,0,0,0,0,7,1,0,0
0,0,3,301,0,1,1,0,1,2,3,1,0,1,2,0,0,0,0,0,0,0,0,0,0,0,0,0,0,18,10,0,0
0,0,2,69,0,2,2,0,1,0,2,0,0,0,0,0,0,0,0,0,0,0,0,0,0,0,0,0,0,4,1,0,0
0,0,4,109,1,0,0,0,1,3,4,0,0,1,3,0,0,0,0,0,0,0,0,1,0,0,0,0,0,10,1,0,0
2,1,4,77,3,1,0,1,1,2,5,1,1,2,2,0,0,0,0,0,0,0,0,1,0,0,0,0,0,14,9,0,0
2,1,3,123,4,0,0,0,1,3,4,1,0,3,3,0,0,0,0,0,0,0,0,1,0,0,0,0,0,12,1,0,0
2,1,4,93,2,1,0,1,1,2,5,1,1,1,2,0,0,0,0,0,0,0,0,1,0,0,0,0,0,11,9,0,0
0,0,3,1593,2,1,0,1,1,1,3,0,0,1,1,0,0,0,0,0,0,0,0,0,0,0,0,0,0,6,1,0,0
0,0,3,1727,0,1,1,0,2,3,3,1,0,1,3,0,0,0,1,0,0,0,0,0,0,0,0,0,0,7,2,0,0
0,0,9,2085,0,2,2,0,2,2,9,2,0,0,2,0,0,0,0,0,0,0,0,0,0,1,0,0,0,18,2,0,0
0,0,4,1389,2,2,2,0,1,2,4,0,1,0,2,0,0,0,0,0,0,0,0,1,0,0,0,0,0,4,1,0,0
0,0,7,1137,2,3,0,3,1,5,7,0,0,1,5,3,5,0,0,0,0,0,0,1,0,0,0,0,0,15,1,0,0
0,0,6,1371,1,0,0,0,1,7,6,0,1,1,7,0,0,0,0,0,0,0,0,1,0,0,0,0,0,7,1,0,0
0,0,3,2033,1,3,3,0,1,1,3,1,0,0,1,0,0,0,0,0,0,0,0,0,0,0,0,0,0,3,1,0,0
0,0,5,1401,3,3,2,1,1,3,5,0,1,0,3,1,1,0,0,0,0,0,0,1,0,0,0,0,0,7,1,0,0
0,0,7,1201,3,3,1,2,1,7,7,0,1,1,7,2,1,0,0,0,0,0,0,1,0,0,0,0,0,11,1,0,0
0,0,4,1539,0,4,4,0,1,2,4,0,0,0,2,0,0,0,0,0,0,0,0,0,0,0,0,0,0,3,1,0,0
0,0,3,2063,1,0,0,0,1,0,3,0,0,1,0,0,0,0,0,0,0,0,0,1,0,0,0,0,0,4,1,0,0
0,0,7,1335,3,0,0,0,2,9,7,0,1,1,9,0,0,0,0,0,1,0,0,1,0,1,0,0,0,12,1,0,0
0,0,7,1317,4,1,0,1,2,10,7,0,1,1,10,1,1,0,0,0,1,0,0,1,0,1,0,0,0,14,1,0,0
0,0,8,519,1,1,0,1,3,3,8,0,0,0,3,1,1,0,2,0,0,0,1,1,0,2,0,0,0,8,4,0,0
0,0,3,1023,0,1,1,0,2,2,3,1,0,0,2,0,0,0,1,0,0,0,0,0,0,0,0,0,0,8,2,0,0
0,0,18,1667,7,2,0,2,6,7,18,1,1,1,7,2,1,0,0,0,4,0,0,1,1,2,0,0,0,16,1,0,0
0,0,2,547,2,0,0,0,1,0,2,0,0,1,0,0,0,0,0,0,0,0,0,0,0,0,0,0,0,4,1,0,0
0,0,36,1047,2,6,2,4,12,13,36,4,1,1,13,4,3,0,0,0,0,0,0,4,0,2,0,0,0,18,2,0,0
0,0,6,1447,0,2,2,0,4,2,6,1,1,1,2,0,0,0,0,0,0,0,0,3,0,2,0,0,0,5,1,0,0
0,0,3,2053,1,0,0,0,1,0,3,1,0,0,0,0,0,0,0,0,0,0,0,0,0,0,0,0,0,4,1,0,0
0,0,38,397,8,3,0,3,14,27,38,2,5,2,27,3,1,1,6,0,0,0,3,10,0,2,0,0,0,34,1,0,0
0,0,3,2043,1,0,0,0,1,0,3,1,0,0,0,0,0,0,0,0,0,0,0,0,0,0,0,0,0,3,1,0,0
0,0,3,2023,1,4,4,0,1,2,3,1,0,1,2,0,0,0,0,0,0,0,0,0,0,0,0,0,0,4,2,0,0
0,0,13,1497,0,6,6,0,4,12,13,0,0,0,12,0,0,0,0,0,0,0,0,0,0,1,0,0,0,2,1,0,0
0,0,23,2121,3,0,0,0,3,7,23,1,1,1,7,0,0,0,0,0,0,0,0,3,0,1,2,0,0,10,4,0,0
0,0,4,2073,0,0,0,0,1,4,4,0,0,0,4,0,0,0,0,0,0,0,0,0,0,0,0,0,0,5,1,0,0
0,0,7,1221,2,2,0,2,1,7,7,0,1,1,7,2,1,0,0,0,0,0,0,1,0,0,0,0,0,10,1,0,0
0,0,10,1279,3,3,2,1,2,10,10,0,1,2,10,1,1,0,0,0,0,0,0,1,0,1,0,0,0,10,1,0,0
0,0,36,1559,6,1,1,0,4,17,36,0,4,0,17,0,0,0,0,1,0,0,2,4,0,2,1,0,0,25,2,0,0
0,0,89,559,11,8,0,8,33,43,89,1,5,1,43,8,6,0,10,0,6,1,2,11,0,5,0,0,0,49,4,0,0
0,0,11,1465,0,0,0,0,3,5,11,3,0,0,5,0,0,0,0,0,0,0,0,0,0,1,0,0,0,4,1,0,0
0,0,9,817,1,0,0,0,4,6,9,0,1,1,6,0,0,0,3,0,0,5,0,1,0,1,0,0,0,13,4,0,0
0,0,7,1241,3,2,0,2,1,7,7,0,1,1,7,2,1,0,0,0,0,0,0,1,0,0,0,0,0,11,1,0,0
0,0,14,857,5,4,4,0,1,10,14,0,2,1,10,0,0,0,0,0,2,2,0,2,2,0,1,0,0,36,1,0,0
0,0,5,1033,1,1,1,0,1,4,5,0,1,0,4,0,0,0,0,0,0,0,0,1,0,0,0,0,0,8,2,0,0
0,0,28,253,6,4,0,4,7,19,28,0,2,1,19,4,2,0,5,0,0,5,0,7,0,2,0,0,0,45,1,0,1
0,0,3,2141,1,0,0,0,1,1,3,0,0,2,1,0,0,0,0,0,0,0,0,0,0,0,0,0,0,5,1,0,0
0,0,3,2165,1,0,0,0,1,1,3,0,0,2,1,0,0,0,0,0,0,0,0,0,0,0,0,0,0,5,1,0,0
0,0,3,877,2,1,0,1,1,1,3,0,0,1,1,0,0,0,0,0,0,0,0,0,0,0,0,0,0,6,1,0,0
0,0,10,895,3,1,1,0,4,10,10,0,1,1,10,0,0,1,1,0,0,2,0,1,1,2,0,0,0,9,1,0,0
0,0,10,983,2,5,2,3,4,6,10,1,1,0,6,3,1,0,2,0,0,0,0,1,0,1,0,0,0,13,2,0,0
0,0,4,1415,2,2,2,0,1,2,4,0,1,0,2,0,0,0,0,0,0,0,0,1,0,0,0,0,0,5,1,0,0
0,0,6,365,1,0,0,0,7,3,6,0,0,3,3,0,0,0,6,0,0,0,0,0,0,3,0,0,0,12,4,0,0
0,0,17,927,5,4,0,4,4,20,17,1,3,1,20,4,2,0,1,0,1,0,0,4,0,1,0,0,0,31,1,0,0
0,0,5,1011,1,3,3,0,1,4,5,0,1,0,4,0,0,0,0,0,0,0,0,1,0,0,0,0,0,8,2,0,0
0,0,5,1433,0,3,3,0,2,1,5,1,1,0,1,0,0,0,0,0,0,0,0,2,0,1,0,0,0,4,1,0,0
0,0,4,1305,2,2,1,1,2,2,4,0,1,1,2,1,2,0,0,0,0,0,0,1,0,0,0,0,0,9,1,0,0
0,0,3,353,4,0,0,0,1,0,3,1,0,2,0,0,0,0,0,0,0,0,0,0,0,0,0,0,0,5,1,0,0
0,0,5,1995,1,2,0,2,3,5,5,0,0,0,5,2,1,0,0,0,0,0,0,0,0,1,0,0,0,10,1,0,0
0,0,7,1353,4,1,0,1,2,10,7,0,1,1,10,1,1,0,0,0,1,0,0,1,0,1,0,0,0,14,1,0,0
0,0,86,1741,11,4,0,4,26,20,86,23,1,1,20,4,2,0,3,0,12,2,0,10,0,2,0,0,0,31,1,0,0
0,0,6,1261,2,2,1,1,1,6,6,0,1,1,6,1,1,0,0,0,0,0,0,1,0,0,0,0,0,11,1,0,0
0,0,14,1155,1,2,1,1,5,5,14,4,0,1,5,1,1,0,3,0,0,2,0,2,0,2,0,0,0,21,2,0,0
0,0,6,96,0,0,0,0,2,1,6,0,0,0,1,0,0,0,1,0,0,0,0,1,0,1,0,0,0,3,4,0,0
0,0,5,74,2,0,0,0,1,0,5,0,0,2,0,0,0,0,0,0,0,0,0,3,0,0,0,0,0,6,0,0,0
1,1,3,105,0,1,1,0,1,3,3,1,0,0,3,0,0,0,0,0,0,0,0,0,0,0,0,0,0,4,1,0,0
0,0,3,69,1,0,0,0,1,0,3,0,0,1,0,0,0,0,0,0,0,0,0,1,0,0,0,0,0,4,0,0,0
0,0,8,81,3,1,1,0,2,7,8,0,3,0,7,0,0,0,1,0,0,0,0,3,0,1,0,0,0,10,2,0,0
0,0,1,51,1,1,1,0,1,0,1,0,0,3,0,0,0,0,0,0,0,0,0,0,0,0,0,0,0,3,1028,0,0
0,0,1,47,0,0,0,0,1,0,1,0,0,0,0,0,0,0,0,0,0,0,0,0,0,0,0,0,0,2,1025,0,0
0,0,6,54,2,3,0,3,3,3,6,0,0,3,3,3,1,0,2,0,0,0,0,0,0,1,0,0,0,11,1,0,0
0,0,3,64,1,0,0,0,1,0,3,0,0,1,0,0,0,0,0,0,0,0,0,1,0,0,0,0,0,3,1,0,0
0,0,1,49,0,0,0,0,1,0,1,0,0,0,0,0,0,0,0,0,0,0,0,0,0,0,0,0,0,2,1025,0,0
4,4,3,75,2,0,0,0,1,0,3,0,0,2,0,0,0,0,0,0,0,0,0,0,0,0,0,0,0,4,1,0,0
26,26,17,101,2,1,0,1,3,7,17,3,1,0,7,1,1,0,0,1,0,1,1,2,0,2,0,0,0,12,1,0,0
5,5,3,87,0,1,1,0,1,2,3,1,0,0,2,0,0,0,0,0,1,0,0,0,0,0,0,0,0,2,1,0,0
3,3,2,157,1,0,0,0,1,0,2,0,0,3,0,0,0,0,0,0,0,0,0,0,0,0,0,0,0,3,4,0,0
22,2,3,77,5,0,0,0,3,13,23,2,5,3,13,0,0,0,1,1,0,4,1,7,0,1,0,0,0,26,1,0,0
0,0,3,39,2,0,0,0,1,0,3,0,0,2,0,0,0,0,0,0,0,0,0,0,0,0,0,0,0,4,1,0,0
0,0,17,52,2,1,0,1,3,7,17,3,1,0,7,1,1,0,0,1,0,1,1,2,0,2,0,0,0,12,1,0,0
0,0,2,80,1,0,0,0,1,0,2,0,0,3,0,0,0,0,0,0,0,0,0,0,0,0,0,0,0,3,4,0,0
0,0,3,45,0,1,1,0,1,2,3,1,0,0,2,0,0,0,0,0,1,0,0,0,0,0,0,0,0,2,1,0,0
3,3,23,77,5,0,0,0,3,13,23,2,5,3,13,0,0,0,1,1,0,4,1,7,0,1,0,0,0,26,1,0,0
0,0,3,263,1,2,1,1,1,1,3,0,0,0,1,1,0,0,0,0,0,0,0,0,0,0,0,0,0,1,1,0,0
0,0,3,115,2,1,0,1,1,1,3,1,0,1,1,1,1,0,0,0,0,0,0,0,0,0,0,0,0,5,9,0,0
0,0,6,125,1,2,2,0,1,1,6,1,1,2,1,0,0,0,0,0,0,0,0,1,0,0,0,0,0,6,9,0,0
1,1,7,225,4,0,0,0,2,3,7,0,1,2,3,0,0,0,1,0,0,0,1,2,0,1,0,0,0,18,1,0,0
0,0,2,253,1,0,0,0,1,0,2,0,0,1,0,0,0,0,0,0,0,0,0,0,0,0,0,0,0,4,1,0,0
0,0,27,143,4,0,0,0,6,12,27,1,5,2,12,0,0,0,4,0,1,1,1,15,1,1,0,0,0,48,1,0,0
0,0,5,91,0,0,0,0,1,0,5,0,0,0,0,0,0,0,0,0,0,0,0,3,0,0,0,0,0,10,1,0,0
0,0,3,105,2,1,0,1,1,1,3,1,0,1,1,1,1,0,0,0,0,0,0,0,0,0,0,0,0,5,9,0,0
0,0,10,1079,2,5,2,3,4,6,10,1,1,0,6,3,1,0,2,0,0,0,0,1,0,1,0,0,0,13,2,0,0
0,0,6,1581,0,2,2,0,4,2,6,1,1,1,2,0,0,0,0,0,0,0,0,3,0,2,0,0,0,5,1,0,0
0,0,15,903,1,0,0,0,4,6,15,0,1,1,6,0,0,0,3,0,0,5,0,1,0,1,0,0,0,13,4,0,0
0,0,3,2211,1,0,0,0,1,0,3,0,0,1,0,0,0,0,0,0,0,0,0,1,0,0,0,0,0,4,1,0,0
0,0,3,1861,0,1,1,0,2,3,3,1,0,1,3,0,0,0,1,0,0,0,0,0,0,0,0,0,0,7,2,0,0
0,0,6,1273,2,3,0,3,1,5,6,0,0,1,5,3,5,0,0,0,0,0,0,0,0,0,0,0,0,12,1,0,0
0,0,87,629,11,9,0,9,32,44,87,1,5,1,44,9,6,0,10,1,6,1,2,10,0,5,0,0,0,53,4,0,0
0,0,18,1801,7,2,0,2,6,7,18,1,1,1,7,2,1,0,0,0,4,0,0,1,1,2,0,0,0,16,1,0,0
0,0,6,1395,2,2,1,1,1,6,6,0,1,1,6,1,1,0,0,0,0,0,0,1,0,0,0,0,0,11,1,0,0
0,0,3,2181,1,3,3,0,1,1,3,1,0,0,1,0,0,0,0,0,0,0,0,0,0,0,0,0,0,3,1,0,0
0,0,3,1727,2,1,0,1,1,1,3,0,0,1,1,0,0,0,0,0,0,0,0,0,0,0,0,0,0,6,1,0,0
0,0,3,2295,1,1,0,1,1,1,3,0,0,2,1,0,0,0,0,0,0,0,0,0,0,0,0,0,0,5,1,0,0
0,0,3,2319,1,1,0,1,1,1,3,0,0,2,1,0,0,0,0,0,0,0,0,0,0,0,0,0,0,5,1,0,0
0,0,3,2345,1,1,0,1,1,1,3,0,0,2,1,0,0,0,0,0,0,0,0,0,0,0,0,0,0,5,1,0,0
0,0,4,1439,2,2,1,1,2,2,4,0,1,1,2,1,2,0,0,0,0,0,0,1,0,0,0,0,0,9,1,0,0
0,0,3,973,2,1,0,1,1,1,3,0,0,1,1,0,0,0,0,0,0,0,0,0,0,0,0,0,0,6,1,0,0
0,0,14,1289,1,2,1,1,5,5,14,4,0,1,5,1,1,0,3,0,0,2,0,2,0,2,0,0,0,21,2,0,0
0,0,4,2359,2,1,0,1,1,2,4,0,0,2,2,0,0,0,0,0,0,0,0,0,0,0,0,0,0,8,1,0,0
0,0,5,1131,1,1,1,0,1,4,5,0,1,0,4,0,0,0,0,0,0,0,0,1,0,0,0,0,0,8,2,0,0
0,0,5,1535,3,3,2,1,1,3,5,0,1,0,3,1,1,0,0,0,0,0,0,1,0,0,0,0,0,7,1,0,0
0,0,89,1875,11,4,0,4,27,20,89,23,1,1,20,4,2,0,4,0,13,2,0,11,0,2,0,0,0,31,1,0,0
0,0,5,443,1,0,0,0,7,2,5,0,0,3,2,0,0,0,6,0,0,0,0,0,0,3,0,0,0,11,4,0,0
0,0,9,2233,0,2,2,0,2,2,9,2,0,0,2,0,0,0,0,0,0,0,0,0,0,1,0,0,0,18,2,0,0
0,0,3,1121,0,1,1,0,2,2,3,1,0,0,2,0,0,0,1,0,0,0,0,0,0,0,0,0,0,8,2,0,0
47,0,33,2439,1,1,1,0,6,11,33,1,8,1,11,0,0,1,2,1,1,3,5,13,1,3,0,0,0,26,0,0,0
0,0,7,1469,3,0,0,0,2,9,7,0,1,1,9,0,0,0,0,0,1,0,0,1,0,1,0,0,0,12,1,0,0
17,0,30,1145,2,8,2,6,15,16,47,4,2,1,16,6,3,0,0,1,0,1,1,5,0,2,0,0,0,29,2,0,0
0,0,5,1567,0,3,3,0,2,1,5,1,1,0,1,0,0,0,0,0,0,0,0,2,0,1,0,0,0,4,1,0,0
0,0,7,1375,3,2,0,2,1,7,7,0,1,1,7,2,1,0,0,0,0,0,0,1,0,0,0,0,0,11,1,0,0
0,0,13,1631,0,7,7,0,4,12,13,0,0,0,12,0,0,0,0,0,0,0,0,0,0,1,0,0,0,2,1,0,0
0,0,3,2171,1,4,4,0,1,2,3,1,0,1,2,0,0,0,0,0,0,0,0,0,0,0,0,0,0,4,2,0,0
0,0,14,953,5,4,4,0,1,10,14,0,2,1,10,0,0,0,0,0,2,2,0,2,2,0,1,0,0,36,1,0,0
0,0,3,431,4,0,0,0,1,0,3,1,0,2,0,0,0,0,0,0,0,0,0,0,0,0,0,0,0,5,1,0,0
0,0,7,1487,4,1,0,1,2,10,7,0,1,1,10,1,1,0,0,0,1,0,0,1,0,1,0,0,0,14,1,0,0
0,0,8,589,1,1,0,1,3,3,8,0,0,0,3,1,1,0,2,0,0,0,1,1,0,2,0,0,0,8,4,0,0
0,0,3,2201,1,0,0,0,1,0,3,1,0,0,0,0,0,0,0,0,0,0,0,0,0,0,0,0,0,4,1,0,0
6,0,5,2425,1,1,1,0,1,3,5,0,1,0,3,0,0,0,0,0,0,1,0,1,0,0,0,0,0,7,0,0,0
0,0,4,1523,2,2,2,0,1,2,4,0,1,0,2,0,0,0,0,0,0,0,0,1,0,0,0,0,0,4,1,0,0
0,0,3,413,0,1,1,0,1,1,3,0,0,0,1,0,0,0,0,0,0,0,0,0,0,0,0,0,0,3,2,0,0
0,0,7,1451,4,1,0,1,2,10,7,0,1,1,10,1,1,0,0,0,1,0,0,1,0,1,0,0,0,14,1,0,0
0,0,4,1673,0,4,4,0,1,2,4,0,0,0,2,0,0,0,0,0,0,0,0,0,0,0,0,0,0,3,1,0,0
22,0,16,2275,3,0,0,0,4,8,38,1,1,1,8,0,0,0,0,0,0,1,0,4,0,1,4,0,0,25,4,0,0
0,0,35,279,6,5,0,5,7,20,35,0,2,1,20,5,2,0,5,0,0,5,0,7,0,2,0,0,0,48,1,0,1
0,0,3,403,0,1,1,0,1,1,3,0,0,0,1,0,0,0,0,0,0,0,0,0,0,0,0,0,0,3,2,0,0
0,0,5,2143,1,2,0,2,3,5,5,0,0,0,5,2,1,0,0,0,0,0,0,0,0,1,0,0,0,10,1,0,0
0,0,7,1355,2,2,0,2,1,7,7,0,1,1,7,2,1,0,0,0,0,0,0,1,0,0,0,0,0,10,1,0,0
0,0,4,1549,2,2,2,0,1,2,4,0,1,0,2,0,0,0,0,0,0,0,0,1,0,0,0,0,0,5,1,0,0
19,0,14,2385,3,1,1,0,2,7,14,2,3,1,7,0,0,0,0,0,0,1,2,3,0,1,0,0,0,27,0,0,0
0,0,38,467,8,3,0,3,14,27,38,2,5,2,27,3,1,1,6,0,0,0,3,10,0,2,0,0,0,34,1,0,0
0,0,10,1413,3,3,2,1,2,10,10,0,1,2,10,1,1,0,0,0,0,0,0,1,0,1,0,0,0,10,1,0,0
0,0,36,1693,6,1,1,0,4,18,36,0,4,0,18,0,0,0,0,1,0,0,2,4,0,2,1,0,0,25,2,0,0
0,0,10,991,3,1,1,0,4,10,10,0,1,1,10,0,0,1,1,0,0,2,0,1,1,2,0,0,0,9,1,0,0
0,0,4,2221,0,0,0,0,1,4,4,0,0,0,4,0,0,0,0,0,0,0,0,0,0,0,0,0,0,5,1,0,0
0,0,11,1599,0,0,0,0,3,5,11,3,0,0,5,0,0,0,0,0,0,0,0,0,0,1,0,0,0,4,1,0,0
0,0,6,1505,1,0,0,0,1,7,6,0,1,1,7,0,0,0,0,0,0,0,0,1,0,0,0,0,0,7,1,0,0
0,0,5,1107,1,3,3,0,1,4,5,0,1,0,4,0,0,0,0,0,0,0,0,1,0,0,0,0,0,8,2,0,0
0,0,2,617,2,0,0,0,1,0,2,0,0,1,0,0,0,0,0,0,0,0,0,0,0,0,0,0,0,4,1,0,0
0,0,3,2191,1,0,0,0,1,0,3,1,0,0,0,0,0,0,0,0,0,0,0,0,0,0,0,0,0,3,1,0,0
0,0,7,1335,3,3,1,2,1,7,7,0,1,1,7,2,1,0,0,0,0,0,0,1,0,0,0,0,0,11,1,0,0
0,0,4,391,1,1,0,1,1,2,4,0,0,0,2,1,1,0,0,0,0,0,0,0,0,0,0,0,0,5,1,0,0
0,0,17,1023,5,4,0,4,4,20,17,1,3,1,20,4,2,0,1,0,1,0,0,4,0,1,0,0,0,31,1,0,0
43,0,30,17,2,0,0,0,6,9,30,1,8,2,9,0,0,1,2,1,1,2,5,13,1,3,0,0,0,23,9,0,0
0,0,3,157,1,0,0,0,1,2,3,0,0,1,2,0,0,0,0,0,0,0,0,0,0,0,0,0,0,6,1,0,0
0,0,17,177,7,0,0,0,6,14,17,0,2,2,14,0,0,0,2,0,1,2,0,2,1,1,0,0,0,20,1,0,0
1,1,9,143,5,0,0,0,1,3,9,1,0,2,3,0,0,0,0,0,0,2,0,1,0,0,1,0,0,16,1,0,0
0,0,9,119,2,0,0,0,1,0,9,0,0,7,0,0,0,0,0,0,0,0,0,7,0,0,0,0,0,14,1,0,0
0,0,3,227,2,0,0,0,1,1,3,0,0,1,1,0,0,0,0,0,0,0,0,0,0,0,0,0,0,4,1,0,0
0,0,30,37,2,0,0,0,6,9,30,1,8,2,9,0,0,1,2,1,1,2,5,13,1,3,0,0,0,23,9,0,0
0,0,30,36,2,0,0,0,6,9,30,1,8,2,9,0,0,1,2,1,1,2,5,13,1,3,0,0,0,23,9,0,0
11,0,9,31,3,0,0,0,1,5,9,1,1,4,5,0,0,0,0,0,0,1,0,1,0,0,0,0,0,9,8,0,0
1,1,9,31,3,0,0,0,1,5,9,1,1,4,5,0,0,0,0,0,0,1,0,1,0,0,0,0,0,9,9,0,0
33,47,34,28,3,1,1,0,5,8,20,2,4,2,8,0,0,0,3,0,0,2,0,6,1,3,0,0,0,18,40,0,0
33,47,17,25,1,1,0,1,1,1,3,1,0,1,1,1,1,0,0,0,0,0,0,0,0,0,0,0,0,3,8,0,0
1,6,10,115,2,1,1,0,1,0,5,0,0,3,0,0,0,0,0,0,0,0,0,3,0,0,0,0,0,5,0,0,0
23,55,49,89,8,2,1,1,1,11,17,0,5,3,11,0,0,0,0,0,1,4,3,9,0,0,0,0,0,21,9,0,0
24,28,16,63,2,1,0,1,2,6,12,1,0,1,6,1,1,0,0,1,0,0,0,0,0,1,0,0,0,15,4,0,0
0,0,40,835,6,1,0,1,6,20,40,0,4,3,20,1,1,0,3,0,1,1,0,4,1,2,2,0,0,30,1,0,0
0,0,3,1387,2,2,1,1,1,1,3,0,0,1,1,1,1,0,0,0,0,0,0,0,0,0,0,0,0,4,1,0,0
0,0,7,863,4,1,0,1,1,8,7,0,1,2,8,0,0,0,0,0,0,0,0,1,0,0,0,0,0,15,1,0,0
0,0,30,615,4,1,0,1,5,15,30,0,8,2,15,0,0,0,2,0,2,7,4,9,1,4,0,0,0,37,1,0,0
0,0,6,983,3,1,0,1,1,8,6,0,0,1,8,0,0,0,0,0,1,1,0,0,1,0,0,0,0,10,1,0,0
0,0,2,1005,1,0,0,0,1,0,2,0,0,1,0,0,0,0,0,0,0,0,0,0,0,0,0,0,0,4,1,0,0
0,0,6,593,5,1,0,1,1,4,6,0,1,2,4,0,0,0,0,0,0,0,0,1,0,0,0,0,0,10,1,0,0
0,0,3,519,2,3,0,3,1,1,3,0,0,1,1,0,0,0,0,0,0,0,0,0,0,0,0,0,0,5,1,0,0
0,0,3,481,2,3,0,3,1,1,3,0,0,1,1,0,0,0,0,0,0,0,0,0,0,0,0,0,0,5,1,0,0
0,0,5,707,4,2,1,1,1,3,5,0,1,0,3,1,1,0,0,0,0,0,0,1,0,0,0,0,0,6,1,0,0
0,0,4,721,0,3,3,0,1,5,4,1,1,0,5,0,0,0,0,0,0,0,0,1,0,0,0,0,0,5,2,0,0
0,0,13,1279,1,2,1,1,3,5,13,1,0,0,5,1,1,0,1,0,0,0,0,0,0,1,0,0,0,7,2,0,0
0,0,3,1451,2,2,1,1,1,1,3,0,0,1,1,1,1,0,0,0,0,0,0,0,0,0,0,0,0,4,1,0,0
0,0,4,251,1,0,0,0,1,3,4,0,0,1,3,0,0,0,0,0,0,0,0,1,0,0,0,0,0,10,1,0,0
0,0,6,1397,2,1,1,0,1,4,6,0,2,1,4,0,0,0,0,0,0,0,0,2,0,0,0,0,0,12,1,0,0
0,0,3,1243,2,1,0,1,1,2,3,0,0,1,2,1,1,0,0,0,0,0,0,0,0,0,0,0,0,3,1,0,0
0,0,2,209,0,1,1,0,1,0,2,0,0,0,0,0,0,0,0,0,0,0,0,0,0,0,0,0,0,2,1,0,0
0,0,3,823,0,0,0,0,1,1,3,0,0,0,1,0,0,0,0,0,0,0,0,0,0,0,0,0,0,1,1,0,0
0,0,3,1099,2,1,0,1,1,3,3,0,0,0,3,1,1,0,0,0,0,0,0,0,0,0,0,0,0,6,1,0,0
0,0,3,1091,1,1,0,1,1,3,3,0,0,0,3,1,1,0,0,0,0,0,0,0,0,0,0,0,0,5,1,0,0
0,0,3,813,0,0,0,0,1,1,3,0,0,0,1,0,0,0,0,0,0,0,0,0,0,0,0,0,0,1,1,0,0
0,0,16,739,7,0,0,0,5,28,16,0,5,0,28,0,0,2,2,0,2,0,0,5,0,4,0,0,0,27,1,0,0
0,0,5,1373,2,2,2,0,1,4,5,0,1,3,4,0,0,0,0,0,0,0,0,1,0,0,0,0,0,12,1,0,0
0,0,5,559,1,0,0,0,1,4,5,0,0,0,4,0,0,0,0,0,1,0,0,0,0,0,0,0,0,6,1,0,0
0,0,5,235,2,2,0,2,1,2,5,1,1,1,2,1,1,0,0,0,0,0,0,1,0,0,0,0,0,10,9,0,0
0,0,3,1039,0,0,0,0,1,2,3,0,0,0,2,0,0,0,0,0,0,0,0,0,0,0,0,0,0,3,1,0,0
0,0,7,1015,2,1,1,0,3,6,7,0,0,1,6,0,0,0,1,0,0,0,0,0,0,2,0,0,0,9,2,0,0
0,0,3,1427,2,2,1,1,1,1,3,0,0,1,1,1,1,0,0,0,0,0,0,0,0,0,0,0,0,4,1,0,0
0,0,3,1107,1,1,0,1,1,3,3,0,0,0,3,1,1,0,0,0,0,0,0,0,0,0,0,0,0,5,1,0,0
0,0,3,887,1,1,0,1,1,1,3,0,0,2,1,0,0,0,0,0,0,0,0,0,0,0,0,0,0,5,1,0,0
0,0,5,1437,2,2,2,0,1,4,5,0,1,3,4,0,0,0,0,0,0,0,0,1,0,0,0,0,0,12,1,0,0
0,0,77,265,16,1,0,1,9,28,77,1,8,3,28,1,2,0,2,0,2,0,2,16,0,1,4,0,0,67,1,0,0
0,0,6,1315,1,1,1,0,1,4,6,1,1,3,4,0,0,0,0,0,0,0,0,1,0,0,0,0,0,8,2,0,0
0,0,5,221,2,1,1,0,1,1,5,1,1,1,1,0,0,0,0,0,0,0,0,1,0,0,0,0,0,6,9,0,0
0,0,6,941,3,1,0,1,1,8,6,0,0,1,8,0,0,0,0,0,1,1,0,0,1,0,0,0,0,10,1,0,0
0,0,2,963,1,0,0,0,1,0,2,0,0,1,0,0,0,0,0,0,0,0,0,0,0,0,0,0,0,4,1,0,0
0,0,3,409,2,3,0,3,1,1,3,0,0,1,1,0,0,0,0,0,0,0,0,0,0,0,0,0,0,5,1,0,0
0,0,3,1253,1,0,0,0,1,0,3,1,0,0,0,0,0,0,0,0,0,0,0,0,0,0,0,0,0,4,1,0,0
0,0,5,1413,2,2,2,0,1,4,5,0,1,3,4,0,0,0,0,0,0,0,0,1,0,0,0,0,0,12,1,0,0
0,0,3,371,1,3,0,3,1,5,3,0,0,1,5,0,0,0,0,0,0,0,0,0,0,0,0,0,0,4,1,0,0
0,0,10,1049,3,0,0,0,2,7,10,0,3,0,7,0,0,0,1,0,0,0,0,3,0,1,0,0,0,12,1,0,0
0,0,5,1079,3,1,1,0,1,4,5,0,1,1,4,0,0,0,0,0,0,0,0,1,0,0,0,0,0,12,1,0,0
0,0,36,1125,7,1,1,0,8,13,36,0,1,4,13,0,0,0,0,0,3,0,1,7,7,2,0,0,0,10,9,0,0
36,2,15,579,2,1,1,0,1,7,49,0,2,0,7,0,0,0,0,0,0,0,0,2,0,0,2,0,0,45,1,0,0
0,0,7,539,1,0,0,0,2,6,7,0,0,0,6,0,0,0,1,0,1,1,0,0,0,1,0,0,0,17,1,0,0
0,0,14,1333,2,4,0,4,6,6,14,0,0,1,6,4,4,0,0,0,0,0,0,0,0,1,0,0,0,12,1,0,0
0,0,3,911,1,1,0,1,1,1,3,0,0,2,1,0,0,0,0,0,0,0,0,0,0,0,0,0,0,5,1,0,0
0,0,6,619,5,1,0,1,1,4,6,0,1,2,4,0,0,0,0,0,0,0,0,1,0,0,0,0,0,10,1,0,0
0,0,2,1029,1,0,0,0,1,0,2,0,0,1,0,0,0,0,0,0,0,0,0,0,0,0,0,0,0,4,1,0,0
0,0,6,1007,3,1,0,1,1,8,6,0,0,1,8,0,0,0,0,0,1,1,0,0,1,0,0,0,0,10,1,0,0
0,0,30,641,4,1,0,1,5,16,30,0,8,2,16,0,0,0,2,0,2,5,4,9,0,4,0,0,0,32,1,0,0
0,0,7,887,4,1,0,1,1,8,7,0,1,2,8,0,0,0,0,0,0,0,0,1,0,0,0,0,0,15,1,0,0
0,0,3,1063,0,0,0,0,1,2,3,0,0,0,2,0,0,0,0,0,0,0,0,0,0,0,0,0,0,3,1,0,0
0,0,10,1073,3,0,0,0,2,7,10,0,3,0,7,0,0,0,1,0,0,0,0,3,0,1,0,0,0,12,1,0,0
0,0,4,253,1,0,0,0,1,3,4,0,0,1,3,0,0,0,0,0,0,0,0,1,0,0,0,0,0,10,1,0,0
0,0,3,1115,1,1,0,1,1,3,3,0,0,0,3,1,1,0,0,0,0,0,0,0,0,0,0,0,0,5,1,0,0
0,0,3,1131,1,1,0,1,1,3,3,0,0,0,3,1,1,0,0,0,0,0,0,0,0,0,0,0,0,5,1,0,0
0,0,3,837,0,0,0,0,1,1,3,0,0,0,1,0,0,0,0,0,0,0,0,0,0,0,0,0,0,1,1,0,0
0,0,5,1461,2,2,2,0,1,4,5,0,1,3,4,0,0,0,0,0,0,0,0,1,0,0,0,0,0,12,1,0,0
0,0,14,1357,2,4,0,4,6,6,14,0,0,1,6,4,4,0,0,0,0,0,0,0,0,1,0,0,0,12,1,0,0
0,0,5,561,1,0,0,0,1,4,5,0,0,0,4,0,0,0,0,0,1,0,0,0,0,0,0,0,0,6,1,0,0
0,0,36,1149,7,1,1,0,8,13,36,0,1,4,13,0,0,0,0,0,3,0,1,7,7,2,0,0,0,10,9,0,0
0,0,5,237,2,2,0,2,1,2,5,1,1,1,2,1,1,0,0,0,0,0,0,1,0,0,0,0,0,10,9,0,0
0,0,13,1303,1,2,1,1,3,5,13,1,0,0,5,1,1,0,1,0,0,0,0,0,0,1,0,0,0,7,2,0,0
0,0,6,965,3,1,0,1,1,8,6,0,0,1,8,0,0,0,0,0,1,1,0,0,1,0,0,0,0,10,1,0,0
0,0,6,1339,1,1,1,0,1,4,6,1,1,3,4,0,0,0,0,0,0,0,0,1,0,0,0,0,0,8,2,0,0
0,0,5,1103,3,1,1,0,1,4,5,0,1,1,4,0,0,0,0,0,0,0,0,1,0,0,0,0,0,12,1,0,0
0,0,77,267,16,1,0,1,9,28,77,1,8,3,28,1,2,0,2,0,2,0,2,16,0,1,4,0,0,67,1,0,0
0,0,5,223,2,1,1,0,1,1,5,1,1,1,1,0,0,0,0,0,0,0,0,1,0,0,0,0,0,6,9,0,0
0,0,6,1421,2,1,1,0,1,4,6,0,2,1,4,0,0,0,0,0,0,0,0,2,0,0,0,0,0,12,1,0,0
0,0,5,1437,2,2,2,0,1,4,5,0,1,3,4,0,0,0,0,0,0,0,0,1,0,0,0,0,0,12,1,0,0
0,0,3,521,2,3,0,3,1,1,3,0,0,1,1,0,0,0,0,0,0,0,0,0,0,0,0,0,0,5,1,0,0
0,0,3,847,0,0,0,0,1,1,3,0,0,0,1,0,0,0,0,0,0,0,0,0,0,0,0,0,0,1,1,0,0
0,0,3,1277,1,0,0,0,1,0,3,1,0,0,0,0,0,0,0,0,0,0,0,0,0,0,0,0,0,4,1,0,0
0,0,40,859,6,1,0,1,6,20,40,0,4,3,20,1,1,0,3,0,1,1,0,4,1,2,2,0,0,30,1,0,0
0,0,3,1475,2,2,1,1,1,1,3,0,0,1,1,1,1,0,0,0,0,0,0,0,0,0,0,0,0,4,1,0,0
0,0,7,541,1,0,0,0,2,6,7,0,0,0,6,0,0,0,1,0,1,1,0,0,0,1,0,0,0,17,1,0,0
54,43,46,581,7,2,1,1,2,10,57,0,4,0,10,1,1,0,0,0,1,0,0,4,0,1,2,0,0,45,1,0,0
0,0,3,483,2,3,0,3,1,1,3,0,0,1,1,0,0,0,0,0,0,0,0,0,0,0,0,0,0,5,1,0,0
0,0,7,1039,2,1,1,0,3,6,7,0,0,1,6,0,0,0,1,0,0,0,0,0,0,2,0,0,0,9,2,0,0
0,0,5,731,4,2,1,1,1,3,5,0,1,0,3,1,1,0,0,0,0,0,0,1,0,0,0,0,0,6,1,0,0
0,0,3,1411,2,2,1,1,1,1,3,0,0,1,1,1,1,0,0,0,0,0,0,0,0,0,0,0,0,4,1,0,0
0,0,2,211,0,1,1,0,1,0,2,0,0,0,0,0,0,0,0,0,0,0,0,0,0,0,0,0,0,2,1,0,0
0,0,3,1451,2,2,1,1,1,1,3,0,0,1,1,1,1,0,0,0,0,0,0,0,0,0,0,0,0,4,1,0,0
0,0,3,1267,2,1,0,1,1,2,3,0,0,1,2,1,1,0,0,0,0,0,0,0,0,0,0,0,0,3,1,0,0
0,0,3,1123,2,1,0,1,1,3,3,0,0,0,3,1,1,0,0,0,0,0,0,0,0,0,0,0,0,6,1,0,0
0,0,16,763,7,0,0,0,5,28,16,0,5,0,28,0,0,2,2,0,2,0,0,5,0,4,0,0,0,27,1,0,0
0,0,5,1397,2,2,2,0,1,4,5,0,1,3,4,0,0,0,0,0,0,0,0,1,0,0,0,0,0,12,1,0,0
0,0,3,411,2,3,0,3,1,1,3,0,0,1,1,0,0,0,0,0,0,0,0,0,0,0,0,0,0,5,1,0,0
0,0,3,373,1,3,0,3,1,5,3,0,0,1,5,0,0,0,0,0,0,0,0,0,0,0,0,0,0,4,1,0,0
0,0,2,987,1,0,0,0,1,0,2,0,0,1,0,0,0,0,0,0,0,0,0,0,0,0,0,0,0,4,1,0,0
0,0,4,745,0,4,4,0,1,5,4,1,1,0,5,0,0,0,0,0,0,0,0,1,0,0,0,0,0,5,2,0,0
0,0,4,217,0,0,0,0,2,2,4,0,0,0,2,0,0,0,1,0,0,0,0,0,0,1,0,0,0,6,1,0,0
0,0,2,141,1,0,0,0,1,0,2,0,0,1,0,0,0,0,0,0,0,0,0,0,0,0,0,0,0,4,1,0,0
0,0,5,177,2,0,0,0,1,5,5,0,0,1,5,0,0,0,0,0,1,0,0,0,0,0,0,0,0,8,1,0,0
0,0,2,85,0,1,1,0,1,0,2,0,0,0,0,0,0,0,0,0,0,0,0,0,0,0,0,0,0,3,1,0,0
0,0,3,195,0,0,0,0,1,2,3,0,0,1,2,0,0,0,0,0,0,0,0,0,0,0,0,0,0,8,1,0,0
0,0,5,93,2,1,0,1,1,2,5,1,1,1,2,0,0,0,0,0,0,0,0,1,0,0,0,0,0,10,9,0,0
0,0,4,109,1,0,0,0,1,3,4,0,0,1,3,0,0,0,0,0,0,0,0,1,0,0,0,0,0,10,1,0,0
0,0,4,231,1,0,0,0,2,2,4,0,0,1,2,0,0,0,1,0,0,0,0,0,0,1,0,0,0,8,1,0,0
7,0,11,123,5,0,0,0,1,3,18,1,1,3,3,0,0,0,0,0,0,0,0,3,0,0,1,0,0,26,1,0,0
10,11,10,61,3,0,0,0,1,6,9,1,1,4,6,0,0,0,0,0,0,1,0,1,0,0,0,0,0,10,9,0,0
10,10,8,83,3,0,0,0,1,7,8,1,1,4,7,0,0,0,0,0,0,1,0,1,0,0,0,0,0,9,9,0,0
0,0,14,115,1,0,0,0,4,7,14,1,3,1,7,0,0,0,2,1,0,1,1,3,0,2,0,0,0,27,9,0,0
1,1,14,75,2,0,0,0,4,7,14,1,3,1,7,0,0,0,2,1,0,1,1,3,0,2,0,0,0,24,9,0,0
28,0,21,223,5,1,1,0,3,15,21,1,2,3,15,0,0,0,0,0,0,4,3,4,0,1,0,0,0,9,10,0,0
28,24,8,163,2,1,0,1,2,6,12,1,0,1,6,1,1,0,0,1,0,0,0,0,0,1,0,0,0,15,4,0,0
48,33,11,71,5,2,1,1,6,10,26,2,5,2,10,1,1,0,3,0,0,3,0,8,2,3,0,0,0,20,40,0,0
48,33,3,61,1,1,0,1,1,1,3,1,0,1,1,1,2,0,0,0,0,0,0,0,0,0,0,0,0,3,8,0,0
48,23,10,283,10,2,1,1,3,26,35,0,7,3,26,0,0,0,0,0,1,8,7,9,1,1,0,0,0,25,9,0,0
6,1,0,385,2,1,1,0,1,0,5,0,0,3,0,0,0,0,0,0,0,0,0,3,0,0,0,0,0,5,0,0,0
15,0,10,143,6,2,2,0,1,6,10,0,4,2,6,0,0,0,0,0,0,2,2,4,0,0,0,0,0,13,9,0,0
34,0,21,71,5,1,0,1,1,3,21,0,2,3,3,0,0,0,0,0,0,0,0,2,0,0,1,0,0,18,1,0,0
10,0,7,45,5,1,0,1,1,4,7,0,3,1,4,1,1,0,0,0,0,0,0,3,0,0,0,0,0,14,8,0,0
0,0,13,87,0,2,0,2,2,2,13,0,2,0,2,0,0,1,0,0,0,0,1,2,0,1,1,0,0,7,1,0,0
0,0,4,105,1,2,0,2,1,2,4,0,0,0,2,0,0,0,0,0,0,0,0,0,0,0,0,0,0,3,1,0,0
0,0,11,157,2,0,0,0,2,10,11,0,1,1,10,0,0,0,0,0,0,0,1,1,0,1,0,0,0,14,1,0,0
0,0,2,97,0,1,1,0,1,0,2,0,0,0,0,0,0,0,0,0,0,0,0,0,0,0,0,0,0,2,1,0,0
0,0,4,203,0,0,0,0,1,1,4,0,0,1,1,0,0,0,0,0,0,0,0,0,0,0,0,0,0,5,1,0,0
0,0,5,257,1,0,0,0,1,4,5,0,0,1,4,0,0,0,0,0,0,0,0,1,0,0,0,0,0,13,1,0,0
0,0,4,273,0,0,0,0,1,3,4,0,0,0,3,0,0,0,0,0,0,0,0,0,0,0,0,0,0,4,1,0,0
0,0,21,133,7,0,0,0,1,4,21,1,1,3,4,0,0,0,0,0,0,0,0,3,0,0,1,0,0,27,1,0,0
0,0,6,237,0,0,0,0,1,7,6,0,0,1,7,0,0,0,0,0,0,0,0,0,0,0,0,0,0,12,1,0,0
0,0,11,105,4,1,0,1,1,6,11,1,3,1,6,0,0,0,0,0,0,0,1,3,0,0,0,0,0,15,9,0,0
0,0,7,217,1,0,0,0,1,5,7,0,0,1,5,0,0,0,0,0,0,1,0,0,0,0,0,0,0,9,1,0,0
0,0,8,173,1,0,0,0,3,6,8,0,2,1,6,0,0,0,1,0,1,0,0,2,0,1,0,0,0,10,1,0,0
0,0,2,149,2,0,0,0,1,0,2,0,0,1,0,0,0,0,0,0,0,0,0,0,0,0,0,0,0,4,1,0,0
0,0,5,127,2,0,0,0,3,5,5,0,0,2,5,0,0,0,1,0,0,0,0,0,0,2,0,0,0,6,1,0,0
0,0,6,103,5,0,0,0,3,1,6,2,1,2,1,0,0,0,1,0,0,0,0,2,0,1,0,0,0,18,1,0,0
0,0,6,85,3,0,0,0,1,0,6,0,0,3,0,0,0,0,0,0,0,0,0,3,0,0,0,0,0,10,1,0,0
1,1,3,159,1,0,0,0,1,0,3,0,0,1,0,0,0,0,0,0,0,0,0,1,0,0,0,0,0,5,1,0,0
0,0,12,339,1,1,1,0,4,3,12,0,2,1,3,0,0,1,0,0,0,1,0,5,1,2,0,0,0,19,2,0,0
0,0,5,163,2,0,0,0,1,0,5,0,0,3,0,0,0,0,0,0,0,0,0,2,0,0,0,0,0,6,1,0,0
0,0,3,437,1,0,0,0,1,0,3,1,0,0,0,0,0,0,0,0,0,0,0,0,0,0,0,0,0,3,1,0,0
0,0,14,297,1,1,1,0,5,7,14,0,1,1,7,0,0,0,2,0,0,1,0,4,1,2,0,0,0,18,2,0,0
5,1,24,179,4,4,0,4,6,16,28,1,4,0,16,4,1,0,1,2,0,1,1,8,0,3,0,0,0,24,1,0,0
0,0,3,417,1,0,0,0,1,0,3,1,0,0,0,0,0,0,0,0,0,0,0,0,0,0,0,0,0,4,1,0,0
0,0,14,371,1,1,1,0,4,1,14,1,2,1,1,0,0,1,1,1,0,2,0,3,0,2,0,0,0,19,2,0,0
0,0,3,427,1,0,0,0,1,0,3,1,0,0,0,0,0,0,0,0,0,0,0,0,0,0,0,0,0,4,1,0,0
0,0,7,279,3,1,1,0,3,5,7,1,1,1,5,0,0,0,1,0,0,3,0,2,1,1,0,0,0,19,2,0,0
0,0,5,149,2,0,0,0,1,0,5,0,0,3,0,0,0,0,0,0,0,0,0,2,0,0,0,0,0,6,1,0,0
8,6,26,183,4,4,0,4,6,16,28,1,4,0,16,4,1,0,1,2,0,1,1,8,0,3,0,0,0,24,1,0,0
2,2,5,167,2,0,0,0,1,0,5,0,0,3,0,0,0,0,0,0,0,0,0,2,0,0,0,0,0,6,1,0,0
30,3,3,357,2,1,1,0,9,11,30,0,4,1,11,0,0,2,1,0,0,1,4,11,1,3,0,0,0,32,2,0,0
2,2,5,153,2,0,0,0,1,0,5,0,0,3,0,0,0,0,0,0,0,0,0,2,0,0,0,0,0,6,1,0,0
0,0,14,443,1,1,1,0,4,1,14,1,2,1,1,0,0,1,1,1,0,2,0,3,0,2,0,0,0,19,2,0,0
0,0,7,287,3,1,1,0,3,5,7,1,1,1,5,0,0,0,1,0,0,3,0,2,1,1,0,0,0,19,2,0,0
0,0,3,499,1,0,0,0,1,0,3,1,0,0,0,0,0,0,0,0,0,0,0,0,0,0,0,0,0,4,1,0,0
10,11,15,309,2,1,1,0,3,10,14,0,2,1,10,0,0,0,1,0,0,1,0,4,1,1,0,0,0,21,2,0,0
0,0,3,489,1,0,0,0,1,0,3,1,0,0,0,0,0,0,0,0,0,0,0,0,0,0,0,0,0,4,1,0,0
0,0,3,509,1,0,0,0,1,0,3,1,0,0,0,0,0,0,0,0,0,0,0,0,0,0,0,0,0,3,1,0,0
0,0,5,123,0,0,0,0,1,4,5,0,0,0,4,0,0,0,0,0,0,0,0,0,0,0,0,0,0,4,1,0,0
1,2,15,139,5,0,0,0,3,8,14,0,4,4,8,0,0,0,2,0,0,0,0,5,0,1,0,0,0,19,1,0,0
0,0,7,89,2,1,0,1,1,2,7,1,2,0,2,0,0,0,0,0,0,0,0,2,0,0,0,0,0,7,9,0,0
0,0,4,109,1,0,0,0,1,3,4,0,0,1,3,0,0,0,0,0,0,0,0,1,0,0,0,0,0,10,1,0,0
0,0,3,79,0,1,1,0,1,0,3,0,0,0,0,0,0,0,0,0,0,0,0,0,0,0,0,0,0,2,1,0,0
11,0,9,131,3,0,0,0,2,5,9,0,1,2,5,0,0,0,1,0,0,0,0,1,0,1,0,0,0,9,9,0,0
4,4,13,155,4,0,0,0,2,6,13,2,3,2,6,0,0,0,0,0,0,1,2,3,0,1,0,0,0,15,9,0,0
8,2,3,121,2,1,0,1,1,1,3,0,0,3,1,1,1,0,0,0,0,0,0,0,0,0,0,0,0,4,9,0,0
8,2,5,91,3,1,1,0,4,5,11,0,1,4,5,0,0,0,2,0,0,0,1,1,0,1,0,0,0,17,9,0,1
0,0,5,193,2,0,0,0,1,3,5,0,1,1,3,0,0,0,0,0,0,1,0,1,0,0,0,0,0,7,9,0,0
0,0,3,221,1,0,0,0,1,2,3,0,0,1,2,0,0,0,0,0,0,0,0,0,0,0,0,0,0,6,1,0,0
0,0,27,409,0,1,1,0,5,4,27,1,1,0,4,0,0,0,0,1,0,2,5,7,0,2,0,0,0,14,2,0,0
0,0,5,167,3,0,0,0,1,0,5,0,0,3,0,0,0,0,0,0,0,0,0,3,0,0,0,0,0,11,1,0,1
0,0,8,141,2,0,0,0,1,0,8,0,0,6,0,0,0,0,0,0,0,0,0,6,0,0,0,0,0,14,1,0,1
0,0,3,399,2,0,0,0,1,1,3,0,0,1,1,0,0,0,0,0,0,0,0,0,0,0,0,0,0,4,1,0,0
1,3,51,241,10,1,0,1,13,30,49,0,9,2,30,1,1,0,6,0,6,1,1,15,1,3,0,0,0,35,1,0,0
0,0,17,183,5,0,0,0,3,6,17,3,0,2,6,0,0,0,2,0,0,0,0,1,0,2,1,0,0,26,1,0,0
8,0,2,153,1,0,0,0,1,10,10,0,0,0,10,0,0,0,0,0,1,0,0,2,0,0,0,0,0,10,1,0,0
4,0,3,185,4,0,0,0,1,1,3,1,0,2,1,0,0,0,0,0,0,0,0,0,0,0,0,0,0,7,1,0,0
30,0,21,335,9,2,0,2,5,21,21,0,5,4,21,2,1,0,1,0,1,0,0,5,0,2,0,0,0,26,1,0,0
20,0,9,275,0,1,1,0,3,9,9,0,0,0,9,0,0,0,0,0,0,0,0,0,0,1,0,0,0,4,1,0,0
33,0,22,197,4,0,0,0,4,12,22,0,4,2,12,0,0,1,2,0,0,1,2,7,0,2,0,0,0,14,1,0,0
3,0,2,399,1,0,0,0,1,0,2,0,0,1,0,0,0,0,0,0,0,0,0,0,0,0,0,0,0,4,1,0,0
3,0,2,267,2,0,0,0,1,0,2,0,0,1,0,0,0,0,0,0,0,0,0,0,0,0,0,0,0,4,1,0,0
3,1,5,121,4,0,0,0,2,1,7,2,0,3,1,0,0,0,1,0,0,0,0,1,0,1,0,0,0,11,1,0,0
6,0,4,319,2,2,1,1,1,3,4,0,1,0,3,0,0,0,0,0,0,0,0,1,0,0,0,0,0,7,1,0,0
0,0,4,139,1,0,0,0,1,2,4,0,0,1,2,0,0,0,0,0,0,0,0,0,0,0,0,0,0,10,1,0,0
3,3,34,127,9,0,0,0,2,12,34,1,4,3,12,0,0,0,1,0,0,1,0,4,0,1,2,0,0,34,1,0,0
21,6,24,271,3,2,1,1,9,9,39,4,4,0,9,1,1,0,4,1,0,5,2,18,3,1,0,0,0,36,2,0,0
0,0,6,107,0,0,0,0,2,3,6,0,0,0,3,0,0,0,1,0,0,0,0,0,0,1,0,0,0,5,1,0,0
0,0,3,95,0,0,0,0,1,1,3,0,0,0,1,0,0,0,0,0,0,0,0,0,0,0,0,0,0,5,1,0,0
0,0,8,403,1,1,1,0,2,3,8,2,0,1,3,0,0,0,1,0,0,0,0,0,0,1,0,0,0,10,2,0,0
0,0,3,165,2,1,0,1,1,1,3,0,0,1,1,0,0,0,0,0,0,0,0,0,0,0,0,0,0,6,1,0,0
0,0,8,189,1,0,0,0,7,5,8,0,0,2,5,0,0,0,4,0,2,4,0,0,0,1,0,0,0,9,1,0,0
0,0,4,389,0,0,0,0,1,3,4,0,0,0,3,0,0,0,0,0,0,0,0,0,0,0,0,0,0,4,1,0,0
9,7,6,245,4,2,1,1,2,6,8,0,2,1,6,1,2,0,0,0,0,0,0,2,0,1,0,0,0,16,2,0,0
0,0,4,35,0,0,0,0,1,1,4,0,0,0,1,0,0,0,0,0,0,0,0,0,0,0,0,0,0,7,8,0,0
12,11,21,47,0,0,0,0,8,9,22,4,2,1,9,0,0,1,0,0,0,2,1,5,1,3,0,0,0,8,9,0,0
4,0,0,123,0,0,0,0,1,4,4,0,0,0,4,0,0,0,0,0,0,0,0,0,0,0,0,0,0,5,1,0,0
2,0,5,101,1,0,0,0,1,7,7,0,0,0,7,0,0,0,0,0,1,0,0,0,0,0,0,0,0,6,1,0,0
0,0,6,73,4,0,0,0,2,1,6,2,0,3,1,0,0,0,1,0,0,0,0,0,0,1,0,0,0,10,1,0,0
0,0,4,87,1,0,0,0,1,2,4,0,0,1,2,0,0,0,0,0,0,0,0,0,0,0,0,0,0,10,1,0,0
0,0,7,157,2,1,0,1,2,1,7,1,1,1,1,1,2,0,0,0,0,0,0,2,0,1,0,0,0,6,9,0,0
0,0,3,211,1,1,1,0,1,0,3,1,0,1,0,0,0,0,0,0,0,0,0,0,0,0,0,0,0,6,9,0,0
0,0,3,91,2,1,0,1,1,2,3,0,0,1,2,1,4,0,0,0,0,0,0,0,0,0,0,0,0,7,9,0,0
0,0,3,287,1,0,0,0,1,1,3,0,0,1,1,0,0,0,0,0,0,0,0,0,0,0,0,0,0,3,9,0,0
0,0,3,297,1,0,0,0,1,1,3,0,0,1,1,0,0,0,0,0,0,0,0,0,0,0,0,0,0,3,9,0,0
0,0,4,269,3,3,0,3,2,3,4,2,0,1,3,3,2,0,0,0,0,0,0,0,0,1,0,0,0,9,9,0,0
0,0,4,79,2,1,0,1,1,3,4,0,0,2,3,1,4,0,0,0,0,0,0,0,0,0,0,0,0,8,9,0,0
0,0,5,131,2,0,0,0,2,3,5,0,0,2,3,0,0,0,1,0,1,0,0,0,0,1,0,0,0,8,9,0,0
0,0,3,193,2,6,5,1,2,1,3,1,0,1,1,1,1,0,1,0,0,0,0,0,0,0,0,0,0,7,9,0,0
0,0,3,221,1,2,2,0,1,0,3,1,0,1,0,0,0,0,0,0,0,0,0,0,0,0,0,0,0,6,9,0,0
0,0,3,147,1,0,0,0,1,2,3,0,0,1,2,0,0,0,0,0,0,0,0,0,0,0,0,0,0,6,9,0,0
0,0,3,249,2,3,3,0,1,1,3,1,0,1,1,0,0,0,0,0,0,0,0,0,0,0,0,0,0,6,9,0,0
0,0,4,231,2,3,0,3,2,3,4,2,0,1,3,3,2,0,0,0,0,0,0,0,0,1,0,0,0,10,9,0,0
0,0,3,101,3,4,3,1,1,2,3,1,0,1,2,1,3,0,0,0,0,0,0,0,0,0,0,0,0,8,9,0,0
0,0,13,313,3,4,0,4,11,9,13,0,1,2,9,4,2,0,4,0,4,0,0,1,0,2,0,0,0,14,9,0,0
0,0,3,259,2,3,3,0,1,1,3,1,0,1,1,0,0,0,0,0,0,0,0,0,0,0,0,0,0,6,9,0,0
0,0,4,67,2,1,0,1,1,3,4,0,0,2,3,1,4,0,0,0,0,0,0,0,0,0,0,0,0,8,9,0,0
0,0,7,111,2,2,1,1,2,1,7,1,1,1,1,1,2,0,0,0,0,0,0,2,0,1,0,0,0,7,9,0,0
0,0,3,183,2,1,0,1,2,1,3,1,0,1,1,1,1,0,1,0,0,0,0,0,0,0,0,0,0,7,9,0,0
0,0,4,139,1,0,0,0,1,2,4,0,0,1,2,0,0,0,0,0,0,0,0,0,0,0,0,0,0,10,1,0,0
12,2,18,197,4,0,0,0,5,15,28,0,5,2,15,0,0,1,2,0,0,0,3,8,0,2,0,0,0,16,1,0,0
0,0,10,153,1,0,0,0,1,10,10,0,0,0,10,0,0,0,0,0,1,0,0,2,0,0,0,0,0,10,1,0,0
0,0,4,339,2,2,1,1,1,3,4,0,1,0,3,0,0,0,0,0,0,0,0,1,0,0,0,0,0,7,1,0,0
0,0,3,185,4,0,0,0,1,1,3,1,0,2,1,0,0,0,0,0,0,0,0,0,0,0,0,0,0,7,1,0,0
0,0,21,355,9,2,0,2,5,21,21,0,5,4,21,2,1,0,1,0,1,0,0,5,0,2,0,0,0,26,1,0,0
0,0,7,121,4,0,0,0,2,1,7,2,0,3,1,0,0,0,1,0,0,0,0,1,0,1,0,0,0,11,1,0,0
0,0,9,295,0,1,1,0,3,9,9,0,0,0,9,0,0,0,0,0,0,0,0,0,0,1,0,0,0,4,1,0,0
0,0,2,419,1,0,0,0,1,0,2,0,0,1,0,0,0,0,0,0,0,0,0,0,0,0,0,0,0,4,1,0,0
0,0,2,287,2,0,0,0,1,0,2,0,0,1,0,0,0,0,0,0,0,0,0,0,0,0,0,0,0,4,1,0,0
0,0,28,197,4,0,0,0,5,15,28,0,5,2,15,0,0,1,2,0,0,0,3,8,0,2,0,0,0,16,1,0,0
1,1,21,356,9,2,0,2,5,21,21,0,5,4,21,2,1,0,1,0,1,0,0,5,0,2,0,0,0,26,1,0,0
0,0,9,295,0,1,1,0,3,9,9,0,0,0,9,0,0,0,0,0,0,0,0,0,0,1,0,0,0,4,1,0,0
0,0,4,139,1,0,0,0,1,2,4,0,0,1,2,0,0,0,0,0,0,0,0,0,0,0,0,0,0,10,1,0,0
0,0,2,287,2,0,0,0,1,0,2,0,0,1,0,0,0,0,0,0,0,0,0,0,0,0,0,0,0,4,1,0,0
0,0,2,420,1,0,0,0,1,0,2,0,0,1,0,0,0,0,0,0,0,0,0,0,0,0,0,0,0,4,1,0,0
0,0,3,185,4,0,0,0,1,1,3,1,0,2,1,0,0,0,0,0,0,0,0,0,0,0,0,0,0,7,1,0,0
0,0,10,153,1,0,0,0,1,10,10,0,0,0,10,0,0,0,0,0,1,0,0,2,0,0,0,0,0,10,1,0,0
0,0,7,121,4,0,0,0,2,1,7,2,0,3,1,0,0,0,1,0,0,0,0,1,0,1,0,0,0,11,1,0,0
0,0,4,340,2,2,1,1,1,3,4,0,1,0,3,0,0,0,0,0,0,0,0,1,0,0,0,0,0,7,1,0,0
0,0,9,119,2,0,0,0,1,0,9,0,0,7,0,0,0,0,0,0,0,0,0,7,0,0,0,0,0,14,1,0,0
0,0,3,245,2,0,0,0,1,1,3,0,0,1,1,0,0,0,0,0,0,0,0,0,0,0,0,0,0,4,1,0,0
0,0,9,143,5,0,0,0,1,3,9,1,0,2,3,0,0,0,0,0,0,2,0,1,0,0,1,0,0,16,1,0,0
14,6,13,177,7,0,0,0,7,15,21,0,2,2,15,0,0,0,3,0,1,3,1,2,1,2,0,0,0,21,1,0,0
0,0,3,157,1,0,0,0,1,2,3,0,0,1,2,0,0,0,0,0,0,0,0,0,0,0,0,0,0,6,1,0,0
19,0,15,51,4,0,0,0,4,6,15,1,3,3,6,0,0,0,3,0,0,0,0,5,0,2,0,0,0,17,1,0,0
16,0,13,93,4,0,0,0,3,6,13,1,2,3,6,0,0,0,2,0,2,2,0,4,0,1,0,0,0,15,1,0,0
5,0,3,37,1,0,0,0,1,0,3,0,0,3,0,0,0,0,0,0,0,0,0,0,0,0,0,0,0,4,1,0,0
0,0,3,75,3,0,0,0,1,2,3,1,0,1,2,0,0,0,0,0,1,0,0,0,0,0,0,0,0,6,9,0,0
1,0,2,59,3,1,1,0,1,2,3,1,0,1,2,0,0,0,0,0,1,0,0,0,0,0,0,0,0,6,9,0,0
0,0,3,83,3,0,0,0,1,2,3,0,0,2,2,0,0,0,0,0,1,0,0,0,0,0,0,0,0,6,9,0,0
0,0,7,91,5,2,1,1,2,3,7,1,1,1,3,1,2,0,1,0,1,0,0,2,0,1,0,0,0,13,9,0,0
1,1,9,107,4,3,1,2,2,4,9,2,0,1,4,2,1,0,1,0,1,0,0,0,0,1,0,0,0,12,10,0,0
0,0,3,67,3,0,0,0,1,2,3,0,0,2,2,0,0,0,0,0,1,0,0,0,0,0,0,0,0,5,9,0,0
0,0,3,787,0,0,0,0,1,1,3,0,0,0,1,0,0,0,0,0,0,0,0,0,0,0,0,0,0,1,1,0,0
0,0,14,1335,2,4,0,4,6,6,14,0,0,1,6,4,4,0,0,0,0,0,0,0,0,1,0,0,0,12,1,0,0
0,0,5,1415,2,2,2,0,1,4,5,0,1,3,4,0,0,0,0,0,0,0,0,1,0,0,0,0,0,12,1,0,0
0,0,57,531,7,2,1,1,2,10,57,0,4,0,10,1,1,0,0,0,1,0,0,4,0,1,2,0,0,45,1,0,0
0,0,3,397,2,3,0,3,1,1,3,0,0,1,1,0,0,0,0,0,0,0,0,0,0,0,0,0,0,5,1,0,0
0,0,2,937,1,0,0,0,1,0,2,0,0,1,0,0,0,0,0,0,0,0,0,0,0,0,0,0,0,4,1,0,0
0,0,3,1255,1,0,0,0,1,0,3,1,0,0,0,0,0,0,0,0,0,0,0,0,0,0,0,0,0,4,1,0,0
0,0,5,1375,2,2,2,0,1,4,5,0,1,3,4,0,0,0,0,0,0,0,0,1,0,0,0,0,0,12,1,0,0
0,0,3,1093,1,1,0,1,1,3,3,0,0,0,3,1,1,0,0,0,0,0,0,0,0,0,0,0,0,5,1,0,0
0,0,5,1081,3,1,1,0,1,4,5,0,1,1,4,0,0,0,0,0,0,0,0,1,0,0,0,0,0,11,1,0,0
0,0,5,1439,2,2,2,0,1,4,5,0,1,3,4,0,0,0,0,0,0,0,0,1,0,0,0,0,0,12,1,0,0
0,0,3,1041,0,0,0,0,1,2,3,0,0,0,2,0,0,0,0,0,0,0,0,0,0,0,0,0,0,3,1,0,0
0,0,36,1127,7,1,1,0,8,13,36,0,1,4,13,0,0,0,0,0,3,0,1,7,7,2,0,0,0,10,9,0,0
0,0,5,223,2,2,0,2,1,2,5,1,1,1,2,1,1,0,0,0,0,0,0,1,0,0,0,0,0,10,9,0,0
0,0,3,1109,1,1,0,1,1,3,3,0,0,0,3,1,1,0,0,0,0,0,0,0,0,0,0,0,0,5,1,0,0
0,0,10,1051,3,0,0,0,2,7,10,0,3,0,7,0,0,0,1,0,0,0,0,3,0,1,0,0,0,12,1,0,0
0,0,5,511,1,0,0,0,1,4,5,0,0,0,4,0,0,0,0,0,1,0,0,0,0,0,0,0,0,6,1,0,0
0,0,40,809,6,1,0,1,6,20,40,0,4,3,20,1,1,0,3,0,1,1,0,4,1,2,2,0,0,30,1,0,0
0,0,3,1389,2,2,1,1,1,1,3,0,0,1,1,1,1,0,0,0,0,0,0,0,0,0,0,0,0,4,1,0,0
0,0,4,695,0,4,4,0,1,5,4,1,1,0,5,0,0,0,0,0,0,0,0,1,0,0,0,0,0,5,2,0,0
0,0,3,797,0,0,0,0,1,1,3,0,0,0,1,0,0,0,0,0,0,0,0,0,0,0,0,0,0,1,1,0,0
0,0,5,681,4,2,1,1,1,3,5,0,1,0,3,1,1,0,0,0,0,0,0,1,0,0,0,0,0,6,1,0,0
0,0,6,1317,1,1,1,0,1,4,6,1,1,3,4,0,0,0,0,0,0,0,0,1,0,0,0,0,0,8,2,0,0
0,0,5,209,2,1,1,0,1,1,5,1,1,1,1,0,0,0,0,0,0,0,0,1,0,0,0,0,0,6,9,0,0
0,0,7,491,1,0,0,0,2,6,7,0,0,0,6,0,0,0,1,0,1,1,0,0,0,1,0,0,0,17,1,0,0
0,0,3,359,1,3,0,3,1,5,3,0,0,1,5,0,0,0,0,0,0,0,0,0,0,0,0,0,0,4,1,0,0
0,0,16,713,7,0,0,0,5,28,16,0,5,0,28,0,0,2,2,0,2,0,0,5,0,4,0,0,0,27,1,0,0
0,0,3,861,1,1,0,1,1,1,3,0,0,2,1,0,0,0,0,0,0,0,0,0,0,0,0,0,0,5,1,0,0
0,0,7,837,4,1,0,1,1,8,7,0,1,2,8,0,0,0,0,0,0,0,0,1,0,0,0,0,0,15,1,0,0
0,0,30,591,4,1,0,1,5,16,30,0,8,2,16,0,0,0,2,0,2,5,4,9,0,4,0,0,0,32,1,0,0
0,0,2,993,1,0,0,0,1,0,2,0,0,1,0,0,0,0,0,0,0,0,0,0,0,0,0,0,0,4,1,0,0
0,0,6,971,3,1,0,1,1,8,6,0,0,1,8,0,0,0,0,0,1,1,0,0,1,0,0,0,0,10,1,0,0
0,0,2,1003,0,0,0,0,1,0,2,0,0,1,0,0,0,0,0,0,0,0,0,0,0,0,0,0,0,6,1,0,0
0,0,6,569,5,1,0,1,1,4,6,0,1,2,4,0,0,0,0,0,0,0,0,1,0,0,0,0,0,10,1,0,0
0,0,3,471,2,3,0,3,1,1,3,0,0,1,1,0,0,0,0,0,0,0,0,0,0,0,0,0,0,5,1,0,0
0,0,3,433,2,3,0,3,1,1,3,0,0,1,1,0,0,0,0,0,0,0,0,0,0,0,0,0,0,5,1,0,0
0,0,3,1453,2,2,1,1,1,1,3,0,0,1,1,1,1,0,0,0,0,0,0,0,0,0,0,0,0,4,1,0,0
0,0,13,1281,1,2,1,1,3,5,13,1,0,0,5,1,1,0,1,0,0,0,0,0,0,1,0,0,0,7,2,0,0
0,0,4,239,1,0,0,0,1,3,4,0,0,1,3,0,0,0,0,0,0,0,0,1,0,0,0,0,0,10,1,0,0
0,0,6,915,3,1,0,1,1,8,6,0,0,1,8,0,0,0,0,0,1,1,0,0,1,0,0,0,0,10,1,0,0
0,0,2,949,0,0,0,0,1,0,2,0,0,1,0,0,0,0,0,0,0,0,0,0,0,0,0,0,0,6,1,0,0
0,0,7,1017,2,1,1,0,3,6,7,0,0,1,6,0,0,0,1,0,0,0,0,0,0,2,0,0,0,9,2,0,0
0,0,3,1101,2,1,0,1,1,3,3,0,0,0,3,1,1,0,0,0,0,0,0,0,0,0,0,0,0,6,1,0,0
0,0,6,1399,2,1,1,0,1,4,6,0,2,1,4,0,0,0,0,0,0,0,0,2,0,0,0,0,0,12,1,0,0
1,1,77,253,14,1,0,1,9,28,77,1,8,3,28,1,2,0,2,0,2,0,2,16,0,1,4,0,0,66,1,0,0
0,0,3,1429,2,2,1,1,1,1,3,0,0,1,1,1,1,0,0,0,0,0,0,0,0,0,0,0,0,4,1,0,0
0,0,2,197,0,1,1,0,1,0,2,0,0,0,0,0,0,0,0,0,0,0,0,0,0,0,0,0,0,2,1,0,0
0,0,3,1245,2,1,0,1,1,2,3,0,0,1,2,1,1,0,0,0,0,0,0,0,0,0,0,0,0,3,1,0,0
3,17,40,203,5,2,2,0,7,19,26,0,4,5,19,0,0,1,2,0,1,0,0,8,0,4,0,0,0,20,4,0,0
3,17,17,275,4,2,1,1,1,1,3,0,0,4,1,1,1,0,0,0,0,0,0,0,0,0,0,0,0,6,4,0,0
0,0,5,131,1,0,0,0,1,4,5,0,0,1,4,0,0,0,0,0,0,0,0,1,0,0,0,0,0,13,1,0,0
0,0,5,101,2,1,1,0,1,1,5,1,1,1,1,0,0,0,0,0,0,0,0,1,0,0,0,0,0,6,9,0,0
4,16,33,147,9,2,0,2,2,11,21,2,3,3,11,2,2,0,1,0,0,0,4,5,0,1,0,0,0,38,1,0,0
0,0,5,115,2,2,0,2,1,2,5,1,1,1,2,1,1,0,0,0,0,0,0,1,0,0,0,0,0,10,9,0,0
12,0,9,133,4,1,0,1,3,8,9,0,0,2,8,1,1,0,1,0,2,0,0,0,0,1,0,0,0,16,4,0,0
4,0,3,121,2,0,0,0,1,2,3,0,0,2,2,0,0,0,0,0,0,0,0,0,0,0,0,0,0,7,4,0,0
7,0,5,105,4,0,0,0,1,0,5,0,0,5,0,0,0,0,0,0,0,0,0,2,0,0,0,0,0,7,1,0,0
18,0,13,191,2,0,0,0,4,10,13,0,0,2,10,0,0,0,0,0,0,0,0,0,0,2,0,0,0,10,4,0,0
4,0,3,239,0,0,0,0,1,0,3,0,0,1,0,0,0,0,0,0,0,0,0,1,0,0,0,0,0,5,1,0,0
4,0,3,229,0,0,0,0,1,0,3,1,0,0,0,0,0,0,0,0,0,0,0,0,0,0,0,0,0,5,1,0,0
14,0,11,159,3,1,1,0,3,6,11,1,2,2,6,0,0,0,1,0,0,2,0,4,1,2,0,0,0,12,2,0,0
0,0,26,203,5,2,2,0,7,19,26,0,4,5,19,0,0,1,2,0,1,0,0,8,0,4,0,0,0,20,4,0,0
0,0,3,275,4,2,1,1,1,1,3,0,0,4,1,1,1,0,0,0,0,0,0,0,0,0,0,0,0,6,4,0,0
0,1,5,131,1,0,0,0,1,3,4,0,0,1,3,0,0,0,0,0,0,0,0,1,0,0,0,0,0,10,1,0,0
0,0,5,101,2,1,1,0,1,1,5,1,1,1,1,0,0,0,0,0,0,0,0,1,0,0,0,0,0,6,9,0,0
2,1,19,145,9,2,0,2,1,13,20,1,3,3,13,2,2,0,0,0,0,0,4,5,0,0,0,0,0,39,1,0,0
0,0,5,115,2,2,0,2,1,2,5,1,1,1,2,1,1,0,0,0,0,0,0,1,0,0,0,0,0,10,9,0,0
0,0,4,225,4,0,0,0,1,3,4,0,1,4,3,0,0,0,0,0,1,0,0,1,0,0,0,0,0,12,1,0,0
0,0,13,175,2,1,0,1,4,7,13,1,1,1,7,1,1,0,1,0,0,0,0,3,0,1,0,0,0,14,1,0,0
0,0,6,157,1,1,1,0,1,4,6,1,1,3,4,0,0,0,0,0,0,0,0,1,0,0,0,0,0,8,2,0,0
0,0,7,137,1,2,1,1,1,4,7,0,0,0,4,1,1,0,0,0,0,0,0,0,0,0,0,0,0,4,2,0,0
0,0,6,207,2,1,1,0,1,3,6,1,1,0,3,0,0,0,0,0,0,0,0,1,0,0,0,0,0,8,10,0,0
0,0,4,55,1,1,0,1,1,0,4,1,1,0,0,0,0,0,0,0,0,0,0,1,0,0,0,0,0,6,9,0,0
0,0,4,69,1,0,0,0,1,3,4,0,0,1,3,0,0,0,0,0,0,0,0,1,0,0,0,0,0,10,1,0,0
1,1,6,109,0,0,0,0,1,5,6,0,0,0,5,0,0,0,0,0,0,0,0,0,0,0,0,0,0,11,1,0,0
0,0,10,83,6,1,0,1,2,4,10,2,1,3,4,1,2,0,1,0,0,0,0,2,0,1,0,0,0,17,1,0,0
22,0,15,33,3,0,0,0,4,4,15,1,3,2,4,0,0,1,2,0,0,0,4,5,0,2,0,0,0,14,9,0,0
4,2,33,313,10,2,1,1,3,27,35,0,7,3,27,0,0,0,0,0,1,7,7,9,1,1,0,0,0,25,9,0,0
8,0,24,71,5,2,1,1,7,12,32,2,5,2,12,1,1,0,3,0,0,3,0,9,2,4,0,0,0,20,40,0,0
8,0,3,61,1,1,0,1,1,1,3,1,0,1,1,1,2,0,0,0,0,0,0,0,0,0,0,0,0,3,8,0,0
0,0,5,419,2,1,1,0,1,0,5,0,0,3,0,0,0,0,0,0,0,0,0,3,0,0,0,0,0,5,0,0,0
0,0,12,179,2,1,0,1,2,6,12,1,0,1,6,1,1,0,0,1,0,0,0,0,0,1,0,0,0,15,4,0,0
11,4,18,239,5,1,1,0,4,16,25,1,2,3,16,0,0,0,1,0,0,4,3,4,0,1,0,0,0,10,10,0,0
5,0,13,33,3,0,0,0,5,4,18,1,3,2,4,0,0,1,3,0,0,0,5,6,0,2,0,0,0,14,9,0,0
3,2,25,207,5,2,2,0,7,20,26,0,4,5,20,0,0,1,2,0,2,1,0,8,1,4,0,0,0,20,4,0,0
0,0,22,145,9,2,0,2,2,13,22,1,3,3,13,2,2,0,1,0,0,0,4,5,0,1,0,0,0,41,1,0,0
0,0,4,131,1,0,0,0,1,3,4,0,0,1,3,0,0,0,0,0,0,0,0,1,0,0,0,0,0,10,1,0,0
0,0,5,101,2,1,1,0,1,1,5,1,1,1,1,0,0,0,0,0,0,0,0,1,0,0,0,0,0,6,9,0,0
3,2,2,281,4,2,1,1,1,1,3,0,0,4,1,1,1,0,0,0,0,0,0,0,0,0,0,0,0,6,4,0,0
0,0,5,115,2,2,0,2,1,2,5,1,1,1,2,1,1,0,0,0,0,0,0,1,0,0,0,0,0,10,9,0,0
29,0,17,115,3,2,0,2,4,12,17,1,1,3,12,2,1,0,0,1,0,0,1,5,0,2,0,0,0,22,9,0,1
14,0,11,177,0,1,1,0,2,3,11,1,2,2,3,0,0,0,0,1,0,1,0,3,1,1,0,0,0,15,10,0,0
11,0,8,75,0,1,1,0,2,2,8,1,1,2,2,0,0,0,0,0,0,0,0,2,0,1,0,0,0,7,12,0,0
0,0,11,157,3,1,1,0,3,6,11,1,2,2,6,0,0,0,1,0,0,2,0,4,1,2,0,0,0,12,2,0,0
0,0,5,103,4,0,0,0,1,0,5,0,0,5,0,0,0,0,0,0,0,0,0,2,0,0,0,0,0,7,1,0,0
0,0,3,237,0,0,0,0,1,0,3,0,0,1,0,0,0,0,0,0,0,0,0,1,0,0,0,0,0,5,1,0,0
0,0,3,227,0,0,0,0,1,0,3,1,0,0,0,0,0,0,0,0,0,0,0,0,0,0,0,0,0,5,1,0,0
0,0,3,119,2,0,0,0,1,2,3,0,0,2,2,0,0,0,0,0,0,0,0,0,0,0,0,0,0,7,4,0,0
0,0,9,131,4,1,0,1,3,8,9,0,0,2,8,1,1,0,1,0,2,0,0,0,0,1,0,0,0,16,4,0,0
0,0,13,189,2,0,0,0,4,10,13,0,0,2,10,0,0,0,0,0,0,0,0,0,0,2,0,0,0,10,4,0,0
0,0,1,48,2,0,0,0,1,0,1,0,0,2,0,0,0,0,0,0,0,0,0,0,0,0,0,0,0,7,1028,0,0
0,0,6,53,3,0,0,0,1,1,6,0,0,3,1,0,0,0,0,0,0,0,0,3,0,0,0,0,0,11,1,0,0
0,0,21,111,5,2,0,2,3,8,21,2,2,3,8,1,1,0,2,0,0,0,0,6,0,2,0,0,0,19,1,0,0
0,0,1,49,2,0,0,0,1,0,1,0,0,2,0,0,0,0,0,0,0,0,0,0,0,0,0,0,0,7,1028,0,0
0,0,3,94,0,2,2,0,2,1,3,1,0,1,1,0,0,0,0,0,0,0,0,0,0,0,0,0,0,17,1,0,0
0,0,11,64,1,1,1,0,2,8,11,0,3,1,8,0,0,0,1,0,0,0,2,3,0,1,0,0,0,9,1,0,0
0,0,7,83,2,1,0,1,2,2,7,0,3,1,2,1,1,1,0,0,0,0,2,3,0,1,0,0,0,6,1,0,0
0,0,3,105,1,1,0,1,2,1,3,1,0,1,1,1,1,0,1,0,0,0,0,0,0,0,0,0,0,14,1,0,0
0,0,1,50,2,0,0,0,1,0,1,0,0,2,0,0,0,0,0,0,0,0,0,0,0,0,0,0,0,6,1028,0,0
0,0,3,99,0,0,0,0,1,0,3,1,0,0,0,0,0,0,0,0,0,0,1,0,0,0,0,0,0,4,1,0,0
0,0,38,321,4,2,2,0,8,15,38,0,7,0,15,0,0,2,3,0,2,3,9,11,4,3,1,0,0,33,2,0,0
0,0,6,259,1,1,0,1,2,2,6,0,0,0,2,1,1,0,0,0,0,0,0,0,0,1,0,0,0,8,1,0,0
0,0,3,893,2,1,0,1,1,1,3,0,0,1,1,1,2,0,0,0,0,0,0,0,0,0,0,0,0,3,1,0,0
0,0,3,1031,4,2,1,1,1,1,3,0,0,3,1,1,1,0,0,0,0,0,0,0,0,0,0,0,0,6,9,0,0
3,0,6,277,5,0,0,0,1,6,9,1,2,3,6,0,0,0,0,0,0,0,1,2,0,0,0,0,0,13,1,0,0
0,0,5,681,2,1,0,1,4,4,5,0,0,3,4,1,1,0,3,0,0,0,0,0,0,1,0,0,0,10,1,0,0
0,0,8,235,1,0,0,0,2,6,8,0,0,1,6,0,0,0,0,0,0,0,0,1,0,1,0,0,0,15,1,0,0
0,0,7,615,5,1,0,1,1,5,7,1,2,4,5,1,1,0,0,0,1,0,0,2,0,0,0,0,0,16,1,0,0
0,0,6,869,0,1,1,0,2,4,6,0,0,0,4,0,0,0,1,0,0,0,0,1,0,1,0,0,0,6,1,0,0
0,0,17,559,7,1,0,1,4,10,17,0,0,2,10,1,1,0,1,0,2,0,1,2,0,1,0,0,0,22,1,0,0
0,0,3,651,0,0,0,0,1,0,3,0,0,0,0,0,0,0,0,0,0,0,0,1,0,0,0,0,0,5,1,0,0
0,0,6,413,0,0,0,0,2,2,6,1,1,2,2,0,0,1,0,0,0,0,1,1,0,1,0,0,0,12,1,0,0
0,0,3,851,0,0,0,0,1,1,3,0,0,1,1,0,0,0,0,0,0,0,0,0,0,0,0,0,0,6,1,0,0
0,0,4,807,2,1,0,1,1,2,4,0,0,1,2,0,0,0,0,0,0,0,0,0,0,0,0,0,0,6,1,0,0
0,0,8,821,3,0,0,0,1,2,8,0,0,4,2,0,0,0,0,0,0,2,0,1,0,0,1,0,0,17,1,0,0
0,0,2,755,0,0,0,0,1,0,2,0,0,1,0,0,0,0,0,0,0,0,0,0,0,0,0,0,0,6,1,0,0
0,0,3,729,2,1,0,1,1,1,3,0,0,1,1,0,0,0,0,0,0,0,0,0,0,0,0,0,0,6,1,0,0
0,0,35,453,5,0,0,0,7,17,35,1,2,4,17,0,0,0,1,0,3,0,2,3,0,2,0,0,0,20,1,0,0
0,0,6,307,0,0,0,0,1,6,6,0,0,0,6,0,0,0,0,0,0,0,0,0,0,0,0,0,0,5,1,0,0
0,0,3,199,2,1,0,1,1,1,3,1,0,1,1,1,1,0,0,0,0,0,0,0,0,0,0,0,0,7,9,0,0
0,0,3,833,1,0,0,0,1,3,3,0,0,1,3,0,0,0,0,0,0,0,0,0,0,0,0,0,0,7,1,0,0
0,0,20,697,4,1,1,0,2,8,20,0,3,1,8,0,0,0,1,0,0,0,0,3,0,1,1,0,0,30,1,0,0
0,0,2,171,0,1,1,0,1,0,2,0,0,0,0,0,0,0,0,0,0,0,0,0,0,0,0,0,0,3,1,0,0
0,0,3,189,1,1,0,1,1,1,3,1,0,1,1,1,1,0,0,0,0,0,0,0,0,0,0,0,0,7,9,0,0
0,0,38,903,6,1,1,0,17,11,38,0,3,4,11,0,0,0,6,0,0,0,0,7,9,1,0,0,0,15,9,0,0
0,0,16,633,4,1,1,0,2,5,16,2,0,2,5,0,0,0,1,0,0,0,0,1,0,1,1,0,0,16,2,0,0
0,0,10,209,5,4,3,1,1,5,10,1,3,3,5,0,0,0,0,0,0,0,0,3,0,0,0,0,0,16,9,0,0
0,0,2,741,2,0,0,0,1,0,2,0,0,4,0,0,0,0,0,0,0,0,0,0,0,0,0,0,0,5,1,0,0
0,0,28,775,4,0,0,0,2,8,28,0,3,0,8,0,0,0,1,0,0,0,0,3,0,1,1,0,0,37,1,0,0
0,0,6,1043,0,0,0,0,2,2,6,0,0,0,2,0,0,0,1,0,0,0,0,0,0,1,0,0,0,5,1,0,0
0,0,3,179,2,1,0,1,1,1,3,1,0,1,1,1,1,0,0,0,0,0,0,0,0,0,0,0,0,7,9,0,0
0,0,2,85,0,1,1,0,1,0,2,0,0,0,0,0,0,0,0,0,0,0,0,0,0,0,0,0,0,3,1,0,0
0,0,6,155,2,0,0,0,3,3,6,0,0,1,3,0,0,0,1,0,0,0,0,1,0,1,0,0,0,12,1,0,0
0,0,5,173,2,0,0,0,1,5,5,0,0,1,5,0,0,0,0,0,1,0,0,0,0,0,0,0,0,8,1,0,0
0,0,5,191,0,0,0,0,1,5,5,0,0,1,5,0,0,0,0,0,0,0,0,0,0,0,0,0,0,8,1,0,0
0,0,5,93,2,1,0,1,1,2,5,1,1,1,2,0,0,0,0,0,0,0,0,1,0,0,0,0,0,10,9,0,0
5,1,25,123,6,0,0,0,3,10,29,1,2,3,10,0,0,0,1,0,0,0,0,4,0,1,1,0,0,45,1,0,0
0,0,4,109,1,0,0,0,1,3,4,0,0,1,3,0,0,0,0,0,0,0,0,1,0,0,0,0,0,10,1,0,0
0,0,21,709,4,1,1,0,2,8,21,0,3,1,8,0,0,0,1,0,0,0,0,4,0,1,1,0,0,31,1,0,0
0,0,6,423,0,0,0,0,2,2,6,1,1,2,2,0,0,1,0,0,0,0,1,1,0,1,0,0,0,12,1,0,0
0,0,3,663,0,0,0,0,1,0,3,0,0,0,0,0,0,0,0,0,0,0,0,1,0,0,0,0,0,5,1,0,0
0,0,2,167,0,1,1,0,1,0,2,0,0,0,0,0,0,0,0,0,0,0,0,0,0,0,0,0,0,3,1,0,0
0,0,3,915,2,1,0,1,1,1,3,0,0,1,1,1,2,0,0,0,0,0,0,0,0,0,0,0,0,3,1,0,0
0,0,5,693,1,0,0,0,4,3,5,0,0,3,3,0,0,0,3,0,0,0,0,1,0,1,0,0,0,10,1,0,0
0,0,33,925,6,1,1,0,15,11,33,0,3,4,11,0,0,0,5,0,0,0,0,6,9,1,0,0,0,15,9,0,0
0,0,8,231,1,0,0,0,2,6,8,0,0,1,6,0,0,0,0,0,0,0,0,1,0,1,0,0,0,15,1,0,0
0,0,6,1051,0,0,0,0,2,2,6,0,0,0,2,0,0,0,1,0,0,0,0,0,0,1,0,0,0,5,1,0,0
0,0,18,565,7,1,0,1,4,10,18,0,0,2,10,1,1,0,1,0,2,0,1,3,0,1,0,0,0,23,1,0,0
0,0,3,175,2,1,0,1,1,1,3,1,0,1,1,1,1,0,0,0,0,0,0,0,0,0,0,0,0,7,9,0,0
0,0,3,1039,4,2,1,1,1,1,3,0,0,3,1,1,1,0,0,0,0,0,0,0,0,0,0,0,0,6,9,0,0
0,0,26,789,4,0,0,0,2,8,26,0,3,0,8,0,0,0,1,0,0,0,0,3,0,1,1,0,0,33,1,0,0
0,0,16,645,4,1,1,0,2,5,16,2,0,2,5,0,0,0,1,0,0,0,0,1,0,1,1,0,0,16,2,0,0
0,0,3,857,0,0,0,0,1,1,3,0,0,1,1,0,0,0,0,0,0,0,0,0,0,0,0,0,0,6,1,0,0
0,0,7,627,5,1,0,1,1,5,7,1,2,4,5,1,1,0,0,0,1,0,0,2,0,0,0,0,0,16,1,0,0
1,1,35,459,5,0,0,0,8,17,35,1,2,4,17,0,0,0,1,0,3,0,2,3,0,2,0,0,0,20,1,0,0
0,0,3,821,1,1,0,1,1,1,3,0,0,1,1,0,0,0,0,0,0,0,0,0,0,0,0,0,0,5,1,0,0
0,0,6,839,3,0,0,0,3,3,6,0,0,4,3,0,0,0,1,0,0,0,0,1,0,1,0,0,0,13,1,0,0
0,0,3,741,2,1,0,1,1,1,3,0,0,1,1,0,0,0,0,0,0,0,0,0,0,0,0,0,0,6,1,0,0
0,0,2,753,2,0,0,0,1,0,2,0,0,4,0,0,0,0,0,0,0,0,0,0,0,0,0,0,0,5,1,0,0
0,0,3,1069,1,0,0,0,1,0,3,1,0,0,0,0,0,0,0,0,0,0,0,0,0,0,0,0,0,4,1,0,0
0,0,12,259,2,2,0,2,3,8,12,0,0,0,8,2,1,0,1,0,1,0,0,1,0,1,0,0,0,18,1,0,0
0,0,7,293,5,0,0,0,1,4,7,1,2,3,4,0,0,0,0,0,0,0,0,2,0,0,0,0,0,12,1,0,0
0,0,10,205,5,4,3,1,1,5,10,1,3,3,5,0,0,0,0,0,0,0,0,3,0,0,0,0,0,16,9,0,0
0,0,7,317,0,0,0,0,1,7,7,0,0,0,7,0,0,0,0,0,0,0,0,0,0,0,0,0,0,5,1,0,0
0,0,3,195,2,1,0,1,1,1,3,1,0,1,1,1,1,0,0,0,0,0,0,0,0,0,0,0,0,7,9,0,0
0,0,3,185,1,1,0,1,1,1,3,1,0,1,1,1,1,0,0,0,0,0,0,0,0,0,0,0,0,7,9,0,0
0,0,6,875,0,1,1,0,2,4,6,0,0,0,4,0,0,0,1,0,0,0,0,1,0,1,0,0,0,6,1,0,0
0,0,2,767,0,0,0,0,1,0,2,0,0,1,0,0,0,0,0,0,0,0,0,0,0,0,0,0,0,6,1,0,0
0,0,5,893,0,0,0,0,3,5,5,0,0,0,5,0,0,0,1,0,0,0,2,0,0,1,0,0,0,3,1,0,0
0,0,37,335,4,2,2,0,8,14,37,0,7,0,14,0,0,2,3,0,2,3,9,11,4,3,1,0,0,32,2,0,0
0,0,5,129,2,0,0,0,3,5,5,0,0,2,5,0,0,0,1,0,0,0,0,0,0,2,0,0,0,6,1,0,0
2,0,8,175,1,0,0,0,3,6,10,0,2,1,6,0,0,0,1,0,1,0,0,2,0,1,0,0,0,10,1,0,0
0,0,6,105,5,0,0,0,3,1,6,2,1,2,1,0,0,0,1,0,0,0,0,2,0,1,0,0,0,18,1,0,0
0,0,6,87,3,0,0,0,1,0,6,0,0,3,0,0,0,0,0,0,0,0,0,3,0,0,0,0,0,10,1,0,0
0,0,2,151,2,0,0,0,1,0,2,0,0,1,0,0,0,0,0,0,0,0,0,0,0,0,0,0,0,4,1,0,0
0,0,3,161,1,0,0,0,1,0,3,0,0,1,0,0,0,0,0,0,0,0,0,1,0,0,0,0,0,5,1,0,0
0,0,5,535,1,0,0,0,1,4,5,0,0,0,4,0,0,0,0,0,1,0,0,0,0,0,0,0,0,6,1,0,0
0,0,3,1065,1,1,0,1,1,3,3,0,0,0,3,1,1,0,0,0,0,0,0,0,0,0,0,0,0,5,1,0,0
0,0,5,199,2,2,0,2,1,2,5,1,1,1,2,1,1,0,0,0,0,0,0,1,0,0,0,0,0,10,9,0,0
0,0,13,1267,1,2,1,1,3,5,13,1,0,0,5,1,1,0,1,0,0,0,0,0,0,1,0,0,0,7,2,0,0
0,0,6,1383,2,1,1,0,1,4,6,0,2,1,4,0,0,0,0,0,0,0,0,2,0,0,0,0,0,12,1,0,0
0,0,5,185,2,1,1,0,1,1,5,1,1,1,1,0,0,0,0,0,0,0,0,1,0,0,0,0,0,6,9,0,0
0,0,3,1437,2,2,1,1,1,1,3,0,0,1,1,1,1,0,0,0,0,0,0,0,0,0,0,0,0,4,1,0,0
0,0,3,1041,0,0,0,0,1,2,3,0,0,0,2,0,0,0,0,0,0,0,0,0,0,0,0,0,0,3,1,0,0
0,0,2,173,0,1,1,0,1,0,2,0,0,0,0,0,0,0,0,0,0,0,0,0,0,0,0,0,0,2,1,0,0
0,0,4,215,1,0,0,0,1,3,4,0,0,1,3,0,0,0,0,0,0,0,0,1,0,0,0,0,0,10,1,0,0
0,0,14,1319,2,4,0,4,6,6,14,0,0,1,6,4,4,0,0,0,0,0,0,0,0,1,0,0,0,12,1,0,0
0,0,3,1085,1,1,0,1,1,3,3,0,0,0,3,1,1,0,0,0,0,0,0,0,0,0,0,0,0,5,1,0,0
0,0,5,1423,2,2,2,0,1,4,5,0,1,3,4,0,0,0,0,0,0,0,0,1,0,0,0,0,0,12,1,0,0
0,0,3,1075,2,1,0,1,1,3,3,0,0,0,3,1,1,0,0,0,0,0,0,0,0,0,0,0,0,6,1,0,0
0,0,3,755,0,0,0,0,1,2,3,0,0,0,2,0,0,0,0,0,0,0,0,0,0,0,0,0,0,3,1,0,0
0,0,8,735,4,1,1,0,1,5,8,0,2,0,5,0,0,0,0,0,0,0,0,2,0,0,0,0,0,11,1,0,0
0,0,94,229,14,1,0,1,13,29,94,2,7,3,29,1,2,0,3,0,2,0,2,17,0,1,4,0,0,66,1,0,0
0,0,3,1031,0,0,0,0,1,2,3,0,0,0,2,0,0,0,0,0,0,0,0,0,0,0,0,0,0,3,1,0,0
0,0,41,1103,7,1,1,0,10,13,41,1,1,4,13,0,0,0,1,0,3,0,1,7,7,2,0,0,0,11,9,0,0
0,0,3,1373,2,2,1,1,1,1,3,0,0,1,1,1,1,0,0,0,0,0,0,0,0,0,0,0,0,4,1,0,0
0,0,3,1413,2,2,1,1,1,1,3,0,0,1,1,1,1,0,0,0,0,0,0,0,0,0,0,0,0,4,1,0,0
0,0,3,1231,2,1,0,1,1,2,3,0,0,1,2,1,1,0,0,0,0,0,0,0,0,0,0,0,0,3,1,0,0
0,0,41,777,5,0,0,0,6,20,41,0,5,3,20,0,0,0,3,0,1,1,0,5,1,2,2,0,0,30,1,0,0
0,0,5,1051,3,1,1,0,1,4,5,0,1,1,4,0,0,0,0,0,0,0,0,1,0,0,0,0,0,11,1,0,0
0,0,6,1301,1,1,1,0,1,4,6,1,1,3,4,0,0,0,0,0,0,0,0,1,0,0,0,0,0,8,2,0,0
0,0,3,397,1,3,0,3,1,5,3,0,0,1,5,0,0,0,0,0,0,0,0,0,0,0,0,0,0,4,1,0,0
0,0,8,615,5,0,0,0,1,5,8,0,2,2,5,0,0,0,0,0,0,0,0,2,0,0,0,0,0,14,1,0,0
0,0,6,913,2,0,0,0,3,3,6,0,0,1,3,0,0,0,1,0,0,0,0,1,0,1,0,0,0,12,1,0,0
0,0,3,361,2,3,0,3,1,1,3,0,0,1,1,0,0,0,0,0,0,0,0,0,0,0,0,0,0,5,1,0,0
0,0,7,807,3,0,0,0,1,7,7,0,1,2,7,0,0,0,0,0,0,0,0,1,0,0,0,0,0,15,1,0,0
0,0,29,641,3,0,0,0,5,15,29,0,7,2,15,0,0,0,2,0,1,5,4,8,0,4,0,0,0,29,1,0,0
0,0,6,973,3,1,0,1,1,8,6,0,0,1,8,0,0,0,0,0,1,1,0,0,1,0,0,0,0,10,1,0,0
0,0,3,995,0,0,0,0,1,1,3,0,0,1,1,0,0,0,0,0,0,0,0,0,0,0,0,0,0,6,1,0,0
0,0,6,953,2,0,0,0,3,3,6,0,0,1,3,0,0,0,1,0,0,0,0,1,0,1,0,0,0,12,1,0,0
0,0,3,477,2,3,0,3,1,1,3,0,0,1,1,0,0,0,0,0,0,0,0,0,0,0,0,0,0,5,1,0,0
0,0,3,435,2,3,0,3,1,1,3,0,0,1,1,0,0,0,0,0,0,0,0,0,0,0,0,0,0,5,1,0,0
0,0,5,1359,2,2,2,0,1,4,5,0,1,3,4,0,0,0,0,0,0,0,0,1,0,0,0,0,0,12,1,0,0
0,0,3,831,1,0,0,0,1,1,3,0,0,2,1,0,0,0,0,0,0,0,0,0,0,0,0,0,0,5,1,0,0
7,3,60,555,8,1,1,0,5,13,64,1,7,0,13,0,0,0,1,0,3,0,0,7,0,1,2,0,0,49,1,0,0
0,0,5,1399,2,2,2,0,1,4,5,0,1,3,4,0,0,0,0,0,0,0,0,1,0,0,0,0,0,12,1,0,0
0,0,10,507,1,0,0,0,3,9,10,0,0,0,9,0,0,0,1,0,1,0,0,0,0,1,0,0,0,18,1,0,0
0,0,3,1241,1,0,0,0,1,0,3,1,0,0,0,0,0,0,0,0,0,0,0,0,0,0,0,0,0,4,1,0,0
0,0,7,1007,2,1,1,0,3,6,7,0,0,1,6,0,0,0,1,0,0,0,0,0,0,2,0,0,0,9,2,0,0
0,0,6,885,3,1,0,1,1,8,6,0,0,1,8,0,0,0,0,0,1,1,0,0,1,0,0,0,0,10,1,0,0
0,0,3,931,0,0,0,0,1,1,3,0,0,1,1,0,0,0,0,0,0,0,0,0,0,0,0,0,0,6,1,0,0
0,0,3,765,0,0,0,0,1,1,3,0,0,0,1,0,0,0,0,0,0,0,0,0,0,0,0,0,0,1,1,0,0
0,0,3,61,3,2,2,0,1,2,3,1,0,1,2,0,0,0,0,0,1,0,0,0,0,0,0,0,0,6,9,0,0
3,0,0,77,3,1,0,1,1,1,3,1,0,1,1,1,1,0,0,0,0,0,0,0,0,0,0,0,0,6,9,0,0
0,0,9,117,4,3,1,2,2,4,9,2,0,1,4,2,1,0,1,0,1,0,0,0,0,1,0,0,0,12,10,0,0
0,0,3,69,3,0,0,0,1,2,3,0,0,2,2,0,0,0,0,0,1,0,0,0,0,0,0,0,0,5,9,0,0
0,0,7,101,5,2,1,1,2,3,7,1,1,1,3,1,2,0,1,0,1,0,0,2,0,1,0,0,0,13,9,0,0
0,0,3,85,3,0,0,0,1,2,3,1,0,1,2,0,0,0,0,0,1,0,0,0,0,0,0,0,0,6,9,0,0
0,0,3,93,3,0,0,0,1,2,3,0,0,2,2,0,0,0,0,0,1,0,0,0,0,0,0,0,0,6,9,0,0
0,0,5,413,2,0,0,0,1,3,5,0,1,0,3,0,0,0,0,0,0,0,0,1,0,0,0,0,0,6,1,0,0
0,0,2,387,0,0,0,0,1,0,2,0,0,4,0,0,0,0,0,0,0,0,0,0,0,0,0,0,0,6,1,0,0
0,0,2,401,1,0,0,0,1,0,2,0,0,1,0,0,0,0,0,0,0,0,0,0,0,0,0,0,0,5,1,0,0
0,0,8,365,1,1,0,1,2,2,8,0,0,4,2,0,0,0,0,0,0,0,0,0,0,1,0,0,0,11,1,0,0
0,0,8,231,4,2,1,1,2,6,8,0,2,1,6,1,2,0,0,0,0,1,0,2,0,1,0,0,0,15,1,0,0
2,7,30,255,2,4,3,1,8,6,25,5,2,0,6,1,1,0,3,0,0,1,5,10,0,1,0,0,0,24,2,0,0
0,0,8,427,1,2,2,0,2,3,8,2,0,1,3,0,0,0,1,0,0,0,0,0,0,1,0,0,0,10,2,0,0
0,0,3,211,2,1,0,1,1,1,3,0,0,1,1,0,0,0,0,0,0,0,0,0,0,0,0,0,0,5,1,0,0
12,0,1,121,1,2,0,2,3,6,13,0,0,0,6,2,3,0,1,0,0,0,0,0,0,1,0,0,0,11,1,0,0
0,0,22,165,7,0,0,0,2,12,22,1,2,3,12,0,0,0,1,0,0,0,0,3,0,1,1,0,0,23,1,0,0
10,0,8,335,3,2,1,1,2,2,8,0,3,0,2,1,1,1,0,0,0,0,1,4,0,1,0,0,0,15,2,0,0
0,0,3,109,0,0,0,0,1,1,3,0,0,0,1,0,0,0,0,0,0,0,0,0,0,0,0,0,0,6,1,0,0
0,0,12,449,2,1,1,0,1,4,12,0,2,1,4,0,0,0,0,0,0,0,0,2,0,0,0,0,0,10,1,0,0
0,0,1,591,2,1,1,0,1,0,1,0,0,3,0,0,0,0,0,0,0,0,0,0,0,0,0,0,0,6,0,0,0
0,0,1,595,1,1,1,0,1,0,1,0,0,2,0,0,0,0,0,0,0,0,0,0,0,0,0,0,0,6,0,0,0
24,0,14,383,2,3,2,1,4,7,14,0,0,1,7,1,1,0,2,0,0,1,0,2,0,3,0,0,0,20,2,0,0
0,0,4,437,1,0,0,0,1,2,4,0,0,1,2,0,0,0,0,0,0,0,0,0,0,0,0,0,0,10,1,0,0
0,0,5,157,0,0,0,0,1,0,5,0,0,3,0,0,0,0,0,0,0,0,0,3,0,0,0,0,0,9,1,0,0
0,0,3,567,1,0,0,0,1,0,3,0,0,1,0,0,0,0,0,0,0,0,0,1,0,0,0,0,0,8,1,0,0
0,0,2,557,2,0,0,0,1,0,2,0,0,1,0,0,0,0,0,0,0,0,0,0,0,0,0,0,0,4,1,0,0
0,0,1,599,1,1,1,0,1,0,1,0,0,4,0,0,0,0,0,0,0,0,0,0,0,0,0,0,0,7,0,0,0
0,0,2,149,0,0,0,0,1,0,2,0,0,0,0,0,0,0,0,0,0,0,0,0,0,0,0,0,0,3,1,0,0
0,0,5,171,1,0,0,0,1,1,5,1,1,1,1,0,0,0,0,0,0,0,0,1,0,0,0,0,0,6,9,0,0
0,0,6,479,4,0,0,0,2,2,6,1,0,2,2,0,0,0,1,0,0,0,0,0,0,1,0,0,0,12,1,0,0
0,0,3,577,1,0,0,0,1,0,3,0,0,1,0,0,0,0,0,0,0,0,0,1,0,0,0,0,0,8,1,0,0
5,18,77,187,9,0,0,0,8,13,64,2,4,3,13,0,0,0,6,0,0,1,0,9,0,1,2,0,0,56,1,0,0
0,0,3,253,1,0,0,0,1,1,3,0,0,2,1,0,0,0,0,0,0,0,1,0,1,0,0,0,0,6,1,0,0
0,0,6,347,2,1,0,1,2,2,6,0,0,4,2,0,0,0,1,0,0,0,0,0,0,1,0,0,0,11,1,0,0
0,0,9,301,4,2,0,2,3,3,9,0,0,3,3,0,0,0,1,0,0,0,0,0,0,1,0,0,0,15,1,0,0
0,0,18,499,2,0,0,0,4,9,18,0,0,2,9,0,0,0,1,0,0,0,0,0,0,2,0,0,0,12,1,0,0
0,0,7,279,2,1,0,1,2,2,7,2,0,2,2,0,0,0,0,0,0,0,0,0,0,1,0,0,0,12,1,0,0
0,0,6,327,2,1,0,1,2,2,6,0,0,2,2,0,0,0,1,0,0,0,0,0,0,1,0,0,0,10,1,0,0
14,0,11,283,1,2,2,0,2,10,11,0,1,0,10,0,0,0,0,0,0,0,1,1,0,1,0,0,0,11,2,0,0
18,20,37,155,9,0,0,0,1,8,35,1,1,3,8,0,0,0,0,0,0,0,0,3,0,0,3,0,0,42,1,0,0
0,0,2,119,0,1,1,0,1,0,2,0,0,0,0,0,0,0,0,0,0,0,0,0,0,0,0,0,0,2,1,0,0
0,0,5,381,1,0,0,0,1,4,5,0,0,1,4,0,0,0,0,0,0,0,0,1,0,0,0,0,0,13,1,0,0
0,0,11,127,4,1,0,1,1,6,11,1,3,1,6,0,0,0,0,0,0,0,1,3,0,0,0,0,0,15,9,0,0
0,0,3,181,2,1,0,1,1,1,3,0,0,1,1,0,0,0,0,0,0,0,0,0,0,0,0,0,0,5,1,0,0
0,0,7,235,3,1,0,1,5,3,7,2,0,3,3,0,0,0,4,0,4,0,0,0,0,1,0,0,0,12,1,0,0
0,0,2,207,0,0,0,0,1,0,2,0,0,4,0,0,0,0,0,0,0,0,0,0,0,0,0,0,0,6,1,0,0
0,0,2,215,0,0,0,0,1,0,2,0,0,4,0,0,0,0,0,0,0,0,0,0,0,0,0,0,0,6,1,0,0
0,0,3,197,2,1,0,1,1,1,3,0,0,1,1,0,0,0,0,0,0,0,0,0,0,0,0,0,0,7,1,0,0
0,0,7,335,1,0,0,0,1,5,7,0,0,1,5,0,0,0,0,0,0,1,0,0,0,0,0,0,0,9,1,0,0
0,0,9,355,1,1,0,1,1,10,9,0,0,1,10,0,0,0,0,0,0,0,0,0,0,0,0,0,0,14,1,0,0
0,0,7,397,0,0,0,0,2,6,7,0,0,0,6,0,0,0,0,0,0,0,0,0,0,1,0,0,0,5,1,0,0
0,0,4,419,0,0,0,0,1,3,4,0,0,1,3,0,0,0,0,0,0,0,0,0,0,0,0,0,0,10,1,0,0
0,0,4,321,0,0,0,0,1,1,4,0,0,1,1,0,0,0,0,0,0,0,0,0,0,0,0,0,0,5,1,0,0
10,0,8,261,0,2,2,0,2,3,8,0,0,0,3,0,0,0,0,0,0,0,1,0,0,1,0,0,0,4,2,0,0
0,0,12,135,2,0,0,0,6,9,12,2,0,3,9,0,0,0,4,0,4,0,1,0,0,2,0,0,0,14,1,0,0
7,5,22,107,6,0,0,0,1,8,24,1,2,3,8,0,0,0,0,0,0,0,0,3,0,0,1,0,0,33,1,0,0
0,0,4,221,0,0,0,0,1,3,4,0,0,0,3,0,0,0,0,0,0,0,0,0,0,0,0,0,0,4,1,0,0
0,0,7,181,4,0,0,0,2,5,7,0,1,4,5,0,0,0,0,0,1,0,0,1,0,1,0,0,0,12,1,0,0
0,0,6,205,0,0,0,0,1,6,6,0,0,0,6,0,0,0,0,0,0,0,0,0,0,0,0,0,0,5,1,0,0
0,0,5,91,1,1,0,1,1,2,5,1,1,1,2,0,0,0,0,0,0,0,0,1,0,0,0,0,0,9,9,0,0
29,0,20,167,4,0,0,0,4,10,20,1,2,3,10,0,0,0,3,0,0,0,0,4,0,1,0,0,0,34,1,0,0
0,0,3,359,1,2,1,1,1,1,3,0,0,0,1,1,0,0,0,0,0,0,0,0,0,0,0,0,0,1,1,0,0
0,0,2,349,1,0,0,0,1,0,2,0,0,1,0,0,0,0,0,0,0,0,0,0,0,0,0,0,0,4,1,0,0
0,0,3,139,2,1,0,1,1,1,3,1,0,1,1,1,1,0,0,0,0,0,0,0,0,0,0,0,0,5,9,0,0
4,0,0,227,1,0,0,0,1,2,4,1,1,0,2,0,0,0,0,0,0,0,0,1,0,0,0,0,0,9,4,0,0
0,0,6,149,1,2,2,0,1,1,6,1,1,2,1,0,0,0,0,0,0,0,0,1,0,0,0,0,0,6,9,0,0
0,0,7,321,4,0,0,0,2,3,7,0,1,2,3,0,0,0,1,0,0,0,1,2,0,1,0,0,0,18,1,0,0
0,0,5,115,0,0,0,0,1,0,5,0,0,0,0,0,0,0,0,0,0,0,0,3,0,0,0,0,0,10,1,0,0
0,0,3,129,2,1,0,1,1,1,3,1,0,1,1,1,1,0,0,0,0,0,0,0,0,0,0,0,0,5,9,0,0
3,2,26,241,4,0,0,0,7,12,27,1,5,2,12,0,0,0,5,0,1,1,1,15,1,1,0,0,0,49,1,0,0
8,0,7,103,4,0,0,0,2,3,7,1,0,3,3,0,0,0,1,0,0,0,0,0,0,1,0,0,0,13,1,0,0
0,0,4,123,1,0,0,0,1,3,4,0,0,1,3,0,0,0,0,0,0,0,0,1,0,0,0,0,0,10,1,0,0
0,0,2,79,0,1,1,0,1,0,2,0,0,0,0,0,0,0,0,0,0,0,0,0,0,0,0,0,0,2,1,0,0
0,0,4,175,0,0,0,0,1,3,4,0,0,1,3,0,0,0,0,0,0,0,0,0,0,0,0,0,0,10,1,0,0
0,0,5,137,4,0,0,0,1,4,5,0,1,4,4,0,0,0,0,0,1,0,0,1,0,0,0,0,0,12,1,0,0
0,0,5,87,2,1,0,1,1,2,5,1,1,1,2,0,0,0,0,0,0,0,0,1,0,0,0,0,0,10,9,0,0
0,0,7,153,0,0,0,0,2,7,7,0,0,0,7,0,0,0,0,0,0,1,0,0,1,1,0,0,0,5,1,0,0
3,1,5,201,0,0,0,0,2,5,7,0,0,0,5,0,0,0,1,0,0,0,0,0,0,1,0,0,0,6,1,0,0
0,0,7,91,0,1,1,0,1,0,7,0,0,0,0,0,0,0,0,0,0,0,0,5,0,0,0,0,0,15,1,0,0
0,0,3,129,1,1,0,1,1,1,3,1,0,1,1,1,1,0,0,0,0,0,0,0,0,0,0,0,0,8,9,0,0
0,0,20,221,4,0,0,0,7,15,20,0,1,4,15,0,0,0,4,0,2,0,0,1,0,2,0,0,0,35,1,0,0
0,0,6,345,0,0,0,0,2,2,6,0,0,0,2,0,0,0,1,0,0,0,0,0,0,1,0,0,0,5,1,0,0
0,0,3,119,1,1,0,1,1,1,3,1,0,2,1,1,1,0,0,0,0,0,0,0,0,0,0,0,0,8,9,0,0
0,0,19,297,4,0,0,0,2,8,19,2,0,4,8,0,0,0,1,0,0,0,0,1,0,1,1,0,0,20,1,0,0
0,0,10,167,3,0,0,0,2,12,10,0,2,1,12,0,0,0,1,0,1,0,0,3,0,1,0,0,0,18,1,0,0
0,0,3,109,1,1,0,1,1,1,3,1,0,1,1,1,1,0,0,0,0,0,0,0,0,0,0,0,0,7,9,0,0
0,0,11,139,3,4,3,1,1,6,11,1,3,3,6,0,0,0,0,0,0,0,0,3,0,0,0,0,0,17,9,0,0
0,0,5,315,0,0,0,0,1,2,5,0,0,0,2,0,0,0,0,0,0,0,0,1,0,0,0,0,0,8,1,0,0
0,0,5,705,1,0,0,0,4,3,5,0,0,3,3,0,0,0,3,0,0,0,0,1,0,1,0,0,0,10,1,0,0
0,0,2,169,0,1,1,0,1,0,2,0,0,0,0,0,0,0,0,0,0,0,0,0,0,0,0,0,0,3,1,0,0
0,0,3,197,2,1,0,1,1,1,3,1,0,1,1,1,1,0,0,0,0,0,0,0,0,0,0,0,0,7,9,0,0
0,0,37,347,4,2,2,0,8,14,37,0,7,0,14,0,0,2,3,0,2,3,9,11,4,3,1,0,0,32,2,0,0
0,0,5,905,0,0,0,0,3,5,5,0,0,0,5,0,0,0,1,0,0,0,2,0,0,1,0,0,0,3,1,0,0
0,0,16,657,4,1,1,0,2,5,16,2,0,2,5,0,0,0,1,0,0,0,0,1,0,1,1,0,0,16,2,0,0
0,0,10,207,5,4,3,1,1,5,10,1,3,3,5,0,0,0,0,0,0,0,0,3,0,0,0,0,0,16,9,0,0
0,0,12,261,2,2,0,2,3,8,12,0,0,0,8,2,1,0,1,0,1,0,0,1,0,1,0,0,0,18,1,0,0
0,0,3,1051,4,2,1,1,1,1,3,0,0,3,1,1,1,0,0,0,0,0,0,0,0,0,0,0,0,6,9,0,0
0,0,18,577,7,1,0,1,4,10,18,0,0,2,10,1,1,0,1,0,2,0,1,3,0,1,0,0,0,23,1,0,0
2,0,8,295,5,0,0,0,1,9,10,1,2,3,9,0,0,0,0,0,0,0,1,2,0,0,0,0,0,15,1,0,0
0,0,33,937,6,1,1,0,15,11,33,0,3,4,11,0,0,0,5,0,0,0,0,6,9,1,0,0,0,15,9,0,0
0,0,3,753,2,1,0,1,1,1,3,0,0,1,1,0,0,0,0,0,0,0,0,0,0,0,0,0,0,6,1,0,0
0,0,2,779,0,0,0,0,1,0,2,0,0,1,0,0,0,0,0,0,0,0,0,0,0,0,0,0,0,6,1,0,0
0,0,2,765,2,0,0,0,1,0,2,0,0,4,0,0,0,0,0,0,0,0,0,0,0,0,0,0,0,5,1,0,0
0,0,3,833,1,1,0,1,1,1,3,0,0,1,1,0,0,0,0,0,0,0,0,0,0,0,0,0,0,5,1,0,0
0,0,6,851,3,0,0,0,3,3,6,0,0,4,3,0,0,0,1,0,0,0,0,1,0,1,0,0,0,13,1,0,0
0,0,3,869,0,0,0,0,1,1,3,0,0,1,1,0,0,0,0,0,0,0,0,0,0,0,0,0,0,6,1,0,0
0,0,6,435,0,0,0,0,2,2,6,1,1,2,2,0,0,1,0,0,0,0,1,1,0,1,0,0,0,12,1,0,0
0,0,3,675,0,0,0,0,1,0,3,0,0,0,0,0,0,0,0,0,0,0,0,1,0,0,0,0,0,5,1,0,0
0,0,26,801,4,0,0,0,2,8,26,0,3,0,8,0,0,0,1,0,0,0,0,3,0,1,1,0,0,33,1,0,0
0,0,6,887,0,1,1,0,2,4,6,0,0,0,4,0,0,0,1,0,0,0,0,1,0,1,0,0,0,6,1,0,0
0,0,3,187,1,1,0,1,1,1,3,1,0,1,1,1,1,0,0,0,0,0,0,0,0,0,0,0,0,7,9,0,0
0,0,8,233,1,0,0,0,2,6,8,0,0,1,6,0,0,0,0,0,0,0,0,1,0,1,0,0,0,15,1,0,0
0,0,3,927,2,1,0,1,1,1,3,0,0,1,1,1,2,0,0,0,0,0,0,0,0,0,0,0,0,3,1,0,0
0,0,7,639,5,1,0,1,1,5,7,1,2,4,5,1,1,0,0,0,1,0,0,2,0,0,0,0,0,16,1,0,0
0,0,6,1063,0,0,0,0,2,2,6,0,0,0,2,0,0,0,1,0,0,0,0,0,0,1,0,0,0,5,1,0,0
0,0,3,177,2,1,0,1,1,1,3,1,0,1,1,1,1,0,0,0,0,0,0,0,0,0,0,0,0,7,9,0,0
0,0,3,1081,1,0,0,0,1,0,3,1,0,0,0,0,0,0,0,0,0,0,0,0,0,0,0,0,0,4,1,0,0
0,0,21,721,4,1,1,0,2,8,21,0,3,1,8,0,0,0,1,0,0,0,0,4,0,1,1,0,0,31,1,0,0
0,0,7,329,0,0,0,0,1,7,7,0,0,0,7,0,0,0,0,0,0,0,0,0,0,0,0,0,0,5,1,0,0
0,0,35,471,5,0,0,0,8,17,35,1,2,4,17,0,0,0,1,0,3,0,2,3,0,2,0,0,0,20,1,0,0
0,0,3,77,2,0,0,0,1,0,3,0,0,2,0,0,0,0,0,0,0,0,0,0,0,0,0,0,0,4,1,0,0
0,0,2,161,1,0,0,0,1,0,2,0,0,3,0,0,0,0,0,0,0,0,0,0,0,0,0,0,0,3,4,0,0
3,2,17,103,2,1,0,1,3,8,18,3,1,0,8,1,1,0,0,1,0,2,2,2,0,2,0,0,0,12,1,0,0
0,0,3,89,0,1,1,0,1,2,3,1,0,0,2,0,0,0,0,0,1,0,0,0,0,0,0,0,0,2,1,0,0
0,0,3,321,2,1,0,1,1,1,3,0,0,1,1,0,0,0,0,0,0,0,0,0,0,0,0,0,0,9,1,0,0
0,0,2,345,2,0,0,0,1,0,2,0,0,3,0,0,0,0,0,0,0,0,0,0,0,0,0,0,0,6,1,0,0
0,0,2,375,1,0,0,0,1,0,2,0,0,4,0,0,0,0,0,0,0,0,0,0,0,0,0,0,0,7,1,0,0
0,0,5,303,2,0,0,0,2,3,5,0,0,1,3,0,0,0,1,0,0,0,0,0,0,1,0,0,0,12,1,0,0
0,0,13,261,1,0,0,0,3,10,13,0,0,1,10,0,0,0,1,0,1,0,0,0,0,1,0,0,0,13,1,0,0
0,0,7,117,3,1,0,1,1,4,7,1,2,1,4,1,1,0,0,0,0,0,0,2,0,0,0,0,0,13,9,0,0
0,0,6,355,1,0,0,0,2,1,6,0,0,2,1,0,0,0,1,0,0,0,0,0,0,1,0,0,0,8,1,0,0
0,0,2,135,0,1,1,0,1,0,2,0,0,0,0,0,0,0,0,0,0,0,0,0,0,0,0,0,0,4,1,0,0
0,0,25,153,3,4,2,2,6,5,25,1,6,1,5,0,0,0,3,0,0,0,0,14,0,2,0,0,0,15,9,0,0
0,0,3,143,0,1,1,0,1,0,3,0,0,3,0,0,0,0,0,0,0,0,0,0,0,0,0,0,0,6,1,0,0
4,0,10,395,6,1,1,0,3,6,14,1,2,1,6,0,0,0,1,0,0,0,0,4,0,1,0,0,0,28,1,0,0
0,0,4,437,0,0,0,0,1,3,4,0,0,0,3,0,0,0,0,0,0,0,0,0,0,0,0,0,0,4,1,0,0
0,0,6,101,2,1,0,1,1,3,6,1,2,0,3,1,1,0,0,0,0,0,0,2,0,0,0,0,0,13,9,0,0
0,0,50,223,6,0,0,0,2,10,50,1,2,3,10,0,0,0,1,0,0,0,0,2,0,1,2,0,0,49,1,0,0
0,0,3,223,0,0,0,0,1,0,3,1,0,0,0,0,0,0,0,0,0,0,0,0,0,0,0,0,0,5,1,0,0
2,0,7,131,4,1,0,1,3,8,9,0,0,2,8,1,1,0,1,0,2,0,0,0,0,1,0,0,0,16,4,0,0
0,0,13,185,2,0,0,0,4,10,13,0,0,2,10,0,0,0,0,0,0,0,0,0,0,2,0,0,0,10,4,0,0
0,0,3,119,2,0,0,0,1,2,3,0,0,2,2,0,0,0,0,0,0,0,0,0,0,0,0,0,0,7,4,0,0
0,0,5,103,4,0,0,0,1,0,5,0,0,5,0,0,0,0,0,0,0,0,0,2,0,0,0,0,0,7,1,0,0
0,0,11,153,3,1,1,0,3,6,11,1,2,2,6,0,0,0,1,0,0,2,0,4,1,2,0,0,0,12,2,0,0
0,0,3,233,0,0,0,0,1,0,3,0,0,1,0,0,0,0,0,0,0,0,0,1,0,0,0,0,0,5,1,0,0
0,0,3,119,1,1,0,1,1,1,3,1,0,2,1,1,1,0,0,0,0,0,0,0,0,0,0,0,0,8,9,0,0
0,0,10,167,3,0,0,0,2,12,10,0,2,1,12,0,0,0,1,0,1,0,0,3,0,1,0,0,0,18,1,0,0
1,1,20,223,4,0,0,0,7,15,20,0,1,4,15,0,0,0,4,0,2,0,0,1,0,2,0,0,0,35,1,0,0
2,1,6,201,0,0,0,0,2,5,7,0,0,0,5,0,0,0,1,0,0,0,0,0,0,1,0,0,0,6,1,0,0
0,0,3,109,1,1,0,1,1,1,3,1,0,1,1,1,1,0,0,0,0,0,0,0,0,0,0,0,0,7,9,0,0
0,0,11,139,3,4,3,1,1,6,11,1,3,3,6,0,0,0,0,0,0,0,0,3,0,0,0,0,0,17,9,0,0
0,0,19,299,4,0,0,0,2,8,19,2,0,4,8,0,0,0,1,0,0,0,0,1,0,1,1,0,0,20,1,0,0
0,0,3,129,1,1,0,1,1,1,3,1,0,1,1,1,1,0,0,0,0,0,0,0,0,0,0,0,0,8,9,0,0
0,0,6,347,0,0,0,0,2,2,6,0,0,0,2,0,0,0,1,0,0,0,0,0,0,1,0,0,0,5,1,0,0
0,0,7,91,0,1,1,0,1,0,7,0,0,0,0,0,0,0,0,0,0,0,0,5,0,0,0,0,0,15,1,0,0
0,0,5,317,0,0,0,0,1,2,5,0,0,0,2,0,0,0,0,0,0,0,0,1,0,0,0,0,0,8,1,0,0
0,0,5,109,2,0,0,0,1,0,5,0,0,3,0,0,0,0,0,0,0,0,0,3,0,0,0,0,0,7,1,0,0
0,0,4,153,1,0,0,0,1,3,4,0,0,1,3,0,0,0,0,0,0,0,0,0,0,0,0,0,0,5,1,0,0
14,6,16,181,7,0,0,0,5,15,24,0,2,2,15,0,0,0,3,0,5,0,0,2,0,2,1,0,0,20,1,0,0
0,0,3,227,1,0,0,0,1,1,3,0,0,2,1,0,0,0,0,0,0,0,0,0,0,0,0,0,0,5,1,0,0
0,0,5,123,2,0,0,0,1,0,5,0,0,3,0,0,0,0,0,0,0,0,0,3,0,0,0,0,0,7,1,0,0
4,4,11,139,5,0,0,0,2,2,11,2,0,2,2,0,0,0,1,0,0,0,0,1,0,1,1,0,0,15,1,0,0
0,0,3,247,2,0,0,0,1,1,3,0,0,1,1,0,0,0,0,0,0,0,0,0,0,0,0,0,0,4,1,0,0
2,3,33,73,5,2,1,1,7,12,32,2,5,2,12,1,1,0,3,0,0,3,1,9,2,4,0,0,0,20,40,0,0
2,3,4,63,1,1,0,1,1,1,3,1,0,1,1,1,2,0,0,0,0,0,0,0,0,0,0,0,0,3,8,0,0
0,0,12,179,2,1,0,1,2,6,12,1,0,1,6,1,1,0,0,1,0,0,0,0,0,1,0,0,0,15,4,0,0
0,0,35,313,10,2,1,1,3,27,35,0,7,3,27,0,0,0,0,0,1,7,7,9,1,1,0,0,0,25,9,0,0
0,0,25,239,5,1,1,0,4,16,25,1,2,3,16,0,0,0,1,0,0,4,3,4,0,1,0,0,0,10,10,0,0
0,0,5,419,2,1,1,0,1,0,5,0,0,3,0,0,0,0,0,0,0,0,0,3,0,0,0,0,0,5,0,0,0
0,0,7,1455,4,1,0,1,2,10,7,0,1,1,10,1,1,0,0,0,1,0,0,1,0,1,0,0,0,14,1,0,0
0,0,5,1585,0,2,2,0,2,1,5,1,1,1,1,0,0,0,0,0,0,0,0,2,0,1,0,0,0,5,1,0,0
0,0,3,2373,1,0,0,0,1,0,3,1,0,0,0,0,0,0,0,0,0,0,0,0,0,0,0,0,0,3,1,0,0
0,0,3,2383,1,0,0,0,1,0,3,1,0,0,0,0,0,0,0,0,0,0,0,0,0,0,0,0,0,5,1,0,0
0,0,4,2339,1,0,0,0,1,2,4,0,0,2,2,0,0,0,0,0,0,0,0,0,0,0,0,0,0,5,1,0,0
0,0,10,1417,3,4,2,2,2,9,10,0,1,2,9,2,1,0,0,0,0,0,0,1,0,1,0,0,0,13,1,0,0
0,0,7,1337,3,3,1,2,1,7,7,0,1,1,7,2,1,0,0,0,0,0,0,1,0,0,0,0,0,11,1,0,0
0,0,27,1723,7,2,0,2,10,7,27,5,0,1,7,2,1,0,0,0,5,0,0,0,0,1,0,0,0,18,1,0,0
0,0,22,951,1,0,0,0,6,8,22,0,1,1,8,0,0,0,5,0,0,8,0,1,0,1,0,0,0,18,4,0,0
0,0,7,1473,4,1,0,1,2,10,7,0,1,1,10,1,1,0,0,0,1,0,0,1,0,1,0,0,0,14,1,0,0
0,0,5,1571,0,3,3,0,2,1,5,1,1,0,1,0,0,0,0,0,0,0,0,2,0,1,0,0,0,4,1,0,0
0,0,8,1599,0,0,0,0,2,3,8,2,0,0,3,0,0,0,0,0,0,0,0,0,0,1,0,0,0,4,1,0,0
0,0,3,2395,1,2,2,0,1,0,3,0,0,1,0,0,0,0,0,0,0,0,0,1,0,0,0,0,0,5,1,0,0
0,0,3,435,0,1,1,0,1,1,3,0,0,0,1,0,0,0,0,0,0,0,0,0,0,0,0,0,0,3,2,0,0
0,0,5,1113,1,1,1,0,1,4,5,0,1,0,4,0,0,0,0,0,0,0,0,1,0,0,0,0,0,8,2,0,0
0,0,8,1023,2,0,0,0,1,8,8,0,1,1,8,0,0,0,0,0,0,0,0,1,1,0,0,0,0,15,1,0,0
0,0,3,1321,1,1,1,0,1,2,3,0,0,0,2,0,0,0,0,0,0,0,0,0,0,0,0,0,0,6,2,0,0
0,0,6,1399,2,2,1,1,1,6,6,0,1,1,6,1,1,0,0,0,0,0,0,1,0,0,0,0,0,11,1,0,0
0,0,8,1377,3,3,0,3,1,8,8,0,1,1,8,3,1,0,0,0,0,0,0,1,0,0,0,0,0,14,1,0,0
0,0,7,1357,2,2,0,2,1,7,7,0,1,1,7,2,1,0,0,0,0,0,0,1,0,0,0,0,0,10,1,0,0
0,0,4,1265,2,1,0,1,1,3,4,0,0,1,3,1,5,0,0,0,0,0,0,0,0,0,0,0,0,8,1,0,0
0,0,11,457,1,0,0,0,7,2,11,0,0,3,2,0,0,0,6,0,0,0,0,0,0,1,0,0,0,11,4,0,0
0,0,3,2159,1,6,6,0,1,2,3,1,0,1,2,0,0,0,0,0,0,0,0,0,0,0,0,0,0,4,1,0,0
0,0,3,1811,0,1,1,0,2,3,3,1,0,1,3,0,0,0,1,0,0,0,0,0,0,0,0,0,0,7,2,0,0
0,0,10,1491,1,0,0,0,3,8,10,0,2,1,8,0,0,0,0,0,0,0,0,2,0,1,0,0,0,11,1,0,0
0,0,38,2259,3,0,0,0,4,8,38,1,1,1,8,0,0,0,0,0,0,0,0,4,0,1,4,0,0,10,4,0,0
0,0,3,2169,1,2,2,0,1,1,3,1,0,0,1,0,0,0,0,0,0,0,0,0,0,0,0,0,0,3,1,0,0
0,0,3,2189,1,0,0,0,1,0,3,1,0,0,0,0,0,0,0,0,0,0,0,0,0,0,0,0,0,4,1,0,0
0,0,3,2209,0,2,2,0,1,2,3,0,0,0,2,0,0,0,0,0,0,0,0,0,0,0,0,0,0,5,1,0,0
0,0,5,1089,1,4,4,0,1,4,5,0,1,0,4,0,0,0,0,0,0,0,0,1,0,0,0,0,0,8,2,0,0
0,0,94,1825,13,4,0,4,27,28,94,23,2,1,28,4,3,0,4,0,18,0,0,13,0,2,0,0,0,38,1,0,0
0,0,16,1051,3,4,1,3,5,7,16,1,2,0,7,3,1,0,3,0,0,0,0,2,0,2,0,0,0,16,1,0,0
0,0,3,445,0,1,1,0,1,1,3,0,0,0,1,0,0,0,0,0,0,0,0,0,0,0,0,0,0,3,2,0,0
0,0,16,1277,1,3,1,2,5,6,16,4,0,1,6,2,1,0,3,0,0,0,0,2,0,1,0,0,0,16,2,0,0
0,0,3,2407,1,0,0,0,1,0,3,1,0,0,0,0,0,0,0,0,0,0,0,0,0,0,0,0,0,5,1,0,0
0,0,4,1553,2,2,2,0,1,2,4,0,1,0,2,0,0,0,0,0,0,0,0,1,0,0,0,0,0,5,1,0,0
0,0,50,257,9,5,0,5,11,21,50,0,2,1,21,5,2,0,6,0,0,12,0,11,0,2,0,0,0,59,1,0,1
0,0,3,2363,1,0,0,0,1,0,3,0,0,1,0,0,0,0,0,0,0,0,0,1,0,0,0,0,0,3,1,0,0
1,1,63,1127,3,8,2,6,17,23,63,5,3,1,23,6,4,0,2,1,0,0,1,7,0,3,0,0,0,47,2,0,0
0,0,9,2219,0,1,1,0,2,2,9,2,0,0,2,0,0,0,0,0,0,0,0,0,0,1,0,0,0,18,2,0,0
0,0,4,1647,0,5,5,0,1,2,4,0,0,0,2,0,0,0,0,0,0,0,0,0,0,0,0,0,0,3,2,0,0
0,0,3,2179,1,1,1,0,1,0,3,1,0,0,0,0,0,0,0,0,0,0,0,0,0,0,0,0,0,3,1,0,0
0,0,3,2199,1,0,0,0,1,0,3,0,0,1,0,0,0,0,0,0,0,0,0,1,0,0,0,0,0,4,1,0,0
0,0,26,2069,1,3,0,3,7,16,26,0,0,0,16,3,1,0,3,0,0,0,0,0,0,3,0,0,0,15,1,0,0
0,0,4,417,1,1,0,1,1,2,4,0,0,0,2,1,1,0,0,0,0,0,0,0,0,0,0,0,0,5,1,0,0
0,0,3,2279,1,0,0,0,1,1,3,0,0,2,1,0,0,0,0,0,0,0,0,0,0,0,0,0,0,5,1,0,0
0,0,8,1517,3,3,2,1,2,6,8,0,1,0,6,1,1,0,1,0,0,0,0,1,0,1,0,0,0,7,1,0,0
0,0,8,1623,0,4,4,0,3,6,8,0,0,0,6,0,0,0,0,0,0,0,0,0,0,1,0,0,0,2,1,0,0
0,0,3,2303,1,0,0,0,1,1,3,0,0,2,1,0,0,0,0,0,0,0,0,0,0,0,0,0,0,5,1,0,0
0,0,5,1539,3,2,1,1,1,3,5,0,1,0,3,1,1,0,0,0,0,0,0,1,0,0,0,0,0,7,1,0,0
0,0,3,1103,0,1,1,0,2,2,3,1,0,0,2,0,0,0,1,0,0,0,0,0,0,0,0,0,0,8,2,0,0
0,0,144,491,13,11,0,11,45,50,144,7,5,1,50,11,7,1,16,1,10,0,2,9,0,6,0,0,0,57,4,0,0
0,0,18,1667,2,1,1,0,4,7,18,0,1,0,7,0,0,0,0,1,0,0,1,1,0,2,0,0,0,8,2,0,0
0,0,4,1443,2,2,1,1,2,2,4,0,1,1,2,1,2,0,0,0,0,0,0,1,0,0,0,0,0,9,1,0,0
0,0,3,2327,1,0,0,0,1,1,3,0,0,2,1,0,0,0,0,0,0,0,0,0,0,0,0,0,0,5,1,0,0
0,0,2,343,2,0,0,0,1,0,2,0,0,3,0,0,0,0,0,0,0,0,0,0,0,0,0,0,0,6,1,0,0
0,0,6,353,1,0,0,0,2,1,6,0,0,2,1,0,0,0,1,0,0,0,0,0,0,1,0,0,0,8,1,0,0
0,0,2,373,1,0,0,0,1,0,2,0,0,4,0,0,0,0,0,0,0,0,0,0,0,0,0,0,0,7,1,0,0
0,0,13,259,1,0,0,0,3,10,13,0,0,1,10,0,0,0,1,0,1,0,0,0,0,1,0,0,0,13,1,0,0
0,0,3,319,2,1,0,1,1,1,3,0,0,1,1,0,0,0,0,0,0,0,0,0,0,0,0,0,0,9,1,0,0
0,0,6,99,2,1,0,1,1,3,6,1,2,0,3,1,1,0,0,0,0,0,0,2,0,0,0,0,0,13,9,0,0
0,0,5,301,2,0,0,0,2,3,5,0,0,1,3,0,0,0,1,0,0,0,0,0,0,1,0,0,0,12,1,0,0
0,0,3,141,0,1,1,0,1,0,3,0,0,3,0,0,0,0,0,0,0,0,0,0,0,0,0,0,0,6,1,0,0
0,0,7,115,3,1,0,1,1,4,7,1,2,1,4,1,1,0,0,0,0,0,0,2,0,0,0,0,0,13,9,0,0
0,0,2,133,0,1,1,0,1,0,2,0,0,0,0,0,0,0,0,0,0,0,0,0,0,0,0,0,0,4,1,0,0
0,0,14,393,6,1,1,0,3,6,14,1,2,1,6,0,0,0,1,0,0,0,0,4,0,1,0,0,0,28,1,0,0
0,0,25,151,3,4,2,2,6,5,25,1,6,1,5,0,0,0,3,0,0,0,0,14,0,2,0,0,0,15,9,0,0
0,0,4,435,0,0,0,0,1,3,4,0,0,0,3,0,0,0,0,0,0,0,0,0,0,0,0,0,0,4,1,0,0
0,0,50,221,6,0,0,0,2,10,50,1,2,3,10,0,0,0,1,0,0,0,0,2,0,1,2,0,0,49,1,0,0
7,7,6,141,4,0,0,0,1,0,6,0,0,4,0,0,0,0,0,0,0,0,0,3,0,0,0,0,0,37,1,0,1
64,58,34,157,9,0,0,0,7,21,40,1,8,0,21,0,0,0,3,3,1,1,0,15,0,4,0,0,0,27,1,0,0
0,0,6,95,3,0,0,0,1,0,6,0,0,3,0,0,0,0,0,0,0,0,0,3,0,0,0,0,0,10,1,0,0
0,0,2,195,2,0,0,0,1,0,2,0,0,1,0,0,0,0,0,0,0,0,0,0,0,0,0,0,0,4,1,0,0
0,0,3,205,1,0,0,0,1,0,3,0,0,1,0,0,0,0,0,0,0,0,0,1,0,0,0,0,0,5,1,0,0
4,0,3,215,1,0,0,0,1,0,3,0,0,1,0,0,0,0,0,0,0,0,0,1,0,0,0,0,0,4,1,0,0
4,0,11,151,2,0,0,0,4,9,15,0,0,2,9,0,0,0,2,0,0,0,0,0,0,1,0,0,0,8,1,0,0
8,1,5,113,5,0,0,0,3,1,12,2,1,2,1,0,0,0,1,0,0,0,0,2,0,1,0,0,0,18,1,0,0
5,0,8,229,1,0,0,0,4,7,13,0,2,1,7,0,0,0,2,0,1,0,0,2,0,1,0,0,0,12,1,0,0
7,0,6,233,0,0,0,0,1,6,6,0,0,1,6,0,0,0,0,0,0,0,0,0,0,0,0,0,0,11,1,0,0
0,0,24,107,6,0,0,0,1,8,24,1,2,3,8,0,0,0,0,0,0,0,0,3,0,0,1,0,0,33,1,0,0
0,0,12,135,2,0,0,0,6,9,12,2,0,3,9,0,0,0,4,0,4,0,1,0,0,2,0,0,0,14,1,0,0
0,0,5,91,1,1,0,1,1,2,5,1,1,1,2,0,0,0,0,0,0,0,0,1,0,0,0,0,0,9,9,0,0
0,0,6,205,0,0,0,0,1,6,6,0,0,0,6,0,0,0,0,0,0,0,0,0,0,0,0,0,0,5,1,0,0
0,0,4,221,0,0,0,0,1,3,4,0,0,0,3,0,0,0,0,0,0,0,0,0,0,0,0,0,0,4,1,0,0
0,0,7,181,4,0,0,0,2,5,7,0,1,4,5,0,0,0,0,0,1,0,0,1,0,1,0,0,0,12,1,0,0
1,0,7,399,0,0,0,0,2,8,8,0,0,0,8,0,0,0,0,0,0,0,0,0,0,1,0,0,0,5,1,0,0
0,0,36,155,9,0,0,0,1,9,36,1,1,3,9,0,0,0,0,0,0,0,0,3,0,0,3,0,0,44,1,0,0
0,0,2,209,0,0,0,0,1,0,2,0,0,4,0,0,0,0,0,0,0,0,0,0,0,0,0,0,0,6,1,0,0
0,0,8,263,0,2,2,0,2,3,8,0,0,0,3,0,0,0,0,0,0,0,1,0,0,1,0,0,0,4,2,0,0
0,0,7,237,3,1,0,1,5,3,7,2,0,3,3,0,0,0,4,0,4,0,0,0,0,1,0,0,0,12,1,0,0
0,0,3,183,2,1,0,1,1,1,3,0,0,1,1,0,0,0,0,0,0,0,0,0,0,0,0,0,0,5,1,0,0
0,0,2,217,0,0,0,0,1,0,2,0,0,4,0,0,0,0,0,0,0,0,0,0,0,0,0,0,0,6,1,0,0
0,0,3,199,2,1,0,1,1,1,3,0,0,1,1,0,0,0,0,0,0,0,0,0,0,0,0,0,0,7,1,0,0
0,0,4,323,0,0,0,0,1,1,4,0,0,1,1,0,0,0,0,0,0,0,0,0,0,0,0,0,0,5,1,0,0
0,0,9,357,1,1,0,1,1,10,9,0,0,1,10,0,0,0,0,0,0,0,0,0,0,0,0,0,0,14,1,0,0
0,0,11,127,4,1,0,1,1,6,11,1,3,1,6,0,0,0,0,0,0,0,1,3,0,0,0,0,0,15,9,0,0
0,0,5,383,1,0,0,0,1,4,5,0,0,1,4,0,0,0,0,0,0,0,0,1,0,0,0,0,0,13,1,0,0
5,0,4,423,0,0,0,0,1,4,4,0,0,0,4,0,0,0,0,0,0,0,0,0,0,0,0,0,0,4,1,0,0
0,0,4,437,0,0,0,0,1,3,4,0,0,1,3,0,0,0,0,0,0,0,0,0,0,0,0,0,0,10,1,0,0
0,0,11,285,1,2,2,0,2,10,11,0,1,0,10,0,0,0,0,0,0,0,1,1,0,1,0,0,0,11,2,0,0
0,0,2,119,0,1,1,0,1,0,2,0,0,0,0,0,0,0,0,0,0,0,0,0,0,0,0,0,0,2,1,0,0
0,0,7,337,1,0,0,0,1,5,7,0,0,1,5,0,0,0,0,0,0,1,0,0,0,0,0,0,0,9,1,0,0
0,0,9,221,1,0,0,0,7,7,9,0,0,2,7,0,0,0,2,0,2,4,0,0,0,1,0,0,0,8,1,0,0
0,0,2,363,0,0,0,0,1,0,2,0,0,4,0,0,0,0,0,0,0,0,0,0,0,0,0,0,0,6,1,0,0
0,0,8,337,1,1,0,1,2,2,8,0,0,4,2,0,0,0,0,0,0,0,0,0,0,1,0,0,0,11,1,0,0
0,0,3,197,2,1,0,1,1,1,3,0,0,1,1,0,0,0,0,0,0,0,0,0,0,0,0,0,0,6,1,0,0
0,0,8,281,4,2,1,1,2,6,8,0,2,1,6,1,2,0,0,0,0,0,0,2,0,1,0,0,0,16,2,0,0
6,7,42,389,3,4,3,1,11,8,41,4,4,0,8,1,1,0,4,1,1,3,5,19,0,1,0,0,0,34,2,0,0
12,0,1,115,1,2,0,2,3,6,13,0,0,0,6,2,3,0,1,0,0,0,0,0,0,1,0,0,0,11,1,0,0
0,0,4,505,0,0,0,0,1,3,4,0,0,0,3,0,0,0,0,0,0,0,0,0,0,0,0,0,0,4,1,0,0
0,0,8,519,1,2,2,0,2,3,8,2,0,1,3,0,0,0,1,0,0,0,0,0,0,1,0,0,0,10,2,0,0
6,5,34,159,9,0,0,0,2,12,35,1,3,3,12,0,0,0,1,0,0,1,0,4,0,1,2,0,0,33,1,0,0
0,0,3,103,0,0,0,0,1,1,3,0,0,0,1,0,0,0,0,0,0,0,0,0,0,0,0,0,0,5,1,0,0
10,0,8,307,3,2,1,1,2,2,8,0,3,0,2,1,1,1,0,0,0,0,1,4,0,1,0,0,0,15,2,0,0
0,0,2,377,1,0,0,0,1,0,2,0,0,1,0,0,0,0,0,0,0,0,0,0,0,0,0,0,0,5,1,0,0
0,0,13,151,2,1,0,1,3,14,13,0,0,0,14,1,1,0,0,0,2,0,0,1,0,1,0,0,0,12,1,0,0
0,0,4,291,0,0,0,0,1,4,4,0,0,0,4,0,0,0,0,0,0,0,0,0,0,0,0,0,0,5,1,0,0
0,0,6,189,2,1,0,1,2,2,6,0,0,1,2,1,1,0,0,0,0,0,0,1,0,1,0,0,0,6,1,0,0
0,0,2,387,1,0,0,0,1,0,2,0,0,1,0,0,0,0,0,0,0,0,0,0,0,0,0,0,0,4,1,0,0
0,0,7,113,4,0,0,0,2,1,7,1,0,3,1,0,0,0,1,0,0,0,0,2,0,1,0,0,0,11,1,0,0
0,0,9,359,1,1,1,0,3,7,9,0,0,1,7,0,0,0,0,0,2,0,0,0,0,2,0,0,0,11,2,0,0
0,0,30,207,3,2,2,0,8,11,30,1,3,0,11,0,0,1,6,0,0,0,2,7,0,3,0,0,0,15,1,0,0
0,0,4,137,1,0,0,0,1,2,4,0,0,1,2,0,0,0,0,0,0,0,0,0,0,0,0,0,0,10,1,0,0
5,0,15,305,5,1,0,1,7,11,20,0,2,4,11,1,1,0,5,0,3,0,1,3,1,2,0,0,0,21,1,0,0
0,0,30,207,3,3,3,0,8,11,30,1,3,0,11,0,0,1,6,0,0,0,2,7,0,3,0,0,0,15,1,0,0
0,0,4,137,1,0,0,0,1,2,4,0,0,1,2,0,0,0,0,0,0,0,0,0,0,0,0,0,0,10,1,0,0
0,0,9,361,1,1,1,0,3,7,9,0,0,1,7,0,0,0,0,0,2,0,0,0,0,2,0,0,0,11,2,0,0
0,0,7,113,4,0,0,0,2,1,7,1,0,3,1,0,0,0,1,0,0,0,0,2,0,1,0,0,0,11,1,0,0
0,0,4,291,0,0,0,0,1,4,4,0,0,0,4,0,0,0,0,0,0,0,0,0,0,0,0,0,0,5,1,0,0
1,0,20,305,5,2,0,2,7,12,21,0,2,4,12,2,1,0,5,0,3,0,1,3,1,2,0,0,0,23,1,0,0
0,0,2,389,1,0,0,0,1,0,2,0,0,1,0,0,0,0,0,0,0,0,0,0,0,0,0,0,0,4,1,0,0
0,0,6,189,2,1,0,1,2,2,6,0,0,1,2,1,1,0,0,0,0,0,0,1,0,1,0,0,0,6,1,0,0
0,0,13,151,2,1,0,1,3,14,13,0,0,0,14,1,1,0,0,0,2,0,0,1,0,1,0,0,0,12,1,0,0
0,0,10,99,1,1,1,0,2,5,10,0,0,2,5,0,0,0,0,0,0,0,0,0,0,1,0,0,0,6,10,0,0
2,1,20,35,5,1,0,1,11,6,21,0,3,3,6,1,1,0,4,0,5,4,2,3,0,2,0,0,0,17,9,0,0
0,0,14,113,2,1,0,1,3,4,14,3,1,0,4,1,1,0,0,1,0,0,0,1,0,2,0,0,0,10,1,0,0
0,0,3,89,2,0,0,0,1,0,3,0,0,2,0,0,0,0,0,0,0,0,0,0,0,0,0,0,0,4,1,0,0
0,0,6,203,2,1,1,0,1,5,6,1,2,1,5,0,0,0,0,0,0,0,0,2,0,0,0,0,0,10,2,0,0
1,1,14,157,3,2,0,2,2,12,14,0,3,3,12,2,1,0,0,1,1,3,1,4,2,1,0,0,0,19,4,0,0
0,0,3,101,0,1,1,0,1,2,3,1,0,0,2,0,0,0,0,0,1,0,0,0,0,0,0,0,0,2,1,0,0
0,0,11,219,1,1,1,0,2,4,11,0,4,2,4,0,0,1,0,0,1,0,3,4,0,1,0,0,0,15,2,0,0
0,0,8,337,3,2,1,1,2,2,8,0,3,0,2,1,1,1,0,0,0,0,1,4,0,1,0,0,0,15,2,0,0
0,0,8,435,1,2,2,0,2,3,8,2,0,1,3,0,0,0,1,0,0,0,0,0,0,1,0,0,0,10,2,0,0
3,0,5,415,3,0,0,0,2,4,8,0,1,0,4,0,0,0,0,0,0,0,0,1,0,1,0,0,0,8,1,0,0
0,0,3,111,0,0,0,0,1,1,3,0,0,0,1,0,0,0,0,0,0,0,0,0,0,0,0,0,0,6,1,0,0
0,0,8,367,1,1,0,1,2,2,8,0,0,4,2,0,0,0,0,0,0,0,0,0,0,1,0,0,0,11,1,0,0
0,0,2,389,0,0,0,0,1,0,2,0,0,4,0,0,0,0,0,0,0,0,0,0,0,0,0,0,0,6,1,0,0
0,0,2,403,1,0,0,0,1,0,2,0,0,1,0,0,0,0,0,0,0,0,0,0,0,0,0,0,0,5,1,0,0
0,0,25,257,2,4,3,1,8,6,25,5,2,0,6,1,1,0,3,0,0,1,5,10,0,1,0,0,0,24,2,0,0
0,0,13,123,1,2,0,2,3,6,13,0,0,0,6,2,3,0,1,0,0,0,0,0,0,1,0,0,0,11,1,0,0
0,0,3,213,2,1,0,1,1,1,3,0,0,1,1,0,0,0,0,0,0,0,0,0,0,0,0,0,0,5,1,0,0
0,0,22,167,7,0,0,0,2,12,22,1,2,3,12,0,0,0,1,0,0,0,0,3,0,1,1,0,0,23,1,0,0
0,0,8,233,4,2,1,1,2,6,8,0,2,1,6,1,2,0,0,0,0,1,0,2,0,1,0,0,0,15,1,0,0
0,0,13,755,3,0,0,0,4,10,13,0,0,2,10,0,0,0,2,0,0,0,1,0,0,1,0,0,0,12,1,0,0
0,0,6,715,2,2,0,2,1,3,6,0,0,1,3,0,0,0,0,0,0,0,0,0,0,0,0,0,0,6,1,0,0
0,0,23,245,4,1,1,0,1,7,23,0,2,1,7,0,0,0,0,0,0,1,0,4,1,0,2,0,0,28,2,0,0
0,0,10,675,2,2,0,2,2,14,10,0,0,1,14,0,0,0,0,0,0,0,0,1,0,1,0,0,0,24,1,0,0
0,0,29,739,2,0,0,0,1,10,29,0,2,0,10,0,0,0,0,0,0,1,0,2,1,0,2,0,0,17,1,0,0
0,0,8,455,1,0,0,0,7,5,8,0,0,2,5,0,0,0,4,0,2,4,0,0,0,1,0,0,0,9,1,0,0
0,0,4,269,2,2,0,2,1,4,4,0,1,1,4,0,0,0,0,0,0,0,0,1,0,0,0,0,0,12,1,0,0
0,0,71,313,6,3,3,0,6,20,71,1,5,2,20,0,0,0,4,1,0,3,1,11,2,1,2,0,0,41,2,0,0
0,0,4,613,1,0,0,0,1,2,4,0,0,1,2,0,0,0,0,0,0,0,0,0,0,0,0,0,0,10,1,0,0
0,0,2,159,0,1,1,0,1,0,2,0,0,0,0,0,0,0,0,0,0,0,0,0,0,0,0,0,0,3,1,0,0
4,0,15,197,6,2,0,2,4,10,19,3,0,3,10,2,1,0,3,0,0,0,0,4,0,1,0,0,0,36,1,0,0
0,0,5,181,1,1,1,0,1,1,5,1,1,1,1,0,0,0,0,0,0,0,0,1,0,0,0,0,0,7,9,0,0
0,0,11,847,2,0,0,0,2,4,11,0,1,1,4,0,0,0,1,0,0,0,0,2,2,1,0,0,0,6,1,0,0
0,0,32,519,3,1,1,0,6,9,32,2,4,1,9,0,0,0,2,1,0,3,1,18,0,1,0,0,0,31,2,0,0
0,0,30,657,3,1,0,1,1,4,30,0,1,0,4,1,1,0,0,0,0,0,0,2,0,0,2,0,0,29,1,0,0
0,0,5,167,1,2,0,2,1,2,5,1,1,1,2,1,1,0,0,0,0,0,0,1,0,0,0,0,0,12,9,0,0
0,0,4,827,0,0,0,0,1,3,4,0,0,0,3,0,0,0,0,0,0,0,0,0,0,0,0,0,0,4,1,0,0
0,0,8,627,0,0,0,0,2,8,8,0,0,0,8,0,0,0,0,0,0,1,0,0,1,1,0,0,0,5,1,0,0
0,0,3,805,1,0,0,0,1,1,3,0,0,2,1,0,0,0,0,0,0,0,0,0,0,0,0,0,0,5,1,0,0
0,0,4,389,2,2,0,2,1,4,4,0,0,1,4,0,0,0,0,0,1,0,0,0,0,0,0,0,0,10,1,0,0
0,0,5,293,3,2,0,2,1,4,5,0,2,1,4,0,0,0,0,0,0,0,0,2,0,0,0,0,0,13,1,0,0
0,0,9,189,3,0,0,0,2,5,9,0,1,2,5,0,0,0,1,0,0,0,0,1,0,1,0,0,0,8,9,0,0
0,0,5,251,2,0,0,0,1,3,5,0,1,1,3,0,0,0,0,0,0,1,0,1,0,0,0,0,0,7,9,0,0
0,0,9,165,3,0,0,0,2,5,9,0,1,2,5,0,0,0,1,0,0,0,0,1,0,1,0,0,0,9,9,0,0
0,0,3,125,2,1,0,1,1,1,3,0,0,3,1,1,1,0,0,0,0,0,0,0,0,0,0,0,0,4,9,0,0
10,3,4,135,3,0,0,0,3,3,11,0,2,2,3,0,0,0,1,0,0,0,0,3,0,1,0,0,0,13,9,0,0
0,0,13,213,4,0,0,0,2,6,13,2,3,2,6,0,0,0,0,0,0,1,2,3,0,1,0,0,0,15,9,0,0
0,0,11,95,3,1,1,0,4,5,11,0,1,4,5,0,0,0,2,0,0,0,1,1,0,1,0,0,0,17,9,0,1
17,0,12,95,1,0,0,0,2,3,12,1,2,0,3,0,0,0,0,1,0,0,0,3,0,1,0,0,0,9,1,0,0
6,0,5,79,2,0,0,0,1,0,5,0,0,3,0,0,0,0,0,0,0,0,0,2,0,0,0,0,0,8,1,0,0
2,4,21,205,6,2,0,2,4,10,19,3,0,3,10,2,1,0,3,0,0,0,0,4,0,1,0,0,0,36,1,0,0
2,1,23,249,4,1,1,0,1,7,24,0,2,1,7,0,0,0,0,0,0,1,0,4,1,0,2,0,0,24,2,0,0
6,5,29,765,3,2,0,2,1,5,30,0,1,0,5,2,1,0,0,0,0,0,0,2,0,0,2,0,0,29,1,0,0
0,0,4,635,1,0,0,0,1,2,4,0,0,1,2,0,0,0,0,0,0,0,0,0,0,0,0,0,0,10,1,0,0
0,0,2,167,0,1,1,0,1,0,2,0,0,0,0,0,0,0,0,0,0,0,0,0,0,0,0,0,0,3,1,0,0
0,0,11,971,2,0,0,0,2,4,11,0,1,1,4,0,0,0,1,0,0,0,0,2,2,1,0,0,0,6,1,0,0
10,0,8,671,2,1,1,0,2,2,8,0,3,0,2,0,0,1,0,0,0,0,1,4,0,1,0,0,0,10,2,0,0
0,0,8,649,0,0,0,0,2,8,8,0,0,0,8,0,0,0,0,0,0,1,0,0,1,1,0,0,0,5,1,0,0
0,0,5,189,1,1,1,0,1,1,5,1,1,1,1,0,0,0,0,0,0,0,0,1,0,0,0,0,0,7,9,0,0
0,0,71,319,6,3,3,0,6,20,71,1,5,2,20,0,0,0,4,1,0,3,1,11,2,1,2,0,0,41,2,0,0
0,0,6,825,2,1,0,1,1,3,6,0,0,1,3,0,0,0,0,0,0,0,0,0,0,0,0,0,0,6,1,0,0
0,0,9,785,2,1,0,1,2,13,9,0,0,1,13,0,0,0,0,0,0,0,0,1,0,1,0,0,0,22,1,0,0
0,0,3,915,1,0,0,0,1,1,3,0,0,2,1,0,0,0,0,0,0,0,0,0,0,0,0,0,0,5,1,0,0
0,0,13,865,3,0,0,0,4,10,13,0,0,2,10,0,0,0,2,0,0,0,1,0,0,1,0,0,0,12,1,0,0
0,0,5,175,1,2,0,2,1,2,5,1,1,1,2,1,1,0,0,0,0,0,0,1,0,0,0,0,0,12,9,0,0
0,0,5,299,3,1,0,1,1,4,5,0,2,1,4,0,0,0,0,0,0,0,0,2,0,0,0,0,0,13,1,0,0
0,0,8,701,1,1,0,1,2,2,8,0,0,4,2,0,0,0,0,0,0,0,0,0,0,1,0,0,0,11,1,0,0
0,0,2,727,0,0,0,0,1,0,2,0,0,4,0,0,0,0,0,0,0,0,0,0,0,0,0,0,0,6,1,0,0
0,0,4,395,2,1,0,1,1,4,4,0,0,1,4,0,0,0,0,0,1,0,0,0,0,0,0,0,0,10,1,0,0
0,0,8,461,1,0,0,0,7,5,8,0,0,2,5,0,0,0,4,0,2,4,0,0,0,1,0,0,0,9,1,0,0
0,0,5,273,3,1,0,1,1,3,5,0,2,1,3,0,0,0,0,0,0,0,0,2,0,0,0,0,0,15,1,0,0
0,0,4,951,0,0,0,0,1,3,4,0,0,0,3,0,0,0,0,0,0,0,0,0,0,0,0,0,0,4,1,0,0
0,0,29,849,2,0,0,0,1,10,29,0,2,0,10,0,0,0,0,0,0,1,0,2,1,0,2,0,0,17,1,0,0
14,6,28,525,2,1,1,0,9,7,36,4,4,0,7,0,0,0,4,1,0,2,2,18,0,1,0,0,0,29,2,0,0
4,3,3,935,1,0,0,0,1,4,4,0,1,0,4,0,0,0,0,0,0,0,0,1,0,0,0,0,0,9,1,0,0
0,0,2,741,1,0,0,0,1,0,2,0,0,1,0,0,0,0,0,0,0,0,0,0,0,0,0,0,0,5,1,0,0
0,0,13,351,0,0,0,0,1,1,13,0,0,0,1,0,0,0,0,0,0,0,0,0,0,0,0,0,0,1,0,0,0
12,0,11,499,1,3,3,0,3,1,11,2,1,2,1,0,0,0,2,0,0,2,0,3,0,1,0,0,0,8,2,0,0
44,0,26,409,2,2,1,1,7,9,26,1,1,1,9,1,1,0,1,0,0,11,0,9,4,2,0,0,0,27,2,0,0
7,0,5,105,5,0,0,0,1,1,5,0,0,4,1,0,0,0,0,0,0,0,0,2,0,0,0,0,0,8,1,0,0
22,0,16,251,2,3,2,1,4,7,16,1,2,1,7,1,1,1,0,0,0,0,0,4,0,3,0,0,0,19,2,0,0
27,0,18,195,3,3,1,2,5,10,18,0,1,2,10,2,2,0,0,0,0,0,0,1,0,1,0,0,0,28,2,0,0
9,0,7,137,2,0,0,0,2,5,7,0,1,2,5,0,0,0,1,0,0,1,0,2,0,1,0,0,0,13,4,0,0
6,0,5,121,3,1,0,1,1,5,5,0,0,2,5,1,2,0,0,0,0,0,1,0,0,0,0,0,0,11,4,0,0
0,0,47,531,0,0,0,0,1,1,47,0,0,0,1,0,0,0,0,0,0,45,0,0,0,0,0,0,0,3,0,0,0
17,0,15,159,3,2,0,2,4,7,15,0,0,2,7,2,3,0,0,0,0,0,0,0,0,1,0,0,0,16,4,0,0
0,0,7,1481,4,1,0,1,2,10,7,0,1,1,10,1,1,0,0,0,1,0,0,1,0,1,0,0,0,14,1,0,0
0,0,8,1647,0,4,4,0,3,6,8,0,0,0,6,0,0,0,0,0,0,0,0,0,0,1,0,0,0,2,1,0,0
0,0,3,2233,0,2,2,0,1,2,3,0,0,0,2,0,0,0,0,0,0,0,0,0,0,0,0,0,0,5,1,0,0
0,0,8,1525,3,3,2,1,2,6,8,0,1,0,6,1,1,0,1,0,0,0,0,1,0,1,0,0,0,7,1,0,0
0,0,10,1499,1,0,0,0,3,8,10,0,2,1,8,0,0,0,0,0,0,0,0,2,0,1,0,0,0,11,1,0,0
0,0,3,439,0,1,1,0,1,1,3,0,0,0,1,0,0,0,0,0,0,0,0,0,0,0,0,0,0,3,2,0,0
0,0,3,2407,1,0,0,0,1,0,3,1,0,0,0,0,0,0,0,0,0,0,0,0,0,0,0,0,0,5,1,0,0
0,0,4,1273,2,1,0,1,1,3,4,0,0,1,3,1,5,0,0,0,0,0,0,0,0,0,0,0,0,8,1,0,0
0,0,11,461,1,0,0,0,7,2,11,0,0,3,2,0,0,0,6,0,0,0,0,0,0,1,0,0,0,11,4,0,0
0,0,38,2283,3,0,0,0,4,8,38,1,1,1,8,0,0,0,0,0,0,0,0,4,0,1,4,0,0,10,4,0,0
0,0,6,1407,2,2,1,1,1,6,6,0,1,1,6,1,1,0,0,0,0,0,0,1,0,0,0,0,0,11,1,0,0
0,0,4,1671,0,5,5,0,1,2,4,0,0,0,2,0,0,0,0,0,0,0,0,0,0,0,0,0,0,3,2,0,0
0,0,5,1097,1,4,4,0,1,4,5,0,1,0,4,0,0,0,0,0,0,0,0,1,0,0,0,0,0,8,2,0,0
0,0,63,1135,3,8,2,6,17,23,63,5,3,1,23,6,4,0,2,1,0,0,1,7,0,3,0,0,0,47,2,0,0
0,0,3,2183,1,6,6,0,1,2,3,1,0,1,2,0,0,0,0,0,0,0,0,0,0,0,0,0,0,4,1,0,0
3,12,154,495,14,11,0,11,46,50,145,8,5,1,50,11,7,1,15,1,11,1,2,8,0,6,0,0,0,59,4,0,0
0,0,16,1059,3,4,1,3,5,7,16,1,2,0,7,3,1,0,3,0,0,0,0,2,0,2,0,0,0,16,1,0,0
0,0,3,2387,1,0,0,0,1,0,3,0,0,1,0,0,0,0,0,0,0,0,0,1,0,0,0,0,0,3,1,0,0
0,0,6,1573,5,1,0,1,3,3,6,0,1,0,3,1,1,0,1,0,0,0,0,1,0,1,0,0,0,8,1,0,0
0,0,3,2213,1,0,0,0,1,0,3,1,0,0,0,0,0,0,0,0,0,0,0,0,0,0,0,0,0,4,1,0,0
0,0,3,2193,1,3,3,0,1,1,3,1,0,0,1,0,0,0,0,0,0,0,0,0,0,0,0,0,0,3,1,0,0
0,0,7,1463,4,1,0,1,2,10,7,0,1,1,10,1,1,0,0,0,1,0,0,1,0,1,0,0,0,14,1,0,0
0,0,5,1609,0,2,2,0,2,1,5,1,1,1,1,0,0,0,0,0,0,0,0,2,0,1,0,0,0,5,1,0,0
0,0,3,2303,1,0,0,0,1,1,3,0,0,2,1,0,0,0,0,0,0,0,0,0,0,0,0,0,0,5,1,0,0
0,0,9,2243,0,1,1,0,2,2,9,2,0,0,2,0,0,0,0,0,0,0,0,0,0,1,0,0,0,18,2,0,0
0,0,3,1835,0,1,1,0,2,3,3,1,0,1,3,0,0,0,1,0,0,0,0,0,0,0,0,0,0,7,2,0,0
0,0,4,1561,2,2,2,0,1,2,4,0,1,0,2,0,0,0,0,0,0,0,0,1,0,0,0,0,0,5,1,0,0
0,0,3,449,0,1,1,0,1,1,3,0,0,0,1,0,0,0,0,0,0,0,0,0,0,0,0,0,0,3,2,0,0
0,0,18,1691,2,1,1,0,4,7,18,0,1,0,7,0,0,0,0,1,0,0,1,1,0,2,0,0,0,8,2,0,0
0,0,26,2093,1,3,0,3,7,16,26,0,0,0,16,3,1,0,3,0,0,0,0,0,0,3,0,0,0,15,1,0,0
0,0,3,2351,1,0,0,0,1,1,3,0,0,2,1,0,0,0,0,0,0,0,0,0,0,0,0,0,0,5,1,0,0
0,0,4,2363,1,0,0,0,1,2,4,0,0,2,2,0,0,0,0,0,0,0,0,0,0,0,0,0,0,5,1,0,0
0,0,3,2397,1,0,0,0,1,0,3,1,0,0,0,0,0,0,0,0,0,0,0,0,0,0,0,0,0,3,1,0,0
0,0,27,1747,7,2,0,2,10,7,27,5,0,1,7,2,1,0,0,0,5,0,0,0,0,1,0,0,0,18,1,0,0
0,0,3,2419,1,2,2,0,1,0,3,0,0,1,0,0,0,0,0,0,0,0,0,1,0,0,0,0,0,5,1,0,0
0,0,4,421,1,1,0,1,1,2,4,0,0,0,2,1,1,0,0,0,0,0,0,0,0,0,0,0,0,5,1,0,0
0,0,3,2431,1,0,0,0,1,0,3,1,0,0,0,0,0,0,0,0,0,0,0,0,0,0,0,0,0,5,1,0,0
0,0,8,1623,0,0,0,0,2,3,8,2,0,0,3,0,0,0,0,0,0,0,0,0,0,1,0,0,0,4,1,0,0
0,0,7,1345,3,3,1,2,1,7,7,0,1,1,7,2,1,0,0,0,0,0,0,1,0,0,0,0,0,11,1,0,0
0,0,16,1285,1,3,1,2,5,6,16,4,0,1,6,2,1,0,3,0,0,0,0,2,0,1,0,0,0,16,2,0,0
0,0,50,261,9,5,0,5,11,21,50,0,2,1,21,5,2,0,6,0,0,12,0,11,0,2,0,0,0,59,1,0,1
0,0,3,1111,0,1,1,0,2,2,3,1,0,0,2,0,0,0,1,0,0,0,0,0,0,0,0,0,0,8,2,0,0
0,0,3,2223,1,0,0,0,1,0,3,0,0,1,0,0,0,0,0,0,0,0,0,1,0,0,0,0,0,4,1,0,0
0,0,5,1121,1,1,1,0,1,4,5,0,1,0,4,0,0,0,0,0,0,0,0,1,0,0,0,0,0,8,2,0,0
0,0,8,1031,2,0,0,0,1,8,8,0,1,1,8,0,0,0,0,0,0,0,0,1,1,0,0,0,0,15,1,0,0
0,0,5,1547,3,2,1,1,1,3,5,0,1,0,3,1,1,0,0,0,0,0,0,1,0,0,0,0,0,7,1,0,0
0,0,94,1849,13,4,0,4,27,28,94,23,2,1,28,4,3,0,4,0,18,0,0,13,0,2,0,0,0,38,1,0,0
0,0,7,1365,2,2,0,2,1,7,7,0,1,1,7,2,1,0,0,0,0,0,0,1,0,0,0,0,0,10,1,0,0
0,0,10,1425,3,4,2,2,2,9,10,0,1,2,9,2,1,0,0,0,0,0,0,1,0,1,0,0,0,13,1,0,0
0,0,22,959,1,0,0,0,6,8,22,0,1,1,8,0,0,0,5,0,0,8,0,1,0,1,0,0,0,18,4,0,0
0,0,8,1385,3,3,0,3,1,8,8,0,1,1,8,3,1,0,0,0,0,0,0,1,0,0,0,0,0,14,1,0,0
0,0,3,1329,1,1,1,0,1,2,3,0,0,0,2,0,0,0,0,0,0,0,0,0,0,0,0,0,0,6,2,0,0
0,0,5,1595,0,3,3,0,2,1,5,1,1,0,1,0,0,0,0,0,0,0,0,2,0,1,0,0,0,4,1,0,0
0,0,4,1451,2,2,1,1,2,2,4,0,1,1,2,1,2,0,0,0,0,0,0,1,0,0,0,0,0,9,1,0,0
0,0,3,2327,1,0,0,0,1,1,3,0,0,2,1,0,0,0,0,0,0,0,0,0,0,0,0,0,0,5,1,0,0
0,0,3,2203,1,1,1,0,1,0,3,1,0,0,0,0,0,0,0,0,0,0,0,0,0,0,0,0,0,3,1,0,0
0,0,7,325,4,0,0,0,2,3,7,0,1,2,3,0,0,0,1,0,0,0,1,2,0,1,0,0,0,18,1,0,0
0,0,2,353,1,0,0,0,1,0,2,0,0,1,0,0,0,0,0,0,0,0,0,0,0,0,0,0,0,4,1,0,0
0,0,6,153,1,2,2,0,1,1,6,1,1,2,1,0,0,0,0,0,0,0,0,1,0,0,0,0,0,6,9,0,0
0,0,27,245,4,0,0,0,7,12,27,1,5,2,12,0,0,0,5,0,1,1,1,15,1,1,0,0,0,49,1,0,0
0,0,3,133,2,1,0,1,1,1,3,1,0,1,1,1,1,0,0,0,0,0,0,0,0,0,0,0,0,5,9,0,0
0,0,3,363,1,2,1,1,1,1,3,0,0,0,1,1,0,0,0,0,0,0,0,0,0,0,0,0,0,1,1,0,0
0,0,4,231,1,0,0,0,1,2,4,1,1,0,2,0,0,0,0,0,0,0,0,1,0,0,0,0,0,9,4,0,0
0,0,5,119,0,0,0,0,1,0,5,0,0,0,0,0,0,0,0,0,0,0,0,3,0,0,0,0,0,10,1,0,0
0,0,3,143,2,1,0,1,1,1,3,1,0,1,1,1,1,0,0,0,0,0,0,0,0,0,0,0,0,5,9,0,0
0,0,20,171,4,0,0,0,4,10,20,1,2,3,10,0,0,0,3,0,0,0,0,4,0,1,0,0,0,34,1,0,0
4,0,3,243,1,0,0,0,1,1,3,0,0,1,1,0,0,0,0,0,0,0,0,0,0,0,0,0,0,5,1,0,0
0,0,2,215,1,0,0,0,1,0,2,0,0,1,0,0,0,0,0,0,0,0,0,0,0,0,0,0,0,5,1,0,0
0,0,4,139,4,0,0,0,1,3,4,1,0,3,3,0,0,0,0,0,0,0,0,1,0,0,0,0,0,12,1,0,0
0,0,3,229,0,0,0,0,1,2,3,0,0,1,2,0,0,0,0,0,0,0,0,0,0,0,0,0,0,8,1,0,0
0,0,5,93,3,1,0,1,1,2,5,1,1,2,2,0,0,0,0,0,0,0,0,1,0,0,0,0,0,14,9,0,0
0,0,2,85,0,2,2,0,1,0,2,0,0,0,0,0,0,0,0,0,0,0,0,0,0,0,0,0,0,4,1,0,0
0,0,5,123,1,0,0,0,1,4,5,0,0,1,4,0,0,0,0,0,0,0,0,1,0,0,0,0,0,15,1,0,0
0,0,5,107,2,1,0,1,1,2,5,1,1,1,2,0,0,0,0,0,0,0,0,1,0,0,0,0,0,11,9,0,0
0,0,16,161,4,0,0,0,3,11,16,0,2,4,11,0,0,0,2,0,2,4,1,2,1,2,0,0,0,30,1,0,0
15,13,8,175,6,2,2,0,1,6,10,0,4,2,6,0,0,0,0,0,0,2,2,4,0,0,0,0,0,13,9,0,0
9,10,8,77,5,1,0,1,1,4,7,0,3,1,4,1,1,0,0,0,0,0,0,3,0,0,0,0,0,14,8,0,0
0,0,13,117,0,2,0,2,2,2,13,0,2,0,2,0,0,1,0,0,0,0,1,2,0,1,1,0,0,7,1,0,0
0,0,4,137,1,2,0,2,1,2,4,0,0,0,2,0,0,0,0,0,0,0,0,0,0,0,0,0,0,3,1,0,0
35,33,19,101,5,1,0,1,1,3,21,0,2,3,3,0,0,0,0,0,0,0,0,2,0,0,1,0,0,18,1,0,0
0,0,17,163,4,0,0,0,3,13,17,0,2,4,13,0,0,0,2,0,2,4,1,2,1,2,0,0,0,31,1,0,0
0,0,2,217,1,0,0,0,1,0,2,0,0,1,0,0,0,0,0,0,0,0,0,0,0,0,0,0,0,5,1,0,0
0,0,4,141,4,0,0,0,1,3,4,1,0,3,3,0,0,0,0,0,0,0,0,1,0,0,0,0,0,12,1,0,0
0,0,3,231,0,0,0,0,1,2,3,0,0,1,2,0,0,0,0,0,0,0,0,0,0,0,0,0,0,8,1,0,0
1,0,5,123,1,0,0,0,1,5,6,0,0,1,5,0,0,0,0,0,0,0,0,1,0,0,0,0,0,17,1,0,0
0,0,2,85,0,2,2,0,1,0,2,0,0,0,0,0,0,0,0,0,0,0,0,0,0,0,0,0,0,4,1,0,0
8,0,6,247,0,0,0,0,3,4,6,0,0,0,4,0,0,0,1,0,0,0,0,0,0,1,0,0,0,8,1,0,0
0,0,3,267,1,0,0,0,1,1,3,0,0,1,1,0,0,0,0,0,0,0,0,0,0,0,0,0,0,5,1,0,0
0,0,5,93,3,1,0,1,1,2,5,1,1,2,2,0,0,0,0,0,0,0,0,1,0,0,0,0,0,14,9,0,0
0,0,5,107,2,1,0,1,1,2,5,1,1,1,2,0,0,0,0,0,0,0,0,1,0,0,0,0,0,11,9,0,0
0,0,21,135,1,0,0,0,8,13,21,0,0,1,13,0,0,0,3,0,0,0,0,0,1,2,0,0,0,10,1,0,0
0,0,17,235,2,2,2,0,1,11,17,0,0,0,11,0,0,0,0,0,0,1,2,1,1,0,1,0,0,12,2,0,0
0,0,3,277,1,0,0,0,1,0,3,1,0,0,0,0,0,0,0,0,0,0,0,0,0,0,0,0,0,4,1,0,0
0,0,3,123,1,1,0,1,1,1,3,0,0,0,1,1,1,0,0,0,0,0,0,0,0,0,0,0,0,6,1,0,0
0,0,3,251,1,0,0,0,1,1,3,0,0,1,1,0,0,0,0,0,0,0,0,0,0,0,0,0,0,5,1,0,0
0,0,9,207,1,1,0,1,2,3,9,0,1,1,3,1,1,0,1,0,1,0,2,1,2,1,0,0,0,12,1,0,0
0,0,6,105,3,0,0,0,1,1,6,0,0,3,1,0,0,0,0,0,0,0,0,4,0,0,0,0,0,9,1,0,0
0,0,1,153,0,1,1,0,1,0,1,0,0,1,0,0,0,0,0,0,0,0,0,0,0,0,0,0,0,4,0,0,0
0,0,1,149,1,1,1,0,1,0,1,0,0,1,0,0,0,0,0,0,0,0,0,0,0,0,0,0,0,6,0,0,0
0,0,8,163,1,1,0,1,2,2,8,0,0,0,2,0,0,0,1,0,0,0,2,2,0,1,0,0,0,8,4,0,0
0,0,11,187,4,1,0,1,2,8,11,2,1,1,8,1,1,0,0,1,0,0,0,1,0,1,0,0,0,15,4,0,0
0,0,3,357,1,0,0,0,1,0,3,0,0,1,0,0,0,0,0,0,0,0,0,1,0,0,0,0,0,6,1,0,0
0,0,6,219,2,1,0,1,2,2,6,0,0,1,2,0,0,0,1,0,0,0,0,0,0,1,0,0,0,8,4,0,0
0,0,1,145,0,1,1,0,1,0,1,0,0,0,0,0,0,0,0,0,0,0,0,0,0,0,0,0,0,3,0,0,0
0,0,35,257,1,1,1,0,6,7,35,1,4,3,7,0,0,1,1,1,1,0,3,10,3,3,0,0,0,38,1,0,0
0,1,7,127,2,0,0,0,1,0,6,0,0,3,0,0,0,0,0,0,0,0,0,3,0,0,0,0,0,9,1,0,0
0,0,6,239,1,1,0,1,2,2,6,0,0,1,2,0,0,0,1,0,0,0,0,0,0,1,0,0,0,6,4,0,0
0,0,7,115,0,0,0,0,2,7,7,0,0,0,7,0,0,0,0,0,0,1,0,0,1,1,0,0,0,5,1,0,0
0,0,2,75,0,1,1,0,1,0,2,0,0,0,0,0,0,0,0,0,0,0,0,0,0,0,0,0,0,4,1,0,0
0,0,4,137,0,0,0,0,1,3,4,0,0,1,3,0,0,0,0,0,0,0,0,0,0,0,0,0,0,10,1,0,0
1,1,5,99,4,0,0,0,1,4,5,1,0,3,4,0,0,0,0,0,0,0,0,1,0,0,0,0,0,15,1,0,0
0,0,5,83,2,1,0,1,1,2,5,1,1,1,2,0,0,0,0,0,0,0,0,1,0,0,0,0,0,11,9,0,0
0,0,15,159,3,2,0,2,4,7,15,0,0,2,7,2,3,0,0,0,0,0,0,0,0,1,0,0,0,16,4,0,0
0,0,7,137,2,0,0,0,2,5,7,0,1,2,5,0,0,0,1,0,0,1,0,2,0,1,0,0,0,13,4,0,0
13,4,18,195,3,3,1,2,7,11,27,0,2,2,11,2,2,0,0,0,0,0,0,6,0,2,0,0,0,31,2,0,0
0,0,26,427,2,2,1,1,7,9,26,1,1,1,9,1,1,0,1,0,0,11,0,9,4,2,0,0,0,27,2,0,0
0,0,5,121,3,1,0,1,1,5,5,0,0,2,5,1,2,0,0,0,0,0,1,0,0,0,0,0,0,11,4,0,0
0,0,13,369,0,0,0,0,1,1,13,0,0,0,1,0,0,0,0,0,0,0,0,0,0,0,0,0,0,1,0,0,0
0,0,5,105,5,0,0,0,1,1,5,0,0,4,1,0,0,0,0,0,0,0,0,2,0,0,0,0,0,8,1,0,0
0,0,11,513,1,3,3,0,3,1,11,2,1,2,1,0,0,0,2,0,0,2,0,3,0,1,0,0,0,8,2,0,0
0,0,16,269,2,3,2,1,4,7,16,1,2,1,7,1,1,1,0,0,0,0,0,4,0,3,0,0,0,19,2,0,0
0,0,47,545,0,0,0,0,1,1,47,0,0,0,1,0,0,0,0,0,0,45,0,0,0,0,0,0,0,3,0,0,0
0,0,3,199,2,1,0,1,1,1,3,0,0,1,1,0,0,0,0,0,0,0,0,0,0,0,0,0,0,7,1,0,0
0,0,5,389,1,0,0,0,1,4,5,0,0,1,4,0,0,0,0,0,0,0,0,1,0,0,0,0,0,13,1,0,0
0,0,36,155,9,0,0,0,1,9,36,1,1,3,9,0,0,0,0,0,0,0,0,3,0,0,3,0,0,44,1,0,0
0,0,2,119,0,1,1,0,1,0,2,0,0,0,0,0,0,0,0,0,0,0,0,0,0,0,0,0,0,2,1,0,0
0,0,4,441,0,0,0,0,1,4,4,0,0,0,4,0,0,0,0,0,0,0,0,0,0,0,0,0,0,4,1,0,0
0,0,8,267,0,2,2,0,2,3,8,0,0,0,3,0,0,0,0,0,0,0,1,0,0,1,0,0,0,4,2,0,0
0,0,4,455,0,0,0,0,1,3,4,0,0,1,3,0,0,0,0,0,0,0,0,0,0,0,0,0,0,10,1,0,0
6,0,6,405,0,0,0,0,3,13,12,0,0,0,13,0,0,0,0,0,0,0,0,0,0,1,0,0,0,6,1,0,0
0,0,2,217,0,0,0,0,1,0,2,0,0,4,0,0,0,0,0,0,0,0,0,0,0,0,0,0,0,6,1,0,0
0,0,11,291,1,2,2,0,2,10,11,0,1,0,10,0,0,0,0,0,0,0,1,1,0,1,0,0,0,11,2,0,0
0,0,9,363,1,1,0,1,1,10,9,0,0,1,10,0,0,0,0,0,0,0,0,0,0,0,0,0,0,14,1,0,0
0,0,7,343,1,0,0,0,1,5,7,0,0,1,5,0,0,0,0,0,0,1,0,0,0,0,0,0,0,9,1,0,0
0,0,4,329,0,0,0,0,1,1,4,0,0,1,1,0,0,0,0,0,0,0,0,0,0,0,0,0,0,5,1,0,0
0,0,3,183,2,1,0,1,1,1,3,0,0,1,1,0,0,0,0,0,0,0,0,0,0,0,0,0,0,5,1,0,0
0,0,7,237,3,1,0,1,5,3,7,2,0,3,3,0,0,0,4,0,4,0,0,0,0,1,0,0,0,12,1,0,0
0,0,2,209,0,0,0,0,1,0,2,0,0,4,0,0,0,0,0,0,0,0,0,0,0,0,0,0,0,6,1,0,0
0,0,11,127,4,1,0,1,1,6,11,1,3,1,6,0,0,0,0,0,0,0,1,3,0,0,0,0,0,15,9,0,0
0,0,24,249,4,1,1,0,1,7,24,0,2,1,7,0,0,0,0,0,0,1,0,4,1,0,2,0,0,24,2,0,0
8,1,34,525,2,1,1,0,11,8,41,4,4,0,8,0,0,0,4,1,1,3,5,19,0,1,0,0,0,29,2,0,0
0,0,71,319,6,3,3,0,6,20,71,1,5,2,20,0,0,0,4,1,0,3,1,11,2,1,2,0,0,41,2,0,0
0,0,4,649,1,0,0,0,1,2,4,0,0,1,2,0,0,0,0,0,0,0,0,0,0,0,0,0,0,10,1,0,0
0,0,30,779,3,2,0,2,1,5,30,0,1,0,5,2,1,0,0,0,0,0,0,2,0,0,2,0,0,29,1,0,0
0,0,19,205,6,2,0,2,4,10,19,3,0,3,10,2,1,0,3,0,0,0,0,4,0,1,0,0,0,36,1,0,0
0,0,8,685,2,1,1,0,2,2,8,0,3,0,2,0,0,1,0,0,0,0,1,4,0,1,0,0,0,10,2,0,0
0,0,5,175,1,2,0,2,1,2,5,1,1,1,2,1,1,0,0,0,0,0,0,1,0,0,0,0,0,12,9,0,0
0,0,11,985,2,0,0,0,2,4,11,0,1,1,4,0,0,0,1,0,0,0,0,2,2,1,0,0,0,6,1,0,0
0,0,8,663,0,0,0,0,2,8,8,0,0,0,8,0,0,0,0,0,0,1,0,0,1,1,0,0,0,5,1,0,0
0,0,6,839,2,1,0,1,1,3,6,0,0,1,3,0,0,0,0,0,0,0,0,0,0,0,0,0,0,6,1,0,0
0,0,4,949,1,0,0,0,1,4,4,0,1,0,4,0,0,0,0,0,0,0,0,1,0,0,0,0,0,9,1,0,0
0,0,29,863,2,0,0,0,1,10,29,0,2,0,10,0,0,0,0,0,0,1,0,2,1,0,2,0,0,17,1,0,0
0,0,4,965,0,0,0,0,1,3,4,0,0,0,3,0,0,0,0,0,0,0,0,0,0,0,0,0,0,4,1,0,0
0,0,9,799,2,1,0,1,2,13,9,0,0,1,13,0,0,0,0,0,0,0,0,1,0,1,0,0,0,22,1,0,0
0,0,13,879,3,0,0,0,4,10,13,0,0,2,10,0,0,0,2,0,0,0,1,0,0,1,0,0,0,12,1,0,0
0,0,4,395,2,1,0,1,1,4,4,0,0,1,4,0,0,0,0,0,1,0,0,0,0,0,0,0,0,10,1,0,0
0,0,3,929,1,0,0,0,1,1,3,0,0,2,1,0,0,0,0,0,0,0,0,0,0,0,0,0,0,5,1,0,0
0,0,2,741,0,0,0,0,1,0,2,0,0,4,0,0,0,0,0,0,0,0,0,0,0,0,0,0,0,6,1,0,0
0,0,8,715,1,1,0,1,2,2,8,0,0,4,2,0,0,0,0,0,0,0,0,0,0,1,0,0,0,11,1,0,0
0,0,2,755,1,0,0,0,1,0,2,0,0,1,0,0,0,0,0,0,0,0,0,0,0,0,0,0,0,5,1,0,0
0,0,8,461,1,0,0,0,7,5,8,0,0,2,5,0,0,0,4,0,2,4,0,0,0,1,0,0,0,9,1,0,0
0,0,5,273,3,1,0,1,1,3,5,0,2,1,3,0,0,0,0,0,0,0,0,2,0,0,0,0,0,15,1,0,0
0,0,5,189,1,1,1,0,1,1,5,1,1,1,1,0,0,0,0,0,0,0,0,1,0,0,0,0,0,7,9,0,0
0,0,5,299,3,1,0,1,1,4,5,0,2,1,4,0,0,0,0,0,0,0,0,2,0,0,0,0,0,13,1,0,0
0,0,2,167,0,1,1,0,1,0,2,0,0,0,0,0,0,0,0,0,0,0,0,0,0,0,0,0,0,3,1,0,0
0,0,3,481,2,3,0,3,1,1,3,0,0,1,1,0,0,0,0,0,0,0,0,0,0,0,0,0,0,5,1,0,0
0,0,6,1033,3,1,0,1,1,8,6,0,0,1,8,0,0,0,0,0,1,1,0,0,1,0,0,0,0,10,1,0,0
0,0,8,653,5,0,0,0,1,5,8,0,2,2,5,0,0,0,0,0,0,0,0,2,0,0,0,0,0,14,1,0,0
0,0,3,515,2,3,0,3,1,1,3,0,0,1,1,0,0,0,0,0,0,0,0,0,0,0,0,0,0,5,1,0,0
0,0,6,971,2,0,0,0,3,3,6,0,0,1,3,0,0,0,1,0,0,0,0,1,0,1,0,0,0,12,1,0,0
0,0,5,193,2,1,1,0,1,1,5,1,1,1,1,0,0,0,0,0,0,0,0,1,0,0,0,0,0,6,9,0,0
0,0,3,393,2,3,0,3,1,1,3,0,0,1,1,0,0,0,0,0,0,0,0,0,0,0,0,0,0,5,1,0,0
0,0,6,945,3,1,0,1,1,8,6,0,0,1,8,0,0,0,0,0,1,1,0,0,1,0,0,0,0,10,1,0,0
0,0,3,991,0,0,0,0,1,1,3,0,0,1,1,0,0,0,0,0,0,0,0,0,0,0,0,0,0,6,1,0,0
0,0,44,823,5,0,0,0,7,24,44,0,8,3,24,0,0,0,2,0,0,1,0,8,1,2,2,0,0,34,1,0,0
0,0,3,1055,0,0,0,0,1,1,3,0,0,1,1,0,0,0,0,0,0,0,0,0,0,0,0,0,0,6,1,0,0
0,0,3,1127,1,1,0,1,1,3,3,0,0,0,3,1,1,0,0,0,0,0,0,0,0,0,0,0,0,5,1,0,0
0,0,29,679,3,0,0,0,5,15,29,0,7,2,15,0,0,0,2,0,1,5,4,8,0,4,0,0,0,29,1,0,0
0,0,3,1513,2,2,1,1,1,1,3,0,0,1,1,1,1,0,0,0,0,0,0,0,0,0,0,0,0,4,1,0,0
0,0,7,867,3,0,0,0,1,7,7,0,1,2,7,0,0,0,0,0,0,0,0,1,0,0,0,0,0,14,1,0,0
0,0,3,891,1,0,0,0,1,1,3,0,0,2,1,0,0,0,0,0,0,0,0,0,0,0,0,0,0,5,1,0,0
0,0,3,429,1,3,0,3,1,5,3,0,0,1,5,0,0,0,0,0,0,0,0,0,0,0,0,0,0,4,1,0,0
0,0,5,1459,2,2,2,0,1,4,5,0,1,3,4,0,0,0,0,0,0,0,0,1,0,0,0,0,0,12,1,0,0
0,0,3,1147,1,1,0,1,1,3,3,0,0,0,3,1,1,0,0,0,0,0,0,0,0,0,0,0,0,5,1,0,0
0,0,105,237,14,1,0,1,18,34,105,2,7,3,34,1,2,0,7,0,3,3,2,18,0,2,4,0,0,67,1,0,0
0,0,5,207,2,2,0,2,1,2,5,1,1,1,2,1,1,0,0,0,0,0,0,1,0,0,0,0,0,10,9,0,0
0,0,3,1101,0,0,0,0,1,2,3,0,0,0,2,0,0,0,0,0,0,0,0,0,0,0,0,0,0,3,1,0,0
0,0,3,1473,2,2,1,1,1,1,3,0,0,1,1,1,1,0,0,0,0,0,0,0,0,0,0,0,0,4,1,0,0
0,0,6,1013,2,0,0,0,3,3,6,0,0,1,3,0,0,0,1,0,0,0,0,1,0,1,0,0,0,12,1,0,0
0,0,64,591,8,1,1,0,5,13,64,1,7,0,13,0,0,0,1,0,3,0,0,7,0,1,2,0,0,49,1,0,0
0,0,2,181,0,1,1,0,1,0,2,0,0,0,0,0,0,0,0,0,0,0,0,0,0,0,0,0,0,2,1,0,0
0,0,3,1137,2,1,0,1,1,3,3,0,0,0,3,1,1,0,0,0,0,0,0,0,0,0,0,0,0,6,1,0,0
0,0,3,1537,2,2,1,1,1,1,3,0,0,1,1,1,1,0,0,0,0,0,0,0,0,0,0,0,0,4,1,0,0
0,0,6,1393,1,1,1,0,1,4,6,1,1,3,4,0,0,0,0,0,0,0,0,1,0,0,0,0,0,8,2,0,0
0,0,3,1293,2,1,0,1,1,2,3,0,0,1,2,1,1,0,0,0,0,0,0,0,0,0,0,0,0,3,1,0,0
3,1,4,1317,1,0,0,0,2,2,6,0,0,1,2,0,0,0,1,0,0,1,0,0,0,1,0,0,0,9,1,0,0
0,0,41,1165,7,1,1,0,10,13,41,1,1,4,13,0,0,0,1,0,3,0,1,7,7,2,0,0,0,11,9,0,0
0,0,7,1067,2,1,1,0,3,6,7,0,0,1,6,0,0,0,1,0,0,0,0,0,0,2,0,0,0,9,2,0,0
0,0,18,1411,2,4,0,4,6,6,18,0,0,1,6,4,4,0,0,0,0,0,4,4,0,1,0,0,0,13,1,0,0
0,0,3,1303,1,0,0,0,1,0,3,1,0,0,0,0,0,0,0,0,0,0,0,0,0,0,0,0,0,4,1,0,0
0,0,5,1523,2,2,2,0,1,4,5,0,1,3,4,0,0,0,0,0,0,0,0,1,0,0,0,0,0,12,1,0,0
0,0,18,1349,1,2,1,1,6,6,18,2,1,0,6,1,1,0,3,0,1,0,2,1,1,2,0,0,0,10,2,0,0
0,0,8,781,4,1,1,0,1,5,8,0,2,0,5,0,0,0,0,0,0,0,0,2,0,0,0,0,0,11,1,0,0
0,0,6,1483,2,1,1,0,1,4,6,0,2,1,4,0,0,0,0,0,0,0,0,2,0,0,0,0,0,12,1,0,0
0,0,3,801,0,0,0,0,1,2,3,0,0,0,2,0,0,0,0,0,0,0,0,0,0,0,0,0,0,3,1,0,0
0,0,9,545,1,0,0,0,2,8,9,0,0,0,8,0,0,0,0,0,1,0,0,0,0,1,0,0,0,7,1,0,0
0,0,3,811,0,0,0,0,1,1,3,0,0,0,1,0,0,0,0,0,0,0,0,0,0,0,0,0,0,1,1,0,0
0,0,3,1091,0,0,0,0,1,2,3,0,0,0,2,0,0,0,0,0,0,0,0,0,0,0,0,0,0,3,1,0,0
0,0,5,571,1,0,0,0,1,4,5,0,0,0,4,0,0,0,0,0,1,0,0,0,0,0,0,0,0,6,1,0,0
0,0,5,1499,2,2,2,0,1,4,5,0,1,3,4,0,0,0,0,0,0,0,0,1,0,0,0,0,0,12,1,0,0
0,0,3,1547,0,0,0,0,1,0,3,0,0,1,0,0,0,0,0,0,0,0,0,1,0,0,0,0,0,5,1,0,0
0,0,4,223,1,0,0,0,1,3,4,0,0,1,3,0,0,0,0,0,0,0,0,1,0,0,0,0,0,10,1,0,0
0,0,6,1111,4,1,1,0,1,6,6,0,1,1,6,0,0,0,0,0,1,0,0,1,0,0,0,0,0,12,1,0,0
0,0,71,319,6,3,3,0,6,20,71,1,5,2,20,0,0,0,4,1,0,3,1,11,2,1,2,0,0,41,2,0,0
0,0,4,649,1,0,0,0,1,2,4,0,0,1,2,0,0,0,0,0,0,0,0,0,0,0,0,0,0,10,1,0,0
1,1,31,779,3,2,0,2,1,5,31,0,1,0,5,2,1,0,0,0,0,0,0,2,0,0,2,0,0,30,1,0,0
0,0,8,685,2,1,1,0,2,2,8,0,3,0,2,0,0,1,0,0,0,0,1,4,0,1,0,0,0,10,2,0,0
0,0,5,175,1,2,0,2,1,2,5,1,1,1,2,1,1,0,0,0,0,0,0,1,0,0,0,0,0,12,9,0,0
0,0,19,205,6,2,0,2,4,10,19,3,0,3,10,2,1,0,3,0,0,0,0,4,0,1,0,0,0,36,1,0,0
0,0,24,249,4,1,1,0,1,7,24,0,2,1,7,0,0,0,0,0,0,1,0,4,1,0,2,0,0,24,2,0,0
0,0,4,965,0,0,0,0,1,3,4,0,0,0,3,0,0,0,0,0,0,0,0,0,0,0,0,0,0,4,1,0,0
0,0,29,863,2,0,0,0,1,10,29,0,2,0,10,0,0,0,0,0,0,1,0,2,1,0,2,0,0,17,1,0,0
0,0,4,949,1,0,0,0,1,4,4,0,1,0,4,0,0,0,0,0,0,0,0,1,0,0,0,0,0,9,1,0,0
0,0,8,663,0,0,0,0,2,8,8,0,0,0,8,0,0,0,0,0,0,1,0,0,1,1,0,0,0,5,1,0,0
0,0,41,525,2,2,2,0,11,8,41,4,4,0,8,0,0,0,4,1,1,3,5,19,0,1,0,0,0,29,2,0,0
0,0,11,985,2,0,0,0,2,4,11,0,1,1,4,0,0,0,1,0,0,0,0,2,2,1,0,0,0,6,1,0,0
0,0,6,839,2,2,0,2,1,3,6,0,0,1,3,0,0,0,0,0,0,0,0,0,0,0,0,0,0,6,1,0,0
0,0,2,167,0,1,1,0,1,0,2,0,0,0,0,0,0,0,0,0,0,0,0,0,0,0,0,0,0,3,1,0,0
0,0,5,189,1,1,1,0,1,1,5,1,1,1,1,0,0,0,0,0,0,0,0,1,0,0,0,0,0,7,9,0,0
0,0,5,273,3,2,0,2,1,3,5,0,2,1,3,0,0,0,0,0,0,0,0,2,0,0,0,0,0,15,1,0,0
0,0,8,461,1,0,0,0,7,5,8,0,0,2,5,0,0,0,4,0,2,4,0,0,0,1,0,0,0,9,1,0,0
0,0,2,755,1,0,0,0,1,0,2,0,0,1,0,0,0,0,0,0,0,0,0,0,0,0,0,0,0,5,1,0,0
0,0,8,715,1,1,0,1,2,2,8,0,0,4,2,0,0,0,0,0,0,0,0,0,0,1,0,0,0,11,1,0,0
0,0,2,741,0,0,0,0,1,0,2,0,0,4,0,0,0,0,0,0,0,0,0,0,0,0,0,0,0,6,1,0,0
0,0,5,299,3,2,0,2,1,4,5,0,2,1,4,0,0,0,0,0,0,0,0,2,0,0,0,0,0,13,1,0,0
0,0,4,395,2,2,0,2,1,4,4,0,0,1,4,0,0,0,0,0,1,0,0,0,0,0,0,0,0,10,1,0,0
0,0,13,879,3,0,0,0,4,10,13,0,0,2,10,0,0,0,2,0,0,0,1,0,0,1,0,0,0,12,1,0,0
0,0,3,929,1,0,0,0,1,1,3,0,0,2,1,0,0,0,0,0,0,0,0,0,0,0,0,0,0,5,1,0,0
0,0,10,799,2,2,0,2,2,14,10,0,0,1,14,0,0,0,0,0,0,0,0,1,0,1,0,0,0,24,1,0,0
0,0,3,897,1,0,0,0,1,1,3,0,0,2,1,0,0,0,0,0,0,0,0,0,0,0,0,0,0,5,1,0,0
0,0,7,873,3,0,0,0,1,7,7,0,1,2,7,0,0,0,0,0,0,0,0,1,0,0,0,0,0,14,1,0,0
0,0,29,685,3,0,0,0,5,15,29,0,7,2,15,0,0,0,2,0,1,5,4,8,0,4,0,0,0,29,1,0,0
0,0,3,521,2,3,0,3,1,1,3,0,0,1,1,0,0,0,0,0,0,0,0,0,0,0,0,0,0,5,1,0,0
0,0,3,1061,0,0,0,0,1,1,3,0,0,1,1,0,0,0,0,0,0,0,0,0,0,0,0,0,0,6,1,0,0
0,0,5,577,1,0,0,0,1,4,5,0,0,0,4,0,0,0,0,0,1,0,0,0,0,0,0,0,0,6,1,0,0
0,0,5,1505,2,2,2,0,1,4,5,0,1,3,4,0,0,0,0,0,0,0,0,1,0,0,0,0,0,12,1,0,0
0,0,3,1543,2,2,1,1,1,1,3,0,0,1,1,1,1,0,0,0,0,0,0,0,0,0,0,0,0,4,1,0,0
0,0,6,1489,2,1,1,0,1,4,6,0,2,1,4,0,0,0,0,0,0,0,0,2,0,0,0,0,0,12,1,0,0
0,0,8,787,4,1,1,0,1,5,8,0,2,0,5,0,0,0,0,0,0,0,0,2,0,0,0,0,0,11,1,0,0
0,0,3,1153,1,1,0,1,1,3,3,0,0,0,3,1,1,0,0,0,0,0,0,0,0,0,0,0,0,5,1,0,0
0,0,5,207,2,2,0,2,1,2,5,1,1,1,2,1,1,0,0,0,0,0,0,1,0,0,0,0,0,10,9,0,0
0,0,3,1133,1,1,0,1,1,3,3,0,0,0,3,1,1,0,0,0,0,0,0,0,0,0,0,0,0,5,1,0,0
0,0,3,1143,2,1,0,1,1,3,3,0,0,0,3,1,1,0,0,0,0,0,0,0,0,0,0,0,0,6,1,0,0
0,0,5,1465,2,2,2,0,1,4,5,0,1,3,4,0,0,0,0,0,0,0,0,1,0,0,0,0,0,12,1,0,0
0,0,64,597,8,1,1,0,5,13,64,1,7,0,13,0,0,0,1,0,3,0,0,7,0,1,2,0,0,49,1,0,0
0,0,3,1107,0,0,0,0,1,2,3,0,0,0,2,0,0,0,0,0,0,0,0,0,0,0,0,0,0,3,1,0,0
0,0,3,1519,2,2,1,1,1,1,3,0,0,1,1,1,1,0,0,0,0,0,0,0,0,0,0,0,0,4,1,0,0
0,0,3,429,1,3,0,3,1,5,3,0,0,1,5,0,0,0,0,0,0,0,0,0,0,0,0,0,0,4,1,0,0
0,0,3,393,2,3,0,3,1,1,3,0,0,1,1,0,0,0,0,0,0,0,0,0,0,0,0,0,0,5,1,0,0
0,0,6,977,2,0,0,0,3,3,6,0,0,1,3,0,0,0,1,0,0,0,0,1,0,1,0,0,0,12,1,0,0
0,0,3,997,0,0,0,0,1,1,3,0,0,1,1,0,0,0,0,0,0,0,0,0,0,0,0,0,0,6,1,0,0
0,0,6,951,3,1,0,1,1,8,6,0,0,1,8,0,0,0,0,0,1,1,0,0,1,0,0,0,0,10,1,0,0
3,0,105,237,14,1,0,1,19,34,108,2,7,3,34,1,2,0,8,0,3,3,2,18,0,2,4,0,0,67,1,0,0
0,0,3,1097,0,0,0,0,1,2,3,0,0,0,2,0,0,0,0,0,0,0,0,0,0,0,0,0,0,3,1,0,0
0,0,41,1171,7,1,1,0,10,13,41,1,1,4,13,0,0,0,1,0,3,0,1,7,7,2,0,0,0,11,9,0,0
0,0,7,1073,2,1,1,0,3,6,7,0,0,1,6,0,0,0,1,0,0,0,0,0,0,2,0,0,0,9,2,0,0
0,0,6,1019,2,0,0,0,3,3,6,0,0,1,3,0,0,0,1,0,0,0,0,1,0,1,0,0,0,12,1,0,0
0,0,8,659,5,0,0,0,1,5,8,0,2,2,5,0,0,0,0,0,0,0,0,2,0,0,0,0,0,14,1,0,0
0,0,3,481,2,3,0,3,1,1,3,0,0,1,1,0,0,0,0,0,0,0,0,0,0,0,0,0,0,5,1,0,0
0,0,5,193,2,1,1,0,1,1,5,1,1,1,1,0,0,0,0,0,0,0,0,1,0,0,0,0,0,6,9,0,0
0,0,5,1529,2,2,2,0,1,4,5,0,1,3,4,0,0,0,0,0,0,0,0,1,0,0,0,0,0,12,1,0,0
0,0,3,1309,1,0,0,0,1,0,3,1,0,0,0,0,0,0,0,0,0,0,0,0,0,0,0,0,0,4,1,0,0
0,0,6,1323,1,0,0,0,2,2,6,0,0,1,2,0,0,0,1,0,0,1,0,0,0,1,0,0,0,9,1,0,0
0,0,18,1417,2,4,0,4,6,6,18,0,0,1,6,4,4,0,0,0,0,0,4,4,0,1,0,0,0,13,1,0,0
0,0,3,1479,2,2,1,1,1,1,3,0,0,1,1,1,1,0,0,0,0,0,0,0,0,0,0,0,0,4,1,0,0
0,0,3,807,0,0,0,0,1,2,3,0,0,0,2,0,0,0,0,0,0,0,0,0,0,0,0,0,0,3,1,0,0
0,0,6,1399,1,1,1,0,1,4,6,1,1,3,4,0,0,0,0,0,0,0,0,1,0,0,0,0,0,8,2,0,0
0,0,9,551,1,0,0,0,2,8,9,0,0,0,8,0,0,0,0,0,1,0,0,0,0,1,0,0,0,7,1,0,0
0,0,3,1299,2,1,0,1,1,2,3,0,0,1,2,1,1,0,0,0,0,0,0,0,0,0,0,0,0,3,1,0,0
0,0,18,1355,1,2,1,1,6,6,18,2,1,0,6,1,1,0,3,0,1,0,2,1,1,2,0,0,0,10,2,0,0
0,0,6,1117,4,1,1,0,1,6,6,0,1,1,6,0,0,0,0,0,1,0,0,1,0,0,0,0,0,12,1,0,0
0,0,2,181,0,1,1,0,1,0,2,0,0,0,0,0,0,0,0,0,0,0,0,0,0,0,0,0,0,2,1,0,0
0,0,3,817,0,0,0,0,1,1,3,0,0,0,1,0,0,0,0,0,0,0,0,0,0,0,0,0,0,1,1,0,0
0,0,3,1553,0,0,0,0,1,0,3,0,0,1,0,0,0,0,0,0,0,0,0,1,0,0,0,0,0,5,1,0,0
0,0,44,829,5,0,0,0,7,24,44,0,8,3,24,0,0,0,2,0,0,1,0,8,1,2,2,0,0,34,1,0,0
0,0,6,1039,3,1,0,1,1,8,6,0,0,1,8,0,0,0,0,0,1,1,0,0,1,0,0,0,0,10,1,0,0
0,0,4,223,1,0,0,0,1,3,4,0,0,1,3,0,0,0,0,0,0,0,0,1,0,0,0,0,0,10,1,0,0
0,0,8,157,1,1,1,0,2,5,8,1,1,2,5,0,0,0,0,0,0,2,0,3,1,1,0,0,0,9,2,0,0
0,0,9,129,2,1,0,1,3,5,9,0,0,2,5,1,1,0,1,0,0,0,0,0,0,1,0,0,0,14,4,0,0
0,0,8,181,1,0,0,0,3,8,8,0,0,2,8,0,0,0,0,0,0,0,0,0,0,1,0,0,0,8,4,0,0
0,0,3,117,1,0,0,0,1,2,3,0,0,2,2,0,0,0,0,0,0,0,0,0,0,0,0,0,0,7,4,0,0
0,0,3,91,1,0,0,0,1,0,3,0,0,3,0,0,0,0,0,0,0,0,0,0,0,0,0,0,0,7,1,0,0
0,0,4,103,1,0,0,0,1,0,4,0,0,4,0,0,0,0,0,0,0,0,0,1,0,0,0,0,0,7,1,0,0
3,3,3,1305,2,1,0,1,1,2,3,0,0,1,2,1,1,0,0,0,0,0,0,0,0,0,0,0,0,3,1,0,0
0,0,6,1407,1,1,1,0,1,4,6,1,1,3,4,0,0,0,0,0,0,0,0,1,0,0,0,0,0,8,2,0,0
0,0,3,1487,2,2,1,1,1,1,3,0,0,1,1,1,1,0,0,0,0,0,0,0,0,0,0,0,0,4,1,0,0
0,0,3,1067,0,0,0,0,1,1,3,0,0,1,1,0,0,0,0,0,0,0,0,0,0,0,0,0,0,6,1,0,0
0,0,5,195,2,1,1,0,1,1,5,1,1,1,1,0,0,0,0,0,0,0,0,1,0,0,0,0,0,6,9,0,0
0,0,3,485,2,3,0,3,1,1,3,0,0,1,1,0,0,0,0,0,0,0,0,0,0,0,0,0,0,5,1,0,0
0,0,3,527,2,3,0,3,1,1,3,0,0,1,1,0,0,0,0,0,0,0,0,0,0,0,0,0,0,5,1,0,0
0,0,2,183,0,1,1,0,1,0,2,0,0,0,0,0,0,0,0,0,0,0,0,0,0,0,0,0,0,2,1,0,0
4,3,17,1361,1,2,1,1,6,6,18,2,1,0,6,1,1,0,3,0,1,0,2,1,1,2,0,0,0,10,2,0,0
0,0,3,1561,0,0,0,0,1,0,3,0,0,1,0,0,0,0,0,0,0,0,0,1,0,0,0,0,0,5,1,0,0
0,0,8,665,5,0,0,0,1,5,8,0,2,2,5,0,0,0,0,0,0,0,0,2,0,0,0,0,0,14,1,0,0
2,1,5,1327,1,0,0,0,2,2,6,0,0,1,2,0,0,0,1,0,0,1,0,0,0,1,0,0,0,9,1,0,0
0,0,3,1315,1,0,0,0,1,0,3,1,0,0,0,0,0,0,0,0,0,0,0,0,0,0,0,0,0,4,1,0,0
0,0,9,557,1,0,0,0,2,8,9,0,0,0,8,0,0,0,0,0,1,0,0,0,0,1,0,0,0,7,1,0,0
0,0,6,1045,3,1,0,1,1,8,6,0,0,1,8,0,0,0,0,0,1,1,0,0,1,0,0,0,0,10,1,0,0
0,0,6,1025,2,0,0,0,3,3,6,0,0,1,3,0,0,0,1,0,0,0,0,1,0,1,0,0,0,12,1,0,0
0,0,29,691,3,0,0,0,5,15,29,0,7,2,15,0,0,0,2,0,1,5,4,8,0,4,0,0,0,29,1,0,0
0,0,7,879,3,0,0,0,1,7,7,0,1,2,7,0,0,0,0,0,0,0,0,1,0,0,0,0,0,14,1,0,0
0,0,3,903,1,0,0,0,1,1,3,0,0,2,1,0,0,0,0,0,0,0,0,0,0,0,0,0,0,5,1,0,0
5,3,106,239,14,1,0,1,19,34,108,2,7,3,34,1,2,0,8,0,3,3,2,18,0,2,4,0,0,67,1,0,0
0,0,5,1537,2,2,2,0,1,4,5,0,1,3,4,0,0,0,0,0,0,0,0,1,0,0,0,0,0,12,1,0,0
0,0,3,1003,0,0,0,0,1,1,3,0,0,1,1,0,0,0,0,0,0,0,0,0,0,0,0,0,0,6,1,0,0
0,0,6,983,2,0,0,0,3,3,6,0,0,1,3,0,0,0,1,0,0,0,0,1,0,1,0,0,0,12,1,0,0
0,0,6,957,3,1,0,1,1,8,6,0,0,1,8,0,0,0,0,0,1,1,0,0,1,0,0,0,0,10,1,0,0
0,0,3,397,2,3,0,3,1,1,3,0,0,1,1,0,0,0,0,0,0,0,0,0,0,0,0,0,0,5,1,0,0
0,0,3,433,1,3,0,3,1,5,3,0,0,1,5,0,0,0,0,0,0,0,0,0,0,0,0,0,0,4,1,0,0
0,0,18,1425,2,4,0,4,6,6,18,0,0,1,6,4,4,0,0,0,0,0,4,4,0,1,0,0,0,13,1,0,0
0,0,4,225,1,0,0,0,1,3,4,0,0,1,3,0,0,0,0,0,0,0,0,1,0,0,0,0,0,10,1,0,0
0,0,3,1551,2,2,1,1,1,1,3,0,0,1,1,1,1,0,0,0,0,0,0,0,0,0,0,0,0,4,1,0,0
0,0,7,1079,2,1,1,0,3,6,7,0,0,1,6,0,0,0,1,0,0,0,0,0,0,2,0,0,0,9,2,0,0
0,0,5,583,1,0,0,0,1,4,5,0,0,0,4,0,0,0,0,0,1,0,0,0,0,0,0,0,0,6,1,0,0
0,0,3,813,0,0,0,0,1,2,3,0,0,0,2,0,0,0,0,0,0,0,0,0,0,0,0,0,0,3,1,0,0
0,0,3,1527,2,2,1,1,1,1,3,0,0,1,1,1,1,0,0,0,0,0,0,0,0,0,0,0,0,4,1,0,0
0,0,5,1473,2,2,2,0,1,4,5,0,1,3,4,0,0,0,0,0,0,0,0,1,0,0,0,0,0,12,1,0,0
0,0,5,209,2,2,0,2,1,2,5,1,1,1,2,1,1,0,0,0,0,0,0,1,0,0,0,0,0,10,9,0,0
0,0,6,1497,2,1,1,0,1,4,6,0,2,1,4,0,0,0,0,0,0,0,0,2,0,0,0,0,0,12,1,0,0
3,3,41,1177,7,1,1,0,10,14,41,1,1,4,14,0,0,0,1,0,3,0,1,7,7,2,0,0,0,11,9,0,0
0,0,3,1139,1,1,0,1,1,3,3,0,0,0,3,1,1,0,0,0,0,0,0,0,0,0,0,0,0,5,1,0,0
0,0,3,1103,0,0,0,0,1,2,3,0,0,0,2,0,0,0,0,0,0,0,0,0,0,0,0,0,0,3,1,0,0
0,0,8,793,4,1,1,0,1,5,8,0,2,0,5,0,0,0,0,0,0,0,0,2,0,0,0,0,0,11,1,0,0
0,0,5,1513,2,2,2,0,1,4,5,0,1,3,4,0,0,0,0,0,0,0,0,1,0,0,0,0,0,12,1,0,0
0,0,6,1123,4,1,1,0,1,6,6,0,1,1,6,0,0,0,0,0,1,0,0,1,0,0,0,0,0,12,1,0,0
0,0,3,1113,0,0,0,0,1,2,3,0,0,0,2,0,0,0,0,0,0,0,0,0,0,0,0,0,0,3,1,0,0
0,0,3,1159,1,1,0,1,1,3,3,0,0,0,3,1,1,0,0,0,0,0,0,0,0,0,0,0,0,5,1,0,0
0,0,64,603,8,1,1,0,5,13,64,1,7,0,13,0,0,0,1,0,3,0,0,7,0,1,2,0,0,49,1,0,0
0,0,44,835,5,0,0,0,7,24,44,0,8,3,24,0,0,0,2,0,0,1,0,8,1,2,2,0,0,34,1,0,0
0,0,3,1149,2,1,0,1,1,3,3,0,0,0,3,1,1,0,0,0,0,0,0,0,0,0,0,0,0,6,1,0,0
0,0,3,823,0,0,0,0,1,1,3,0,0,0,1,0,0,0,0,0,0,0,0,0,0,0,0,0,0,1,1,0,0
0,0,9,207,1,1,0,1,2,3,9,0,1,1,3,1,1,0,1,0,1,0,2,1,2,1,0,0,0,12,1,0,0
0,0,6,105,3,0,0,0,1,1,6,0,0,3,1,0,0,0,0,0,0,0,0,4,0,0,0,0,0,9,1,0,0
0,0,3,123,1,1,0,1,1,1,3,0,0,0,1,1,1,0,0,0,0,0,0,0,0,0,0,0,0,6,1,0,0
0,0,3,277,1,0,0,0,1,0,3,1,0,0,0,0,0,0,0,0,0,0,0,0,0,0,0,0,0,4,1,0,0
0,0,17,235,2,2,2,0,1,11,17,0,0,0,11,0,0,0,0,0,0,1,2,1,1,0,1,0,0,12,2,0,0
0,0,21,135,1,0,0,0,8,13,21,0,0,1,13,0,0,0,3,0,0,0,0,0,1,2,0,0,0,10,1,0,0
0,0,3,251,1,0,0,0,1,1,3,0,0,1,1,0,0,0,0,0,0,0,0,0,0,0,0,0,0,5,1,0,0
0,0,14,161,5,0,0,0,3,8,14,0,4,4,8,0,0,0,2,0,0,0,0,5,0,1,0,0,0,19,1,0,0
0,0,5,145,0,0,0,0,1,4,5,0,0,0,4,0,0,0,0,0,0,0,0,0,0,0,0,0,0,4,1,0,0
0,0,3,227,1,2,1,1,1,1,3,0,0,0,1,1,0,0,0,0,0,0,0,0,0,0,0,0,0,1,1,0,0
0,0,3,101,0,1,1,0,1,0,3,0,0,0,0,0,0,0,0,0,0,0,0,0,0,0,0,0,0,2,1,0,0
0,0,4,239,0,0,0,0,1,3,4,0,0,1,3,0,0,0,0,0,0,0,0,0,0,0,0,0,0,10,1,0,0
0,0,4,131,1,0,0,0,1,3,4,0,0,1,3,0,0,0,0,0,0,0,0,1,0,0,0,0,0,10,1,0,0
0,0,7,111,2,1,0,1,1,2,7,1,2,0,2,0,0,0,0,0,0,0,0,2,0,0,0,0,0,7,9,0,0
0,0,5,209,2,0,0,0,1,3,5,0,1,1,3,0,0,0,0,0,0,0,0,1,1,0,0,0,0,5,1,0,0
0,0,7,591,2,1,1,0,4,5,7,2,1,2,5,0,0,0,3,0,0,1,0,1,1,1,0,0,0,9,9,0,0
0,0,19,375,3,0,0,0,1,9,19,0,1,2,9,0,0,0,0,0,0,1,0,1,0,0,1,0,0,23,1,0,0
0,0,3,319,1,0,0,0,1,0,3,0,0,1,0,0,0,0,0,0,0,0,0,1,0,0,0,0,0,8,1,0,0
6,1,23,503,10,2,1,1,7,27,28,1,6,2,27,1,1,2,3,0,2,0,0,6,0,4,0,0,0,31,9,0,0
0,0,3,237,2,0,0,0,1,0,3,1,0,2,0,0,0,0,0,0,0,0,0,0,0,0,0,0,0,6,1,0,0
0,0,1,347,0,1,1,0,1,0,1,0,0,0,0,0,0,0,0,0,0,0,0,0,0,0,0,0,0,2,1,0,0
0,0,3,445,1,0,0,0,1,1,3,0,0,2,1,0,0,0,0,0,0,0,0,0,0,0,0,0,0,5,1,0,0
0,0,2,407,1,0,0,0,1,0,2,0,0,1,0,0,0,0,0,0,0,0,0,0,0,0,0,0,0,4,1,0,0
0,0,2,419,0,0,0,0,1,0,2,0,0,1,0,0,0,0,0,0,0,0,0,0,0,0,0,0,0,6,1,0,0
0,0,4,275,2,1,0,1,1,2,4,0,0,1,2,0,0,0,0,0,0,0,0,0,0,0,0,0,0,5,1,0,0
0,0,5,389,2,0,0,0,1,3,5,0,1,1,3,0,0,0,0,0,0,0,0,1,0,0,0,0,0,6,1,0,0
0,0,3,493,1,1,1,0,1,1,3,0,0,1,1,0,0,0,0,0,0,0,0,0,0,0,0,0,0,3,9,0,0
0,0,10,463,5,1,1,0,2,7,10,0,3,2,7,0,0,0,1,0,0,0,0,3,0,1,0,0,0,12,9,0,0
0,0,5,289,3,1,0,1,1,2,5,1,0,2,2,1,1,0,0,0,0,0,1,1,0,0,0,0,0,9,1,0,0
0,0,27,175,3,4,0,4,6,10,27,1,1,2,10,4,2,0,0,0,0,0,3,5,0,1,0,0,0,14,1,0,0
0,0,35,361,5,1,1,0,1,9,35,0,2,3,9,0,0,0,0,0,0,1,0,2,1,0,2,0,0,29,9,0,0
0,0,9,247,3,1,1,0,2,4,9,0,0,2,4,0,0,0,0,0,0,0,0,0,0,1,0,0,0,5,2,0,0
0,0,5,153,2,0,0,0,1,2,5,0,0,2,2,0,0,0,0,0,0,0,0,2,0,0,0,0,0,5,1,0,0
0,0,6,303,1,0,0,0,1,5,6,0,0,1,5,0,0,0,0,0,0,0,0,0,0,0,0,0,0,3,1,0,0
0,0,3,329,0,0,0,0,1,1,3,0,0,0,1,0,0,0,0,0,0,0,0,0,0,0,0,0,0,1,1,0,0
0,0,3,127,1,0,0,0,1,0,3,0,0,1,0,0,0,0,0,0,0,0,0,1,0,0,0,0,0,3,1,0,0
0,0,1,93,0,0,0,0,1,0,1,0,0,0,0,0,0,0,0,0,0,0,0,0,0,0,0,0,0,2,1025,0,0
0,0,4,235,0,0,0,0,1,1,4,1,1,2,1,0,0,0,0,0,0,2,0,1,1,0,0,0,0,9,4,0,0
0,0,6,207,0,0,0,0,2,1,6,0,0,0,1,0,0,0,1,0,0,0,0,1,0,1,0,0,0,3,4,0,0
0,0,1,101,1,1,1,0,1,0,1,0,0,3,0,0,0,0,0,0,0,0,0,0,0,0,0,0,0,3,1028,0,0
0,0,3,225,0,1,1,0,1,3,3,1,0,0,3,0,0,0,0,0,0,0,0,0,0,0,0,0,0,4,1,0,0
11,2,5,161,3,1,1,0,3,7,14,0,3,0,7,0,0,0,2,0,0,0,0,4,0,1,0,0,0,14,2,0,0
0,0,6,107,2,3,0,3,3,3,6,0,0,3,3,3,1,0,2,0,0,0,0,0,0,1,0,0,0,11,1,0,0
0,0,1,97,0,0,0,0,1,0,1,0,0,0,0,0,0,0,0,0,0,0,0,0,0,0,0,0,0,2,1025,0,0
0,0,5,147,2,0,0,0,1,0,5,0,0,2,0,0,0,0,0,0,0,0,0,3,0,0,0,0,0,6,0,0,0
0,0,3,137,1,0,0,0,1,0,3,0,0,1,0,0,0,0,0,0,0,0,0,1,0,0,0,0,0,4,0,0,0
0,0,9,253,3,0,0,0,2,5,9,0,1,2,5,0,0,0,1,0,0,0,0,1,0,1,0,0,0,8,9,0,0
0,0,11,199,3,0,0,0,3,3,11,0,2,2,3,0,0,0,1,0,0,0,0,3,0,1,0,0,0,13,9,0,0
0,0,5,315,2,0,0,0,1,3,5,0,1,1,3,0,0,0,0,0,0,1,0,1,0,0,0,0,0,7,9,0,0
0,0,9,229,3,0,0,0,2,5,9,0,1,2,5,0,0,0,1,0,0,0,0,1,0,1,0,0,0,9,9,0,0
30,0,11,125,4,0,0,0,3,2,11,0,2,2,2,0,0,0,1,0,0,0,0,3,0,1,0,0,0,12,9,0,0
0,0,3,189,2,1,0,1,1,1,3,0,0,3,1,1,1,0,0,0,0,0,0,0,0,0,0,0,0,4,9,0,0
30,0,11,157,4,0,0,0,3,3,11,0,2,2,3,0,0,0,1,0,0,0,0,3,0,1,0,0,0,12,9,0,0
0,0,11,95,3,1,1,0,4,5,11,0,1,4,5,0,0,0,2,0,0,0,1,1,0,1,0,0,0,17,9,0,1
0,0,13,277,4,0,0,0,2,6,13,2,3,2,6,0,0,0,0,0,0,1,2,3,0,1,0,0,0,15,9,0,0
0,0,6,333,3,1,0,1,2,2,6,0,0,1,2,1,1,0,1,0,0,0,0,0,0,1,0,0,0,12,1,0,0
9,1,43,197,9,1,0,1,12,29,51,0,6,2,29,1,1,0,3,0,2,0,2,6,0,5,0,0,0,29,1,0,0
0,0,4,119,2,0,0,0,1,0,4,0,0,2,0,0,0,0,0,0,0,0,0,2,0,0,0,0,0,7,1,0,0
0,0,16,147,5,0,0,0,2,3,16,1,1,2,3,0,0,0,1,0,0,0,0,4,0,1,1,0,0,21,1,0,0
0,0,15,353,4,2,2,0,4,20,15,0,1,1,20,0,0,0,0,0,2,0,0,1,0,2,0,0,0,15,2,0,0
0,0,3,167,1,0,0,0,1,2,3,0,0,1,2,0,0,0,0,0,0,0,0,0,0,0,0,0,0,6,1,0,0
0,0,5,131,3,0,0,0,1,0,5,0,0,3,0,0,0,0,0,0,0,0,0,3,0,0,0,0,0,8,1,0,0
0,0,2,59,0,1,1,0,1,0,2,0,0,0,0,0,0,0,0,0,0,0,0,0,0,0,0,0,0,4,1,0,0
0,0,4,85,1,0,0,0,1,3,4,0,0,1,3,0,0,0,0,0,0,0,0,1,0,0,0,0,0,10,1,0,0
1,0,5,67,2,1,0,1,1,3,6,1,1,1,3,0,0,0,0,0,0,0,0,1,0,0,0,0,0,11,9,0,0
0,0,10,175,3,0,0,0,2,12,10,0,2,1,12,0,0,0,1,0,1,0,0,3,0,1,0,0,0,18,1,0,0
0,0,19,331,4,0,0,0,2,8,19,2,0,4,8,0,0,0,1,0,0,0,0,1,0,1,1,0,0,20,1,0,0
13,1,17,231,5,0,0,0,7,15,29,0,1,4,15,0,0,0,4,0,2,0,0,1,0,2,1,0,0,43,1,0,0
0,0,7,209,0,0,0,0,2,5,7,0,0,0,5,0,0,0,1,0,0,0,0,0,0,1,0,0,0,6,1,0,0
0,0,3,127,1,1,0,1,1,1,3,1,0,2,1,1,1,0,0,0,0,0,0,0,0,0,0,0,0,8,9,0,0
0,0,3,117,1,1,0,1,1,1,3,1,0,1,1,1,1,0,0,0,0,0,0,0,0,0,0,0,0,7,9,0,0
0,0,11,147,3,4,3,1,1,6,11,1,3,3,6,0,0,0,0,0,0,0,0,3,0,0,0,0,0,17,9,0,0
0,0,7,99,0,1,1,0,1,0,7,0,0,0,0,0,0,0,0,0,0,0,0,5,0,0,0,0,0,15,1,0,0
0,0,3,137,1,1,0,1,1,1,3,1,0,1,1,1,1,0,0,0,0,0,0,0,0,0,0,0,0,8,9,0,0
0,0,7,269,2,0,0,0,1,3,7,0,1,1,3,0,0,0,0,0,0,0,0,1,0,0,0,0,0,9,1,0,0
0,0,5,349,0,0,0,0,1,2,5,0,0,0,2,0,0,0,0,0,0,0,0,1,0,0,0,0,0,8,1,0,0
0,0,6,379,0,0,0,0,2,2,6,0,0,0,2,0,0,0,1,0,0,0,0,0,0,1,0,0,0,5,1,0,0
0,0,17,181,5,0,0,0,3,6,17,3,0,2,6,0,0,0,2,0,0,0,0,1,0,2,1,0,0,26,1,0,0
0,0,5,165,3,0,0,0,1,0,5,0,0,3,0,0,0,0,0,0,0,0,0,3,0,0,0,0,0,11,1,0,1
0,0,8,139,2,0,0,0,1,0,8,0,0,6,0,0,0,0,0,0,0,0,0,6,0,0,0,0,0,14,1,0,1
20,1,38,239,11,0,0,0,18,31,57,0,8,2,31,0,0,0,6,0,7,0,1,15,0,3,0,0,0,39,1,0,0
0,0,3,219,1,0,0,0,1,2,3,0,0,1,2,0,0,0,0,0,0,0,0,0,0,0,0,0,0,6,1,0,0
0,0,3,423,2,0,0,0,1,1,3,0,0,1,1,0,0,0,0,0,0,0,0,0,0,0,0,0,0,4,1,0,0
0,0,12,135,2,0,0,0,6,9,12,2,0,3,9,0,0,0,4,0,4,0,1,0,0,2,0,0,0,14,1,0,0
0,0,24,107,6,0,0,0,1,8,24,1,2,3,8,0,0,0,0,0,0,0,0,3,0,0,1,0,0,33,1,0,0
0,0,5,91,1,1,0,1,1,2,5,1,1,1,2,0,0,0,0,0,0,0,0,1,0,0,0,0,0,9,9,0,0
0,0,6,235,0,0,0,0,1,6,6,0,0,1,6,0,0,0,0,0,0,0,0,0,0,0,0,0,0,11,1,0,0
0,0,7,183,4,0,0,0,2,5,7,0,1,4,5,0,0,0,0,0,1,0,0,1,0,1,0,0,0,12,1,0,0
0,0,4,223,0,0,0,0,1,3,4,0,0,0,3,0,0,0,0,0,0,0,0,0,0,0,0,0,0,4,1,0,0
1,1,6,207,0,0,0,0,1,6,6,0,0,0,6,0,0,0,0,0,0,0,0,0,0,0,0,0,0,5,1,0,0
0,0,3,527,2,3,0,3,1,1,3,0,0,1,1,0,0,0,0,0,0,0,0,0,0,0,0,0,0,5,1,0,0
0,0,41,1181,7,1,1,0,10,14,41,1,1,4,14,0,0,0,1,0,3,0,1,7,7,2,0,0,0,11,9,0,0
0,0,3,1163,1,1,0,1,1,3,3,0,0,0,3,1,1,0,0,0,0,0,0,0,0,0,0,0,0,5,1,0,0
0,0,3,1565,0,0,0,0,1,0,3,0,0,1,0,0,0,0,0,0,0,0,0,1,0,0,0,0,0,5,1,0,0
0,0,3,1143,1,1,0,1,1,3,3,0,0,0,3,1,1,0,0,0,0,0,0,0,0,0,0,0,0,5,1,0,0
0,0,5,209,2,2,0,2,1,2,5,1,1,1,2,1,1,0,0,0,0,0,0,1,0,0,0,0,0,10,9,0,0
0,0,5,587,1,0,0,0,1,4,5,0,0,0,4,0,0,0,0,0,1,0,0,0,0,0,0,0,0,6,1,0,0
0,0,108,239,14,1,0,1,19,34,108,2,7,3,34,1,2,0,8,0,3,3,2,18,0,2,4,0,0,67,1,0,0
0,0,3,817,0,0,0,0,1,2,3,0,0,0,2,0,0,0,0,0,0,0,0,0,0,0,0,0,0,3,1,0,0
0,0,6,1501,2,1,1,0,1,4,6,0,2,1,4,0,0,0,0,0,0,0,0,2,0,0,0,0,0,12,1,0,0
0,0,3,1531,2,2,1,1,1,1,3,0,0,1,1,1,1,0,0,0,0,0,0,0,0,0,0,0,0,4,1,0,0
0,0,3,1319,1,0,0,0,1,0,3,1,0,0,0,0,0,0,0,0,0,0,0,0,0,0,0,0,0,4,1,0,0
0,0,6,1127,4,1,1,0,1,6,6,0,1,1,6,0,0,0,0,0,1,0,0,1,0,0,0,0,0,12,1,0,0
0,0,18,1365,1,2,1,1,6,6,18,2,1,0,6,1,1,0,3,0,1,0,2,1,1,2,0,0,0,10,2,0,0
4,2,10,557,1,0,0,0,2,8,12,0,0,0,8,0,0,0,0,0,1,0,0,0,0,1,0,0,0,8,1,0,0
0,0,18,1429,2,4,0,4,6,6,18,0,0,1,6,4,4,0,0,0,0,0,4,4,0,1,0,0,0,13,1,0,0
0,0,3,1153,2,1,0,1,1,3,3,0,0,0,3,1,1,0,0,0,0,0,0,0,0,0,0,0,0,6,1,0,0
0,0,4,225,1,0,0,0,1,3,4,0,0,1,3,0,0,0,0,0,0,0,0,1,0,0,0,0,0,10,1,0,0
0,0,3,1107,0,0,0,0,1,2,3,0,0,0,2,0,0,0,0,0,0,0,0,0,0,0,0,0,0,3,1,0,0
0,0,5,1517,2,2,2,0,1,4,5,0,1,3,4,0,0,0,0,0,0,0,0,1,0,0,0,0,0,12,1,0,0
1,1,44,839,5,0,0,0,9,24,44,0,8,3,24,0,0,0,4,0,1,1,0,8,1,2,2,0,0,35,1,0,0
0,0,3,1117,0,0,0,0,1,2,3,0,0,0,2,0,0,0,0,0,0,0,0,0,0,0,0,0,0,3,1,0,0
0,0,3,1555,2,2,1,1,1,1,3,0,0,1,1,1,1,0,0,0,0,0,0,0,0,0,0,0,0,4,1,0,0
0,0,8,797,4,1,1,0,1,5,8,0,2,0,5,0,0,0,0,0,0,0,0,2,0,0,0,0,0,11,1,0,0
0,0,3,433,1,3,0,3,1,5,3,0,0,1,5,0,0,0,0,0,0,0,0,0,0,0,0,0,0,4,1,0,0
0,0,6,1411,1,1,1,0,1,4,6,1,1,3,4,0,0,0,0,0,0,0,0,1,0,0,0,0,0,8,2,0,0
0,0,5,1541,2,2,2,0,1,4,5,0,1,3,4,0,0,0,0,0,0,0,0,1,0,0,0,0,0,12,1,0,0
0,0,3,1007,0,0,0,0,1,1,3,0,0,1,1,0,0,0,0,0,0,0,0,0,0,0,0,0,0,6,1,0,0
0,0,7,1083,2,1,1,0,3,6,7,0,0,1,6,0,0,0,1,0,0,0,0,0,0,2,0,0,0,9,2,0,0
0,0,5,195,2,1,1,0,1,1,5,1,1,1,1,0,0,0,0,0,0,0,0,1,0,0,0,0,0,6,9,0,0
0,0,3,827,0,0,0,0,1,1,3,0,0,0,1,0,0,0,0,0,0,0,0,0,0,0,0,0,0,1,1,0,0
0,0,3,1491,2,2,1,1,1,1,3,0,0,1,1,1,1,0,0,0,0,0,0,0,0,0,0,0,0,4,1,0,0
0,0,6,1331,1,0,0,0,2,2,6,0,0,1,2,0,0,0,1,0,0,1,0,0,0,1,0,0,0,9,1,0,0
0,0,3,485,2,3,0,3,1,1,3,0,0,1,1,0,0,0,0,0,0,0,0,0,0,0,0,0,0,5,1,0,0
0,0,64,607,8,1,1,0,5,13,64,1,7,0,13,0,0,0,1,0,3,0,0,7,0,1,2,0,0,49,1,0,0
0,0,8,669,5,0,0,0,1,5,8,0,2,2,5,0,0,0,0,0,0,0,0,2,0,0,0,0,0,14,1,0,0
0,0,6,1049,3,1,0,1,1,8,6,0,0,1,8,0,0,0,0,0,1,1,0,0,1,0,0,0,0,10,1,0,0
0,0,3,1071,0,0,0,0,1,1,3,0,0,1,1,0,0,0,0,0,0,0,0,0,0,0,0,0,0,6,1,0,0
0,0,5,1477,2,2,2,0,1,4,5,0,1,3,4,0,0,0,0,0,0,0,0,1,0,0,0,0,0,12,1,0,0
0,0,6,1029,2,0,0,0,3,3,6,0,0,1,3,0,0,0,1,0,0,0,0,1,0,1,0,0,0,12,1,0,0
0,0,7,883,3,0,0,0,1,7,7,0,1,2,7,0,0,0,0,0,0,0,0,1,0,0,0,0,0,14,1,0,0
0,0,3,907,1,0,0,0,1,1,3,0,0,2,1,0,0,0,0,0,0,0,0,0,0,0,0,0,0,5,1,0,0
0,0,6,987,2,0,0,0,3,3,6,0,0,1,3,0,0,0,1,0,0,0,0,1,0,1,0,0,0,12,1,0,0
0,0,6,961,3,1,0,1,1,8,6,0,0,1,8,0,0,0,0,0,1,1,0,0,1,0,0,0,0,10,1,0,0
0,0,3,397,2,3,0,3,1,1,3,0,0,1,1,0,0,0,0,0,0,0,0,0,0,0,0,0,0,5,1,0,0
0,0,3,1309,2,1,0,1,1,2,3,0,0,1,2,1,1,0,0,0,0,0,0,0,0,0,0,0,0,3,1,0,0
0,0,29,695,3,0,0,0,5,15,29,0,7,2,15,0,0,0,2,0,1,5,4,8,0,4,0,0,0,29,1,0,0
0,0,2,183,0,1,1,0,1,0,2,0,0,0,0,0,0,0,0,0,0,0,0,0,0,0,0,0,0,2,1,0,0
6,2,3,141,4,0,0,0,3,6,7,0,1,4,6,0,0,0,1,0,2,0,0,1,0,1,0,0,0,15,1,0,0
0,0,7,105,4,0,0,0,2,3,7,1,0,3,3,0,0,0,1,0,0,0,0,0,0,1,0,0,0,13,1,0,0
0,0,5,89,2,1,0,1,1,2,5,1,1,1,2,0,0,0,0,0,0,0,0,1,0,0,0,0,0,10,9,0,0
0,0,4,127,1,0,0,0,1,3,4,0,0,1,3,0,0,0,0,0,0,0,0,1,0,0,0,0,0,10,1,0,0
0,0,2,81,0,1,1,0,1,0,2,0,0,0,0,0,0,0,0,0,0,0,0,0,0,0,0,0,0,2,1,0,0
0,0,7,165,0,0,0,0,2,7,7,0,0,0,7,0,0,0,0,0,0,1,0,0,1,1,0,0,0,5,1,0,0
0,0,4,187,0,0,0,0,1,3,4,0,0,1,3,0,0,0,0,0,0,0,0,0,0,0,0,0,0,10,1,0,0
0,0,7,113,4,0,0,0,2,1,7,1,0,3,1,0,0,0,1,0,0,0,0,2,0,1,0,0,0,11,1,0,0
0,0,13,151,2,1,0,1,3,14,13,0,0,0,14,1,1,0,0,0,2,0,0,1,0,1,0,0,0,12,1,0,0
0,0,2,395,1,0,0,0,1,0,2,0,0,1,0,0,0,0,0,0,0,0,0,0,0,0,0,0,0,4,1,0,0
4,1,3,291,0,0,0,0,3,7,6,0,0,0,7,0,0,0,0,0,0,0,0,0,0,1,0,0,0,8,1,0,0
0,0,21,311,5,2,0,2,7,12,21,0,2,4,12,2,1,0,5,0,3,0,1,3,1,2,0,0,0,23,1,0,0
0,0,9,367,1,1,1,0,3,7,9,0,0,1,7,0,0,0,0,0,2,0,0,0,0,2,0,0,0,11,2,0,0
0,0,6,189,2,1,0,1,2,2,6,0,0,1,2,1,1,0,0,0,0,0,0,1,0,1,0,0,0,6,1,0,0
0,0,30,207,3,3,3,0,8,11,30,1,3,0,11,0,0,1,6,0,0,0,2,7,0,3,0,0,0,15,1,0,0
0,0,4,137,1,0,0,0,1,2,4,0,0,1,2,0,0,0,0,0,0,0,0,0,0,0,0,0,0,10,1,0,0
22,6,24,141,6,3,1,2,8,15,40,2,5,2,15,1,1,0,4,0,0,3,2,9,2,4,1,0,0,26,40,0,0
11,0,10,287,2,0,0,0,3,5,10,0,0,2,5,0,0,0,1,0,0,0,1,3,0,1,0,0,0,13,1,0,0
0,0,4,241,1,0,0,0,1,6,4,0,0,0,6,0,0,0,0,0,1,0,0,0,0,0,0,0,0,4,1,0,0
0,0,25,323,5,1,1,0,4,16,25,1,2,3,16,0,0,0,1,0,0,4,3,4,0,1,0,0,0,10,10,0,0
0,0,5,509,2,1,1,0,1,0,5,0,0,3,0,0,0,0,0,0,0,0,0,3,0,0,0,0,0,5,0,0,0
5,0,3,115,2,0,0,0,1,0,3,1,0,1,0,0,0,0,0,0,0,0,0,0,0,0,0,0,0,7,1,0,0
22,6,3,129,1,1,0,1,1,1,3,1,0,1,1,1,2,0,0,0,0,0,0,0,0,0,0,0,0,3,8,0,0
6,5,35,399,11,1,0,1,3,29,36,0,5,3,29,0,0,0,0,0,1,7,7,10,1,1,0,0,0,27,9,0,0
0,0,12,575,1,0,0,0,2,8,12,0,0,0,8,0,0,0,0,0,1,0,0,0,0,1,0,0,0,8,1,0,0
0,0,3,1573,2,2,1,1,1,1,3,0,0,1,1,1,1,0,0,0,0,0,0,0,0,0,0,0,0,4,1,0,0
0,0,3,1171,2,1,0,1,1,3,3,0,0,0,3,1,1,0,0,0,0,0,0,0,0,0,0,0,0,6,1,0,0
0,0,3,451,1,3,0,3,1,5,3,0,0,1,5,0,0,0,0,0,0,0,0,0,0,0,0,0,0,4,1,0,0
0,0,3,1125,0,0,0,0,1,2,3,0,0,0,2,0,0,0,0,0,0,0,0,0,0,0,0,0,0,3,1,0,0
0,0,5,1535,2,2,2,0,1,4,5,0,1,3,4,0,0,0,0,0,0,0,0,1,0,0,0,0,0,12,1,0,0
0,0,5,195,2,1,1,0,1,1,5,1,1,1,1,0,0,0,0,0,0,0,0,1,0,0,0,0,0,6,9,0,0
0,0,6,1519,2,1,1,0,1,4,6,0,2,1,4,0,0,0,0,0,0,0,0,2,0,0,0,0,0,12,1,0,0
0,0,5,605,1,0,0,0,1,4,5,0,0,0,4,0,0,0,0,0,1,0,0,0,0,0,0,0,0,6,1,0,0
0,0,3,503,2,3,0,3,1,1,3,0,0,1,1,0,0,0,0,0,0,0,0,0,0,0,0,0,0,5,1,0,0
0,0,6,979,3,1,0,1,1,8,6,0,0,1,8,0,0,0,0,0,1,1,0,0,1,0,0,0,0,10,1,0,0
0,0,6,1005,2,0,0,0,3,3,6,0,0,1,3,0,0,0,1,0,0,0,0,1,0,1,0,0,0,12,1,0,0
0,0,3,1025,0,0,0,0,1,1,3,0,0,1,1,0,0,0,0,0,0,0,0,0,0,0,0,0,0,6,1,0,0
0,0,8,687,5,0,0,0,1,5,8,0,2,2,5,0,0,0,0,0,0,0,0,2,0,0,0,0,0,14,1,0,0
0,0,6,1067,3,1,0,1,1,8,6,0,0,1,8,0,0,0,0,0,1,1,0,0,1,0,0,0,0,10,1,0,0
0,0,3,1089,0,0,0,0,1,1,3,0,0,1,1,0,0,0,0,0,0,0,0,0,0,0,0,0,0,6,1,0,0
0,0,2,183,0,1,1,0,1,0,2,0,0,0,0,0,0,0,0,0,0,0,0,0,0,0,0,0,0,2,1,0,0
0,0,18,1447,2,4,0,4,6,6,18,0,0,1,6,4,4,0,0,0,0,0,4,4,0,1,0,0,0,13,1,0,0
0,0,6,1047,2,0,0,0,3,3,6,0,0,1,3,0,0,0,1,0,0,0,0,1,0,1,0,0,0,12,1,0,0
0,0,29,713,3,0,0,0,5,15,29,0,7,2,15,0,0,0,2,0,1,5,4,8,0,4,0,0,0,29,1,0,0
0,0,7,901,3,0,0,0,1,7,7,0,1,2,7,0,0,0,0,0,0,0,0,1,0,0,0,0,0,14,1,0,0
0,0,3,545,2,3,0,3,1,1,3,0,0,1,1,0,0,0,0,0,0,0,0,0,0,0,0,0,0,5,1,0,0
0,0,3,1135,0,0,0,0,1,2,3,0,0,0,2,0,0,0,0,0,0,0,0,0,0,0,0,0,0,3,1,0,0
0,0,3,1337,1,0,0,0,1,0,3,1,0,0,0,0,0,0,0,0,0,0,0,0,0,0,0,0,0,4,1,0,0
0,0,7,1101,2,1,1,0,3,6,7,0,0,1,6,0,0,0,1,0,0,0,0,0,0,2,0,0,0,9,2,0,0
0,0,3,415,2,3,0,3,1,1,3,0,0,1,1,0,0,0,0,0,0,0,0,0,0,0,0,0,0,5,1,0,0
0,0,3,313,2,3,0,3,1,1,3,0,0,1,1,0,0,0,0,0,0,0,0,0,0,0,0,0,0,5,1,0,0
0,0,3,925,1,0,0,0,1,1,3,0,0,2,1,0,0,0,0,0,0,0,0,0,0,0,0,0,0,5,1,0,0
0,0,18,1383,1,2,1,1,6,6,18,2,1,0,6,1,1,0,3,0,1,0,2,1,1,2,0,0,0,10,2,0,0
0,0,44,857,5,0,0,0,9,24,44,0,8,3,24,0,0,0,4,0,1,1,0,8,1,2,2,0,0,35,1,0,0
0,0,5,1559,2,2,2,0,1,4,5,0,1,3,4,0,0,0,0,0,0,0,0,1,0,0,0,0,0,12,1,0,0
0,0,3,1549,2,2,1,1,1,1,3,0,0,1,1,1,1,0,0,0,0,0,0,0,0,0,0,0,0,4,1,0,0
0,0,3,1181,1,1,0,1,1,3,3,0,0,0,3,1,1,0,0,0,0,0,0,0,0,0,0,0,0,5,1,0,0
0,0,3,1161,1,1,0,1,1,3,3,0,0,0,3,1,1,0,0,0,0,0,0,0,0,0,0,0,0,5,1,0,0
0,0,5,1495,2,2,2,0,1,4,5,0,1,3,4,0,0,0,0,0,0,0,0,1,0,0,0,0,0,12,1,0,0
0,0,6,1429,1,1,1,0,1,4,6,1,1,3,4,0,0,0,0,0,0,0,0,1,0,0,0,0,0,8,2,0,0
0,0,64,625,8,1,1,0,5,13,64,1,7,0,13,0,0,0,1,0,3,0,0,7,0,1,2,0,0,49,1,0,0
0,0,8,815,4,1,1,0,1,5,8,0,2,0,5,0,0,0,0,0,0,0,0,2,0,0,0,0,0,11,1,0,0
0,0,41,1199,7,1,1,0,10,14,41,1,1,4,14,0,0,0,1,0,3,0,1,7,7,2,0,0,0,11,9,0,0
0,0,6,1349,1,0,0,0,2,2,6,0,0,1,2,0,0,0,1,0,0,1,0,0,0,1,0,0,0,9,1,0,0
0,0,3,1327,2,1,0,1,1,2,3,0,0,1,2,1,1,0,0,0,0,0,0,0,0,0,0,0,0,3,1,0,0
0,0,3,835,0,0,0,0,1,2,3,0,0,0,2,0,0,0,0,0,0,0,0,0,0,0,0,0,0,3,1,0,0
0,0,3,845,0,0,0,0,1,1,3,0,0,0,1,0,0,0,0,0,0,0,0,0,0,0,0,0,0,1,1,0,0
9,0,105,239,14,1,0,1,19,34,114,2,7,3,34,1,2,0,8,0,3,3,2,18,0,2,5,0,0,67,1,0,0
0,0,3,1583,0,0,0,0,1,0,3,0,0,1,0,0,0,0,0,0,0,0,0,1,0,0,0,0,0,5,1,0,0
0,0,3,1509,2,2,1,1,1,1,3,0,0,1,1,1,1,0,0,0,0,0,0,0,0,0,0,0,0,4,1,0,0
0,0,5,209,2,2,0,2,1,2,5,1,1,1,2,1,1,0,0,0,0,0,0,1,0,0,0,0,0,10,9,0,0
0,0,4,225,1,0,0,0,1,3,4,0,0,1,3,0,0,0,0,0,0,0,0,1,0,0,0,0,0,10,1,0,0
0,0,6,1145,4,1,1,0,1,6,6,0,1,1,6,0,0,0,0,0,1,0,0,1,0,0,0,0,0,12,1,0,0
14,3,21,71,5,1,0,1,13,6,32,4,3,3,6,1,1,0,4,0,5,4,2,3,0,3,0,0,0,17,9,0,0
0,0,10,161,1,1,1,0,2,5,10,0,0,2,5,0,0,0,0,0,0,0,0,0,0,1,0,0,0,6,10,0,0
0,0,40,141,6,3,1,2,8,15,40,2,5,2,15,1,1,0,4,0,0,3,2,9,2,4,1,0,0,26,40,0,0
0,0,5,508,2,1,1,0,1,0,5,0,0,3,0,0,0,0,0,0,0,0,0,3,0,0,0,0,0,5,0,0,0
0,0,4,241,1,0,0,0,1,6,4,0,0,0,6,0,0,0,0,0,1,0,0,0,0,0,0,0,0,4,1,0,0
0,0,25,322,5,1,1,0,4,16,25,1,2,3,16,0,0,0,1,0,0,4,3,4,0,1,0,0,0,10,10,0,0
0,0,3,115,2,0,0,0,1,0,3,1,0,1,0,0,0,0,0,0,0,0,0,0,0,0,0,0,0,7,1,0,0
0,0,36,398,11,1,0,1,3,29,36,0,5,3,29,0,0,0,0,0,1,7,7,10,1,1,0,0,0,27,9,0,0
0,0,3,129,1,1,0,1,1,1,3,1,0,1,1,1,2,0,0,0,0,0,0,0,0,0,0,0,0,3,8,0,0
1,1,10,287,2,0,0,0,3,5,10,0,0,2,5,0,0,0,1,0,0,0,1,3,0,1,0,0,0,13,1,0,0
0,0,39,399,11,1,0,1,4,29,39,0,5,3,29,0,0,0,1,0,1,7,7,11,1,1,0,0,0,30,9,0,0
9,0,2,283,1,0,0,0,1,0,2,0,0,2,0,0,0,0,0,0,0,0,0,0,0,0,0,0,0,5,1,0,0
1,4,6,131,1,1,0,1,1,1,3,1,0,1,1,1,2,0,0,0,0,0,0,0,0,0,0,0,0,3,8,0,0
0,0,4,243,1,0,0,0,1,6,4,0,0,0,6,0,0,0,0,0,1,0,0,0,0,0,0,0,0,4,1,0,0
1,4,42,143,5,3,1,2,9,13,39,2,5,2,13,1,1,0,5,0,0,3,1,9,2,4,1,0,0,27,40,0,0
0,0,5,519,2,1,1,0,1,0,5,0,0,3,0,0,0,0,0,0,0,0,0,3,0,0,0,0,0,5,0,0,0
0,0,25,323,5,1,1,0,4,16,25,1,2,3,16,0,0,0,1,0,0,4,3,4,0,1,0,0,0,10,10,0,0
0,0,3,117,2,0,0,0,1,0,3,1,0,1,0,0,0,0,0,0,0,0,0,0,0,0,0,0,0,7,1,0,0
0,0,39,393,11,1,0,1,4,29,39,0,5,3,29,0,0,0,1,0,1,7,7,11,1,1,0,0,0,30,9,0,0
0,0,3,117,2,0,0,0,1,0,3,1,0,1,0,0,0,0,0,0,0,0,0,0,0,0,0,0,0,7,1,0,0
0,0,25,317,5,1,1,0,4,16,25,1,2,3,16,0,0,0,1,0,0,4,3,4,0,1,0,0,0,10,10,0,0
0,0,4,243,1,0,0,0,1,6,4,0,0,0,6,0,0,0,0,0,1,0,0,0,0,0,0,0,0,4,1,0,0
0,0,3,131,1,1,0,1,1,1,3,1,0,1,1,1,2,0,0,0,0,0,0,0,0,0,0,0,0,3,8,0,0
0,0,5,513,2,1,1,0,1,0,5,0,0,3,0,0,0,0,0,0,0,0,0,3,0,0,0,0,0,5,0,0,0
1,5,14,283,2,0,0,0,3,5,10,0,0,2,5,0,0,0,1,0,0,0,1,3,0,1,0,0,0,13,1,0,0
0,0,39,143,5,3,1,2,9,13,39,2,5,2,13,1,1,0,5,0,0,3,1,9,2,4,1,0,0,27,40,0,0
17,12,34,149,5,3,1,2,9,13,39,2,5,2,13,1,1,0,5,0,0,3,1,9,2,4,1,0,0,27,40,0,0
0,0,5,525,2,1,1,0,1,0,5,0,0,3,0,0,0,0,0,0,0,0,0,3,0,0,0,0,0,5,0,0,0
0,0,4,255,1,0,0,0,1,6,4,0,0,0,6,0,0,0,0,0,1,0,0,0,0,0,0,0,0,4,1,0,0
6,5,38,405,11,1,0,1,4,29,39,0,5,3,29,0,0,0,1,0,1,7,7,11,1,1,0,0,0,30,9,0,0
0,0,25,331,5,1,1,0,4,16,25,1,2,3,16,0,0,0,1,0,0,4,3,4,0,1,0,0,0,10,10,0,0
0,0,3,127,2,0,0,0,1,0,3,1,0,1,0,0,0,0,0,0,0,0,0,0,0,0,0,0,0,7,1,0,0
6,6,10,297,2,0,0,0,3,5,10,0,0,2,5,0,0,0,1,0,0,0,1,3,0,1,0,0,0,13,1,0,0
17,12,3,139,1,1,0,1,1,1,3,1,0,1,1,1,2,0,0,0,0,0,0,0,0,0,0,0,0,3,8,0,0
0,0,3,1119,0,0,0,0,1,1,3,0,0,1,1,0,0,0,0,0,0,0,0,0,0,0,0,0,0,6,1,0,0
0,0,3,1363,1,0,0,0,1,0,3,1,0,0,0,0,0,0,0,0,0,0,0,0,0,0,0,0,0,4,1,0,0
0,0,6,1097,3,1,0,1,1,8,6,0,0,1,8,0,0,0,0,0,1,1,0,0,1,0,0,0,0,10,1,0,0
0,0,8,693,5,0,0,0,1,5,8,0,2,2,5,0,0,0,0,0,0,0,0,2,0,0,0,0,0,14,1,0,0
0,0,6,1009,3,1,0,1,1,8,6,0,0,1,8,0,0,0,0,0,1,1,0,0,1,0,0,0,0,10,1,0,0
0,0,6,1035,2,0,0,0,3,3,6,0,0,1,3,0,0,0,1,0,0,0,0,1,0,1,0,0,0,12,1,0,0
0,0,3,1055,0,0,0,0,1,1,3,0,0,1,1,0,0,0,0,0,0,0,0,0,0,0,0,0,0,6,1,0,0
0,0,3,547,2,3,0,3,1,1,3,0,0,1,1,0,0,0,0,0,0,0,0,0,0,0,0,0,0,5,1,0,0
0,0,6,1077,2,0,0,0,3,3,6,0,0,1,3,0,0,0,1,0,0,0,0,1,0,1,0,0,0,12,1,0,0
0,0,29,719,3,0,0,0,5,15,29,0,7,2,15,0,0,0,2,0,1,5,4,8,0,4,0,0,0,29,1,0,0
0,0,3,1535,2,2,1,1,1,1,3,0,0,1,1,1,1,0,0,0,0,0,0,0,0,0,0,0,0,4,1,0,0
0,0,5,211,2,2,0,2,1,2,5,1,1,1,2,1,1,0,0,0,0,0,0,1,0,0,0,0,0,10,9,0,0
0,0,3,1165,0,0,0,0,1,2,3,0,0,0,2,0,0,0,0,0,0,0,0,0,0,0,0,0,0,3,1,0,0
0,0,3,505,2,3,0,3,1,1,3,0,0,1,1,0,0,0,0,0,0,0,0,0,0,0,0,0,0,5,1,0,0
1,1,114,241,14,1,0,1,19,34,114,2,7,3,34,1,2,0,8,0,3,3,2,18,0,2,5,0,0,67,1,0,0
0,0,3,1575,2,2,1,1,1,1,3,0,0,1,1,1,1,0,0,0,0,0,0,0,0,0,0,0,0,4,1,0,0
19,7,38,863,6,0,0,0,10,25,50,0,9,3,25,0,0,0,5,0,1,1,0,9,1,3,2,0,0,41,1,0,0
0,0,3,851,0,0,0,0,1,1,3,0,0,0,1,0,0,0,0,0,0,0,0,0,0,0,0,0,0,1,1,0,0
0,0,3,1191,1,1,0,1,1,3,3,0,0,0,3,1,1,0,0,0,0,0,0,0,0,0,0,0,0,5,1,0,0
0,0,3,417,2,3,0,3,1,1,3,0,0,1,1,0,0,0,0,0,0,0,0,0,0,0,0,0,0,5,1,0,0
0,0,3,929,1,0,0,0,1,1,3,0,0,2,1,0,0,0,0,0,0,0,0,0,0,0,0,0,0,5,1,0,0
0,0,7,905,3,0,0,0,1,7,7,0,1,2,7,0,0,0,0,0,0,0,0,1,0,0,0,0,0,14,1,0,0
0,0,3,453,1,3,0,3,1,5,3,0,0,1,5,0,0,0,0,0,0,0,0,0,0,0,0,0,0,4,1,0,0
3,1,10,577,1,0,0,0,2,8,12,0,0,0,8,0,0,0,0,0,1,0,0,0,0,1,0,0,0,8,1,0,0
0,0,3,1609,0,0,0,0,1,0,3,0,0,1,0,0,0,0,0,0,0,0,0,1,0,0,0,0,0,5,1,0,0
0,0,6,1175,4,1,1,0,1,6,6,0,1,1,6,0,0,0,0,0,1,0,0,1,0,0,0,0,0,12,1,0,0
0,0,7,1131,2,1,1,0,3,6,7,0,0,1,6,0,0,0,1,0,0,0,0,0,0,2,0,0,0,9,2,0,0
0,0,2,185,0,1,1,0,1,0,2,0,0,0,0,0,0,0,0,0,0,0,0,0,0,0,0,0,0,2,1,0,0
0,0,8,821,4,1,1,0,1,5,8,0,2,0,5,0,0,0,0,0,0,0,0,2,0,0,0,0,0,11,1,0,0
0,0,64,631,8,1,1,0,5,13,64,1,7,0,13,0,0,0,1,0,3,0,0,7,0,1,2,0,0,49,1,0,0
0,0,4,227,1,0,0,0,1,3,4,0,0,1,3,0,0,0,0,0,0,0,0,1,0,0,0,0,0,10,1,0,0
0,0,3,841,0,0,0,0,1,2,3,0,0,0,2,0,0,0,0,0,0,0,0,0,0,0,0,0,0,3,1,0,0
2,4,43,1229,7,1,1,0,10,14,41,1,1,4,14,0,0,0,1,0,3,0,1,7,7,2,0,0,0,11,9,0,0
0,0,6,1455,1,1,1,0,1,4,6,1,1,3,4,0,0,0,0,0,0,0,0,1,0,0,0,0,0,8,2,0,0
2,4,5,1353,2,1,0,1,1,2,3,0,0,1,2,1,1,0,0,0,0,0,0,0,0,0,0,0,0,3,1,0,0
0,0,6,1375,1,0,0,0,2,2,6,0,0,1,2,0,0,0,1,0,0,1,0,0,0,1,0,0,0,9,1,0,0
0,0,5,1521,2,2,2,0,1,4,5,0,1,3,4,0,0,0,0,0,0,0,0,1,0,0,0,0,0,12,1,0,0
0,0,3,1155,0,0,0,0,1,2,3,0,0,0,2,0,0,0,0,0,0,0,0,0,0,0,0,0,0,3,1,0,0
0,0,6,1545,2,1,1,0,1,4,6,0,2,1,4,0,0,0,0,0,0,0,0,2,0,0,0,0,0,12,1,0,0
0,0,3,1201,2,1,0,1,1,3,3,0,0,0,3,1,1,0,0,0,0,0,0,0,0,0,0,0,0,6,1,0,0
0,0,5,1561,2,2,2,0,1,4,5,0,1,3,4,0,0,0,0,0,0,0,0,1,0,0,0,0,0,12,1,0,0
0,0,3,1599,2,2,1,1,1,1,3,0,0,1,1,1,1,0,0,0,0,0,0,0,0,0,0,0,0,4,1,0,0
0,0,5,611,1,0,0,0,1,4,5,0,0,0,4,0,0,0,0,0,1,0,0,0,0,0,0,0,0,6,1,0,0
0,0,5,1585,2,2,2,0,1,4,5,0,1,3,4,0,0,0,0,0,0,0,0,1,0,0,0,0,0,12,1,0,0
0,0,5,197,2,1,1,0,1,1,5,1,1,1,1,0,0,0,0,0,0,0,0,1,0,0,0,0,0,6,9,0,0
0,0,18,1473,2,4,0,4,6,6,18,0,0,1,6,4,4,0,0,0,0,0,4,4,0,1,0,0,0,13,1,0,0
0,0,18,1409,1,2,1,1,6,6,18,2,1,0,6,1,1,0,3,0,1,0,2,1,1,2,0,0,0,10,2,0,0
0,0,3,315,2,3,0,3,1,1,3,0,0,1,1,0,0,0,0,0,0,0,0,0,0,0,0,0,0,5,1,0,0
0,0,3,1211,1,1,0,1,1,3,3,0,0,0,3,1,1,0,0,0,0,0,0,0,0,0,0,0,0,5,1,0,0
0,0,3,1177,0,1,1,0,2,2,3,1,0,0,2,0,0,0,1,0,0,0,0,0,0,0,0,0,0,8,2,0,0
0,0,51,279,9,5,0,5,11,21,51,0,2,1,21,5,2,0,6,0,0,12,0,12,0,2,0,0,0,59,1,0,1
0,1,24,1363,2,3,1,2,6,8,23,5,1,1,8,2,1,0,4,0,0,0,0,2,0,1,0,0,0,33,2,0,0
0,0,6,1187,1,1,1,0,1,6,6,0,1,0,6,0,0,0,0,0,0,0,0,1,0,0,0,0,0,12,2,0,0
0,0,7,1459,2,2,0,2,1,7,7,0,1,1,7,2,1,0,0,0,0,0,0,1,0,0,0,0,0,10,1,0,0
0,0,8,1727,0,0,0,0,2,3,8,2,0,0,3,0,0,0,0,0,0,0,0,0,0,1,0,0,0,4,1,0,0
0,0,10,1519,3,4,2,2,2,9,10,0,1,2,9,2,1,0,0,0,0,0,0,1,0,1,0,0,0,13,1,0,0
0,0,4,1661,2,2,2,0,1,2,4,0,1,0,2,0,0,0,0,0,0,0,0,1,0,0,0,0,0,5,1,0,0
10,3,6,1081,2,0,0,0,2,10,13,0,1,1,10,0,0,0,1,0,0,0,0,1,1,1,0,0,0,16,1,0,0
0,0,7,1575,4,1,0,1,2,10,7,0,1,1,10,1,1,0,0,0,1,0,0,1,0,1,0,0,0,14,1,0,0
0,0,7,1439,3,3,1,2,1,7,7,0,1,1,7,2,1,0,0,0,0,0,0,1,0,0,0,0,0,11,1,0,0
0,0,3,1423,1,1,1,0,1,2,3,0,0,0,2,0,0,0,0,0,0,0,0,0,0,0,0,0,0,6,2,0,0
0,0,6,1501,2,2,1,1,1,6,6,0,1,1,6,1,1,0,0,0,0,0,0,1,0,0,0,0,0,11,1,0,0
0,0,6,1161,1,4,4,0,1,6,6,0,1,0,6,0,0,0,0,0,0,0,0,1,0,0,0,0,0,12,2,0,0
0,0,4,1775,0,5,5,0,1,2,4,0,0,0,2,0,0,0,0,0,0,0,0,0,0,0,0,0,0,3,2,0,0
0,0,18,1795,2,1,1,0,4,7,18,0,1,0,7,0,0,0,0,1,0,0,1,1,0,2,0,0,0,8,2,0,0
0,0,24,1851,7,2,0,2,9,6,24,5,0,1,6,2,1,0,0,0,5,0,0,0,0,1,0,0,0,18,1,0,0
0,0,20,2375,3,0,0,0,2,7,20,1,1,1,7,0,0,0,0,0,0,0,0,2,0,1,2,0,0,9,4,0,0
0,0,3,2285,1,3,3,0,1,1,3,1,0,0,1,0,0,0,0,0,0,0,0,0,0,0,0,0,0,3,1,0,0
0,0,9,1619,3,3,2,1,2,5,9,0,1,0,5,1,1,0,1,0,0,0,0,1,0,1,0,0,0,7,1,0,0
0,0,3,2449,1,0,0,0,1,0,3,1,0,0,0,0,0,0,0,0,0,0,0,0,0,0,0,0,0,5,1,0,0
0,0,5,1647,3,2,1,1,1,3,5,0,1,0,3,1,1,0,0,0,0,0,0,1,0,0,0,0,0,7,1,0,0
0,0,3,1353,0,1,1,0,1,0,3,0,0,1,0,0,0,0,0,0,0,0,0,1,0,0,0,0,0,5,1,0,0
0,0,3,471,0,1,1,0,1,1,3,0,0,0,1,0,0,0,0,0,0,0,0,0,0,0,0,0,0,3,2,0,0
0,0,16,1123,3,4,1,3,5,7,16,1,2,0,7,3,1,0,3,0,0,0,0,2,0,2,0,0,0,16,1,0,0
0,0,63,1203,3,8,2,6,17,23,63,5,3,1,23,6,4,0,2,1,0,0,1,7,0,3,0,0,0,48,2,0,0
0,0,4,1341,2,1,0,1,1,3,4,0,0,1,3,1,5,0,0,0,0,0,0,0,0,0,0,0,0,8,1,0,0
0,0,3,2275,1,6,6,0,1,2,3,1,0,1,2,0,0,0,0,0,0,0,0,0,0,0,0,0,0,4,1,0,0
0,0,5,1699,0,3,3,0,2,1,5,1,1,0,1,0,0,0,0,0,0,0,0,2,0,1,0,0,0,4,1,0,0
0,0,3,2305,1,0,0,0,1,0,3,1,0,0,0,0,0,0,0,0,0,0,0,0,0,0,0,0,0,4,1,0,0
0,0,3,2429,1,0,0,0,1,0,3,0,0,1,0,0,0,0,0,0,0,0,0,1,0,0,0,0,0,3,1,0,0
0,0,3,1927,0,1,1,0,2,3,3,1,0,1,3,0,0,0,1,0,0,0,0,0,0,0,0,0,0,7,2,0,0
0,0,3,2439,1,0,0,0,1,0,3,1,0,0,0,0,0,0,0,0,0,0,0,0,0,0,0,0,0,3,1,0,0
0,0,22,1009,1,0,0,0,6,8,22,0,1,1,8,0,0,0,5,0,0,8,0,1,0,1,0,0,0,18,4,0,0
0,0,26,2185,1,3,0,3,7,16,26,0,0,0,16,3,1,0,3,0,0,0,0,0,0,3,0,0,0,15,1,0,0
0,0,3,2315,1,0,0,0,1,0,3,0,0,1,0,0,0,0,0,0,0,0,0,1,0,0,0,0,0,4,1,0,0
0,0,7,1557,4,1,0,1,2,10,7,0,1,1,10,1,1,0,0,0,1,0,0,1,0,1,0,0,0,14,1,0,0
0,0,3,2461,1,2,2,0,1,0,3,0,0,1,0,0,0,0,0,0,0,0,0,1,0,0,0,0,0,5,1,0,0
0,0,5,1713,0,2,2,0,2,1,5,1,1,1,1,0,0,0,0,0,0,0,0,2,0,1,0,0,0,5,1,0,0
0,0,4,1545,2,2,1,1,2,2,4,0,1,1,2,1,2,0,0,0,0,0,0,1,0,0,0,0,0,9,1,0,0
0,0,151,517,15,12,0,12,49,53,151,9,6,1,53,12,7,1,15,1,12,1,2,10,0,6,0,0,0,74,4,0,0
0,0,4,443,1,1,0,1,1,2,4,0,0,0,2,1,1,0,0,0,0,0,0,0,0,0,0,0,0,5,1,0,0
0,0,94,1941,13,4,0,4,27,28,94,23,2,1,28,4,3,0,4,0,18,0,0,13,0,2,0,0,0,38,1,0,0
0,0,6,1673,5,1,0,1,3,3,6,0,1,0,3,1,1,0,1,0,0,0,0,1,0,1,0,0,0,8,1,0,0
0,0,11,483,1,0,0,0,7,2,11,0,0,3,2,0,0,0,6,0,0,0,0,0,0,1,0,0,0,11,4,0,0
0,0,8,1751,0,4,4,0,3,6,8,0,0,0,6,0,0,0,0,0,0,0,0,0,0,1,0,0,0,2,1,0,0
0,0,8,1479,3,3,0,3,1,8,8,0,1,1,8,3,1,0,0,0,0,0,0,1,0,0,0,0,0,14,1,0,0
0,0,3,2473,1,0,0,0,1,0,3,1,0,0,0,0,0,0,0,0,0,0,0,0,0,0,0,0,0,5,1,0,0
0,0,4,2405,1,0,0,0,1,2,4,0,0,2,2,0,0,0,0,0,0,0,0,0,0,0,0,0,0,5,1,0,0
0,0,3,2393,1,0,0,0,1,1,3,0,0,2,1,0,0,0,0,0,0,0,0,0,0,0,0,0,0,5,1,0,0
0,0,3,461,0,1,1,0,1,1,3,0,0,0,1,0,0,0,0,0,0,0,0,0,0,0,0,0,0,3,2,0,0
0,0,10,1593,1,0,0,0,3,8,10,0,2,1,8,0,0,0,0,0,0,0,0,2,0,1,0,0,0,11,1,0,0
0,0,3,2295,1,1,1,0,1,0,3,1,0,0,0,0,0,0,0,0,0,0,0,0,0,0,0,0,0,3,1,0,0
0,0,3,2325,0,2,2,0,1,2,3,0,0,0,2,0,0,0,0,0,0,0,0,0,0,0,0,0,0,5,1,0,0
0,0,13,2335,1,1,1,0,2,3,13,2,1,0,3,0,0,0,0,0,0,0,0,1,0,1,0,0,0,6,2,0,0
0,0,25,309,5,1,1,0,4,16,25,1,2,3,16,0,0,0,1,0,0,4,3,4,0,1,0,0,0,10,10,0,0
32,43,46,149,5,2,1,1,11,11,35,2,5,2,11,1,1,0,7,0,0,3,2,9,2,4,0,0,0,23,41,0,0
32,43,14,139,1,1,0,1,1,1,3,1,0,1,1,1,2,0,0,0,0,0,0,0,0,0,0,0,0,3,9,0,0
0,0,39,383,11,1,0,1,4,29,39,0,5,3,29,0,0,0,1,0,1,7,7,11,1,1,0,0,0,30,9,0,0
0,0,3,127,2,0,0,0,1,0,3,1,0,1,0,0,0,0,0,0,0,0,0,0,0,0,0,0,0,7,1,0,0
0,0,10,275,2,0,0,0,3,5,10,0,0,2,5,0,0,0,1,0,0,0,1,3,0,1,0,0,0,13,1,0,0
0,0,5,503,2,1,1,0,1,0,5,0,0,3,0,0,0,0,0,0,0,0,0,3,0,0,0,0,0,5,0,0,0
1,1,18,97,2,1,0,1,3,8,18,3,1,0,8,1,1,0,0,1,0,2,2,2,0,2,0,0,0,12,1,0,0
0,0,3,83,0,1,1,0,1,2,3,1,0,0,2,0,0,0,0,0,1,0,0,0,0,0,0,0,0,2,1,0,0
0,0,2,155,1,0,0,0,1,0,2,0,0,3,0,0,0,0,0,0,0,0,0,0,0,0,0,0,0,3,4,0,0
0,0,3,71,2,0,0,0,1,0,3,0,0,2,0,0,0,0,0,0,0,0,0,0,0,0,0,0,0,4,1,0,0
0,0,3,315,0,0,0,0,1,2,3,0,0,1,2,0,0,0,0,0,0,0,0,0,0,0,0,0,0,8,1,0,0
0,0,17,189,4,0,0,0,3,11,17,0,2,4,11,0,0,0,2,0,2,4,1,3,1,2,0,0,0,31,1,0,0
0,0,2,95,0,3,3,0,1,0,2,0,0,0,0,0,0,0,0,0,0,0,0,0,0,0,0,0,0,4,1,0,0
0,0,3,351,1,0,0,0,1,1,3,0,0,1,1,0,0,0,0,0,0,0,0,0,0,0,0,0,0,5,1,0,0
0,0,4,165,4,0,0,0,1,3,4,1,0,3,3,0,0,0,0,0,0,0,0,1,0,0,0,0,0,12,1,0,0
0,0,5,131,2,1,0,1,1,2,5,1,1,1,2,0,0,0,0,0,0,0,0,1,0,0,0,0,0,11,9,0,0
0,0,5,103,3,1,0,1,1,3,5,1,1,3,3,0,0,0,0,0,0,0,0,1,0,0,0,0,0,17,9,0,0
0,0,6,331,0,0,0,0,3,4,6,0,0,0,4,0,0,0,1,0,0,0,0,0,0,1,0,0,0,8,1,0,0
0,0,5,117,3,1,0,1,1,2,5,1,1,2,2,0,0,0,0,0,0,0,0,1,0,0,0,0,0,14,9,0,0
0,0,22,243,7,0,0,0,7,15,22,0,6,1,15,0,0,0,7,0,3,0,2,7,0,3,0,0,0,39,1,0,0
0,0,6,147,1,0,0,0,1,5,6,0,0,1,5,0,0,0,0,0,0,0,0,1,0,0,0,0,0,17,1,0,0
0,0,3,341,1,0,0,0,1,1,3,0,0,1,1,0,0,0,0,0,0,0,0,0,0,0,0,0,0,5,1,0,0
0,0,5,117,3,1,0,1,1,2,5,1,1,2,2,0,0,0,0,0,0,0,0,1,0,0,0,0,0,14,9,0,0
0,0,3,305,0,0,0,0,1,2,3,0,0,1,2,0,0,0,0,0,0,0,0,0,0,0,0,0,0,8,1,0,0
0,0,19,243,7,0,0,0,8,15,19,0,4,1,15,0,0,0,6,0,2,0,2,4,0,4,0,0,0,35,1,0,0
0,0,17,189,4,0,0,0,3,11,17,0,2,4,11,0,0,0,2,0,2,4,1,3,1,2,0,0,0,31,1,0,0
0,0,2,95,0,3,3,0,1,0,2,0,0,0,0,0,0,0,0,0,0,0,0,0,0,0,0,0,0,4,1,0,0
0,0,6,147,1,0,0,0,1,5,6,0,0,1,5,0,0,0,0,0,0,0,0,1,0,0,0,0,0,17,1,0,0
0,0,6,321,0,0,0,0,3,4,6,0,0,0,4,0,0,0,1,0,0,0,0,0,0,1,0,0,0,8,1,0,0
0,0,4,165,4,0,0,0,1,3,4,1,0,3,3,0,0,0,0,0,0,0,0,1,0,0,0,0,0,12,1,0,0
0,0,5,103,3,1,0,1,1,3,5,1,1,3,3,0,0,0,0,0,0,0,0,1,0,0,0,0,0,17,9,0,0
0,0,5,131,2,1,0,1,1,2,5,1,1,1,2,0,0,0,0,0,0,0,0,1,0,0,0,0,0,11,9,0,0
3,0,5,337,0,0,0,0,4,4,8,0,0,0,4,0,0,0,2,0,0,0,1,2,0,1,0,0,0,10,1,0,0
0,0,3,143,2,0,0,0,1,0,3,1,0,1,0,0,0,0,0,0,0,0,0,0,0,0,0,0,0,7,1,0,0
26,6,19,363,5,1,1,0,7,16,39,1,2,3,16,0,0,0,4,0,0,1,7,5,1,2,0,0,0,27,10,0,0
0,0,5,603,2,1,1,0,1,0,5,0,0,3,0,0,0,0,0,0,0,0,0,3,0,0,0,0,0,5,0,0,0
42,18,27,165,6,2,1,1,13,15,51,2,5,2,15,1,1,0,7,0,0,1,1,10,2,5,0,0,0,42,41,0,0
42,18,3,155,1,1,0,1,1,1,3,1,0,1,1,1,2,0,0,0,0,0,0,0,0,0,0,0,0,3,9,0,0
12,9,37,477,11,1,0,1,4,26,40,0,5,3,26,0,0,0,1,0,1,1,7,14,1,1,0,0,0,39,9,0,0
4,0,11,139,5,0,0,0,2,2,15,2,0,2,2,0,0,0,1,0,0,0,0,1,0,1,1,0,0,15,1,0,0
0,0,24,189,7,0,0,0,5,15,24,0,2,2,15,0,0,0,3,0,5,0,0,2,0,2,1,0,0,20,1,0,0
0,0,5,123,2,0,0,0,1,0,5,0,0,3,0,0,0,0,0,0,0,0,0,3,0,0,0,0,0,7,1,0,0
0,0,4,153,1,0,0,0,1,3,4,0,0,1,3,0,0,0,0,0,0,0,0,0,0,0,0,0,0,5,1,0,0
0,0,5,109,2,0,0,0,1,0,5,0,0,3,0,0,0,0,0,0,0,0,0,3,0,0,0,0,0,7,1,0,0
0,0,3,235,1,0,0,0,1,1,3,0,0,2,1,0,0,0,0,0,0,0,0,0,0,0,0,0,0,5,1,0,0
0,0,3,255,2,0,0,0,1,1,3,0,0,1,1,0,0,0,0,0,0,0,0,0,0,0,0,0,0,4,1,0,0
0,0,6,137,4,0,0,0,1,0,6,0,0,4,0,0,0,0,0,0,0,0,0,3,0,0,0,0,0,36,1,0,1
10,8,45,155,9,0,0,0,8,21,47,1,8,0,21,0,0,0,3,4,1,1,0,15,0,5,0,0,0,28,1,0,0
0,0,3,201,2,1,0,1,1,1,3,1,0,1,1,1,1,0,0,0,0,0,0,0,0,0,0,0,0,7,9,0,0
0,0,10,747,3,1,1,0,2,6,10,0,3,1,6,0,0,0,1,0,0,0,0,4,0,1,0,0,0,15,1,0,0
0,0,3,181,2,1,0,1,1,1,3,1,0,1,1,1,1,0,0,0,0,0,0,0,0,0,0,0,0,7,9,0,0
0,0,18,579,7,2,0,2,4,10,18,0,0,2,10,2,1,0,1,0,2,0,1,3,0,1,0,0,0,23,1,0,0
7,2,33,917,6,1,1,0,17,12,38,1,3,4,12,0,0,0,6,0,0,0,0,6,9,2,0,0,0,15,9,0,0
0,0,4,1085,0,1,1,0,1,3,4,0,0,1,3,0,0,0,0,0,0,0,0,0,0,0,0,0,0,10,1,0,0
0,0,37,349,4,2,2,0,8,14,37,0,7,0,14,0,0,2,3,0,2,3,9,11,4,3,1,0,0,32,2,0,0
0,0,10,297,5,0,0,0,1,9,10,1,2,3,9,0,0,0,0,0,0,0,1,2,0,0,0,0,0,15,1,0,0
7,2,3,907,2,1,0,1,1,1,3,0,0,1,1,1,2,0,0,0,0,0,0,0,0,0,0,0,0,3,1,0,0
0,0,35,473,5,0,0,0,8,17,35,1,2,4,17,0,0,0,1,0,3,0,2,3,0,2,0,0,0,20,1,0,0
0,0,7,331,0,0,0,0,1,7,7,0,0,0,7,0,0,0,0,0,0,0,0,0,0,0,0,0,0,5,1,0,0
0,0,3,191,1,1,0,1,1,1,3,1,0,1,1,1,1,0,0,0,0,0,0,0,0,0,0,0,0,7,9,0,0
0,0,11,707,2,0,0,0,5,5,11,0,1,3,5,0,0,0,4,0,0,0,0,2,0,2,0,0,0,15,1,0,0
0,0,16,659,4,1,1,0,2,5,16,2,0,2,5,0,0,0,1,0,0,0,0,1,0,1,1,0,0,16,2,0,0
0,0,6,1055,0,0,0,0,2,2,6,0,0,0,2,0,0,0,1,0,0,0,0,0,0,1,0,0,0,5,1,0,0
7,2,3,1043,4,2,1,1,1,1,3,0,0,3,1,1,1,0,0,0,0,0,0,0,0,0,0,0,0,6,9,0,0
0,0,5,885,0,0,0,0,3,5,5,0,0,0,5,0,0,0,1,0,0,0,2,0,0,1,0,0,0,3,1,0,0
0,0,6,867,0,0,0,0,2,4,6,0,0,0,4,0,0,0,1,0,0,0,0,1,0,1,0,0,0,6,1,0,0
0,0,8,237,1,0,0,0,2,6,8,0,0,1,6,0,0,0,0,0,0,0,0,1,0,1,0,0,0,15,1,0,0
0,0,7,641,5,1,0,1,1,5,7,1,2,4,5,1,1,0,0,0,1,0,0,2,0,0,0,0,0,16,1,0,0
0,0,3,677,0,0,0,0,1,0,3,0,0,0,0,0,0,0,0,0,0,0,0,1,0,0,0,0,0,5,1,0,0
0,0,6,437,0,0,0,0,2,2,6,1,1,2,2,0,0,1,0,0,0,0,1,1,0,1,0,0,0,12,1,0,0
0,0,3,811,1,0,0,0,1,1,3,0,0,1,1,0,0,0,0,0,0,0,0,0,0,0,0,0,0,5,1,0,0
0,0,6,829,3,0,0,0,3,3,6,0,0,4,3,0,0,0,1,0,0,0,0,1,0,1,0,0,0,13,1,0,0
0,0,3,849,0,0,0,0,1,1,3,0,0,1,1,0,0,0,0,0,0,0,0,0,0,0,0,0,0,6,1,0,0
0,0,2,173,0,1,1,0,1,0,2,0,0,0,0,0,0,0,0,0,0,0,0,0,0,0,0,0,0,3,1,0,0
0,0,3,1073,1,0,0,0,1,0,3,1,0,0,0,0,0,0,0,0,0,0,0,0,0,0,0,0,0,4,1,0,0
0,0,10,211,5,4,3,1,1,5,10,1,3,3,5,0,0,0,0,0,0,0,0,3,0,0,0,0,0,16,9,0,0
0,0,12,263,2,2,0,2,3,8,12,0,0,0,8,2,1,0,1,0,1,0,0,1,0,1,0,0,0,18,1,0,0
0,0,26,779,4,0,0,0,2,8,26,0,3,0,8,0,0,0,1,0,0,0,0,3,0,1,1,0,0,33,1,0,0
0,0,11,907,3,0,0,0,2,7,11,0,1,2,7,0,0,0,1,0,0,0,0,1,0,1,0,0,0,16,1,0,0
0,0,6,1529,2,1,1,0,1,4,6,0,2,1,4,0,0,0,0,0,0,0,0,2,0,0,0,0,0,12,1,0,0
0,0,18,1393,1,2,1,1,6,6,18,2,1,0,6,1,1,0,3,0,1,0,2,1,1,2,0,0,0,10,2,0,0
0,0,5,213,2,2,0,2,1,2,5,1,1,1,2,1,1,0,0,0,0,0,0,1,0,0,0,0,0,10,9,0,0
0,0,6,1359,1,0,0,0,2,2,6,0,0,1,2,0,0,0,1,0,0,1,0,0,0,1,0,0,0,9,1,0,0
0,0,3,1337,2,1,0,1,1,2,3,0,0,1,2,1,1,0,0,0,0,0,0,0,0,0,0,0,0,3,1,0,0
0,0,6,1439,1,1,1,0,1,4,6,1,1,3,4,0,0,0,0,0,0,0,0,1,0,0,0,0,0,8,2,0,0
0,0,7,1115,2,1,1,0,3,6,7,0,0,1,6,0,0,0,1,0,0,0,0,0,0,2,0,0,0,9,2,0,0
0,0,3,1519,2,2,1,1,1,1,3,0,0,1,1,1,1,0,0,0,0,0,0,0,0,0,0,0,0,4,1,0,0
0,0,3,1347,1,0,0,0,1,0,3,1,0,0,0,0,0,0,0,0,0,0,0,0,0,0,0,0,0,4,1,0,0
0,0,2,187,0,1,1,0,1,0,2,0,0,0,0,0,0,0,0,0,0,0,0,0,0,0,0,0,0,2,1,0,0
0,0,5,1569,2,2,2,0,1,4,5,0,1,3,4,0,0,0,0,0,0,0,0,1,0,0,0,0,0,12,1,0,0
0,0,8,823,4,1,1,0,1,5,8,0,2,0,5,0,0,0,0,0,0,0,0,2,0,0,0,0,0,11,1,0,0
0,0,5,1505,2,2,2,0,1,4,5,0,1,3,4,0,0,0,0,0,0,0,0,1,0,0,0,0,0,12,1,0,0
0,0,3,1583,2,2,1,1,1,1,3,0,0,1,1,1,1,0,0,0,0,0,0,0,0,0,0,0,0,4,1,0,0
0,0,4,229,1,0,0,0,1,3,4,0,0,1,3,0,0,0,0,0,0,0,0,1,0,0,0,0,0,10,1,0,0
1,1,64,633,8,1,1,0,5,13,64,1,7,0,13,0,0,0,1,0,3,0,0,7,0,1,2,0,0,49,1,0,0
0,0,3,455,1,3,0,3,1,5,3,0,0,1,5,0,0,0,0,0,0,0,0,0,0,0,0,0,0,4,1,0,0
0,0,3,507,2,3,0,3,1,1,3,0,0,1,1,0,0,0,0,0,0,0,0,0,0,0,0,0,0,5,1,0,0
0,0,3,549,2,3,0,3,1,1,3,0,0,1,1,0,0,0,0,0,0,0,0,0,0,0,0,0,0,5,1,0,0
0,0,6,1039,2,0,0,0,3,3,6,0,0,1,3,0,0,0,1,0,0,0,0,1,0,1,0,0,0,12,1,0,0
0,0,3,1593,0,0,0,0,1,0,3,0,0,1,0,0,0,0,0,0,0,0,0,1,0,0,0,0,0,5,1,0,0
0,0,114,243,14,1,0,1,19,34,114,2,7,3,34,1,2,0,8,0,3,3,2,18,0,2,5,0,0,67,1,0,0
0,0,3,1139,0,0,0,0,1,2,3,0,0,0,2,0,0,0,0,0,0,0,0,0,0,0,0,0,0,3,1,0,0
0,0,18,1457,2,4,0,4,6,6,18,0,0,1,6,4,4,0,0,0,0,0,4,4,0,1,0,0,0,13,1,0,0
0,0,12,579,1,0,0,0,2,8,12,0,0,0,8,0,0,0,0,0,1,0,0,0,0,1,0,0,0,8,1,0,0
0,0,3,1185,2,1,0,1,1,3,3,0,0,0,3,1,1,0,0,0,0,0,0,0,0,0,0,0,0,6,1,0,0
0,0,3,853,0,0,0,0,1,1,3,0,0,0,1,0,0,0,0,0,0,0,0,0,0,0,0,0,0,1,1,0,0
0,0,5,1545,2,2,2,0,1,4,5,0,1,3,4,0,0,0,0,0,0,0,0,1,0,0,0,0,0,12,1,0,0
0,0,58,865,6,0,0,0,11,25,58,0,9,3,25,0,0,0,6,0,1,1,0,9,1,4,2,0,0,42,1,0,0
0,0,3,419,2,3,0,3,1,1,3,0,0,1,1,0,0,0,0,0,0,0,0,0,0,0,0,0,0,5,1,0,0
0,0,3,943,1,0,0,0,1,1,3,0,0,2,1,0,0,0,0,0,0,0,0,0,0,0,0,0,0,5,1,0,0
0,0,3,1103,0,0,0,0,1,1,3,0,0,1,1,0,0,0,0,0,0,0,0,0,0,0,0,0,0,6,1,0,0
0,0,12,1059,3,1,0,1,4,15,12,0,2,1,15,0,0,0,2,0,1,1,0,2,1,2,0,0,0,27,1,0,0
0,0,8,695,5,0,0,0,1,5,8,0,2,2,5,0,0,0,0,0,0,0,0,2,0,0,0,0,0,14,1,0,0
0,0,29,721,4,0,0,0,5,16,29,0,7,2,16,0,0,0,2,0,2,5,4,8,0,4,0,0,0,32,1,0,0
0,0,6,1159,4,1,1,0,1,6,6,0,1,1,6,0,0,0,0,0,1,0,0,1,0,0,0,0,0,12,1,0,0
0,0,3,1149,0,0,0,0,1,2,3,0,0,0,2,0,0,0,0,0,0,0,0,0,0,0,0,0,0,3,1,0,0
0,0,3,317,2,3,0,3,1,1,3,0,0,1,1,0,0,0,0,0,0,0,0,0,0,0,0,0,0,5,1,0,0
0,0,41,1213,7,1,1,0,10,14,41,1,1,4,14,0,0,0,1,0,3,0,1,7,7,2,0,0,0,11,9,0,0
0,0,5,199,2,1,1,0,1,1,5,1,1,1,1,0,0,0,0,0,0,0,0,1,0,0,0,0,0,6,9,0,0
0,0,5,613,1,0,0,0,1,4,5,0,0,0,4,0,0,0,0,0,1,0,0,0,0,0,0,0,0,6,1,0,0
0,0,3,1195,1,1,0,1,1,3,3,0,0,0,3,1,1,0,0,0,0,0,0,0,0,0,0,0,0,5,1,0,0
0,0,3,843,0,0,0,0,1,2,3,0,0,0,2,0,0,0,0,0,0,0,0,0,0,0,0,0,0,3,1,0,0
0,0,3,1175,1,1,0,1,1,3,3,0,0,0,3,1,1,0,0,0,0,0,0,0,0,0,0,0,0,5,1,0,0
0,0,3,1559,2,2,1,1,1,1,3,0,0,1,1,1,1,0,0,0,0,0,0,0,0,0,0,0,0,4,1,0,0
2,1,17,97,2,1,0,1,3,8,18,3,1,0,8,1,1,0,0,1,0,2,2,2,0,2,0,0,0,12,1,0,0
0,0,3,83,0,1,1,0,1,2,3,1,0,0,2,0,0,0,0,0,1,0,0,0,0,0,0,0,0,2,1,0,0
0,0,2,157,1,0,0,0,1,0,2,0,0,3,0,0,0,0,0,0,0,0,0,0,0,0,0,0,0,3,4,0,0
0,0,3,71,2,0,0,0,1,0,3,0,0,2,0,0,0,0,0,0,0,0,0,0,0,0,0,0,0,4,1,0,0
0,0,3,79,2,0,0,0,1,0,3,0,0,2,0,0,0,0,0,0,0,0,0,0,0,0,0,0,0,4,1,0,0
0,0,3,91,0,1,1,0,1,2,3,1,0,0,2,0,0,0,0,0,1,0,0,0,0,0,0,0,0,2,1,0,0
18,10,16,105,2,1,0,1,4,14,24,3,2,0,14,1,1,0,1,1,0,2,2,3,0,3,0,0,0,16,1,0,0
0,0,2,181,1,0,0,0,1,0,2,0,0,3,0,0,0,0,0,0,0,0,0,0,0,0,0,0,0,3,4,0,0
27,0,19,17,5,1,0,1,5,12,19,0,4,1,12,1,1,0,3,0,0,4,0,4,0,2,0,0,0,25,1,0,0
26,0,15,45,0,1,1,0,5,2,15,3,2,0,2,0,0,0,1,1,0,2,0,2,0,2,0,0,0,14,9,0,0
8,0,7,18,1,0,0,0,1,3,7,1,3,2,3,0,0,0,0,0,0,2,0,3,0,0,0,0,0,10,9,0,0
8,0,7,9,1,0,0,0,1,3,7,1,3,2,3,0,0,0,0,0,0,2,0,3,0,0,0,0,0,10,9,0,0
18,2,15,20,5,1,0,1,5,12,31,0,5,1,12,1,1,0,3,0,0,8,0,8,0,2,0,0,0,26,1,0,0
0,0,15,64,0,1,1,0,5,2,15,3,2,0,2,0,0,0,1,1,0,2,0,2,0,2,0,0,0,14,9,0,0
0,0,2,377,1,0,0,0,1,0,2,0,0,1,0,0,0,0,0,0,0,0,0,0,0,0,0,0,0,5,1,0,0
0,0,9,221,1,0,0,0,7,7,9,0,0,2,7,0,0,0,2,0,2,4,0,0,0,1,0,0,0,8,1,0,0
0,0,3,197,2,1,0,1,1,1,3,0,0,1,1,0,0,0,0,0,0,0,0,0,0,0,0,0,0,6,1,0,0
0,0,4,523,0,0,0,0,1,3,4,0,0,0,3,0,0,0,0,0,0,0,0,0,0,0,0,0,0,4,1,0,0
8,1,39,389,3,4,3,1,14,8,46,5,4,0,8,1,1,0,6,1,1,3,6,19,0,1,0,0,0,34,2,0,0
0,0,13,115,1,2,0,2,3,6,13,0,0,0,6,2,3,0,1,0,0,0,0,0,0,1,0,0,0,11,1,0,0
0,0,8,537,1,2,2,0,2,3,8,2,0,1,3,0,0,0,1,0,0,0,0,0,0,1,0,0,0,10,2,0,0
0,0,8,281,4,2,1,1,2,6,8,0,2,1,6,1,2,0,0,0,0,0,0,2,0,1,0,0,0,16,2,0,0
0,0,8,337,1,1,0,1,2,2,8,0,0,4,2,0,0,0,0,0,0,0,0,0,0,1,0,0,0,11,1,0,0
1,1,8,307,3,2,1,1,2,2,8,0,3,0,2,1,1,1,0,0,0,0,1,4,0,1,0,0,0,15,2,0,0
0,0,3,103,0,0,0,0,1,1,3,0,0,0,1,0,0,0,0,0,0,0,0,0,0,0,0,0,0,5,1,0,0
0,0,2,363,0,0,0,0,1,0,2,0,0,4,0,0,0,0,0,0,0,0,0,0,0,0,0,0,0,6,1,0,0
0,0,35,159,9,0,0,0,2,12,35,1,3,3,12,0,0,0,1,0,0,1,0,4,0,1,2,0,0,33,1,0,0
0,0,3,129,2,1,0,1,1,1,3,1,0,1,1,1,1,0,0,0,0,0,0,0,0,0,0,0,0,5,9,0,0
0,0,3,139,2,1,0,1,1,1,3,1,0,1,1,1,1,0,0,0,0,0,0,0,0,0,0,0,0,5,9,0,0
0,0,5,115,0,0,0,0,1,0,5,0,0,0,0,0,0,0,0,0,0,0,0,3,0,0,0,0,0,10,1,0,0
0,0,7,321,4,0,0,0,2,3,7,0,1,2,3,0,0,0,1,0,0,0,1,2,0,1,0,0,0,18,1,0,0
0,0,20,167,4,0,0,0,4,10,20,1,2,3,10,0,0,0,3,0,0,0,0,4,0,1,0,0,0,34,1,0,0
0,0,3,359,1,2,1,1,1,1,3,0,0,0,1,1,0,0,0,0,0,0,0,0,0,0,0,0,0,1,1,0,0
0,0,2,349,1,0,0,0,1,0,2,0,0,1,0,0,0,0,0,0,0,0,0,0,0,0,0,0,0,4,1,0,0
0,0,6,149,1,2,2,0,1,1,6,1,1,2,1,0,0,0,0,0,0,0,0,1,0,0,0,0,0,6,9,0,0
0,0,27,241,4,0,0,0,7,12,27,1,5,2,12,0,0,0,5,0,1,1,1,15,1,1,0,0,0,49,1,0,0
0,0,4,227,1,0,0,0,1,2,4,1,1,0,2,0,0,0,0,0,0,0,0,1,0,0,0,0,0,9,4,0,0
0,0,7,271,0,0,0,0,2,5,7,0,0,0,5,0,0,0,1,0,0,0,0,0,0,1,0,0,0,6,1,0,0
0,0,5,429,0,0,0,0,1,2,5,0,0,0,2,0,0,0,0,0,0,0,0,1,0,0,0,0,0,8,1,0,0
0,0,7,331,2,0,0,0,1,3,7,0,1,1,3,0,0,0,0,0,0,0,0,1,0,0,0,0,0,9,1,0,0
0,0,3,135,1,1,0,1,1,1,3,1,0,1,1,1,1,0,0,0,0,0,0,0,0,0,0,0,0,7,9,0,0
0,0,7,117,0,1,1,0,1,0,7,0,0,0,0,0,0,0,0,0,0,0,0,5,0,0,0,0,0,15,1,0,0
0,0,3,155,2,1,0,1,1,1,3,1,0,3,1,1,1,0,0,0,0,0,0,0,0,0,0,0,0,7,9,0,0
0,0,19,411,4,0,0,0,2,8,19,2,0,4,8,0,0,0,1,0,0,0,0,1,0,1,1,0,0,20,1,0,0
0,0,6,507,0,0,0,0,2,2,6,0,0,0,2,0,0,0,1,0,0,0,0,0,0,1,0,0,0,5,1,0,0
0,0,3,165,1,1,0,1,1,1,3,1,0,1,1,1,1,0,0,0,0,0,0,0,0,0,0,0,0,8,9,0,0
8,9,24,207,3,0,0,0,4,14,23,2,3,1,14,0,0,0,3,0,1,0,0,4,0,3,0,0,0,20,1,0,0
0,0,5,463,2,0,0,0,1,3,5,0,1,1,3,0,0,0,0,0,0,0,0,1,1,0,0,0,0,5,1,0,0
0,0,35,293,6,0,0,0,9,19,35,0,2,4,19,0,0,0,4,0,3,0,0,2,0,3,1,0,0,49,1,0,0
0,0,3,145,1,1,0,1,1,1,3,1,0,2,1,1,1,0,0,0,0,0,0,0,0,0,0,0,0,8,9,0,0
0,0,12,177,3,5,4,1,1,7,12,1,3,4,7,0,0,0,0,0,0,0,0,3,0,0,0,0,0,17,9,0,0
0,0,9,481,1,0,0,0,2,1,9,0,0,3,1,0,0,0,0,0,0,0,0,0,0,1,0,0,0,7,1,0,0
0,0,2,227,0,0,0,0,1,0,2,0,0,4,0,0,0,0,0,0,0,0,0,0,0,0,0,0,0,6,1,0,0
0,0,5,137,2,1,0,1,1,1,5,1,1,1,1,0,0,0,0,0,0,0,0,1,0,0,0,0,0,9,9,0,0
0,0,2,219,0,0,0,0,1,0,2,0,0,4,0,0,0,0,0,0,0,0,0,0,0,0,0,0,0,6,1,0,0
0,0,40,261,6,0,0,0,7,21,40,1,6,1,21,0,0,0,3,2,0,0,0,6,0,3,0,0,0,31,1,0,0
0,0,79,151,14,0,0,0,1,16,79,1,10,1,16,0,0,0,0,0,3,0,0,10,0,0,3,0,0,86,1,0,0
0,0,3,243,1,0,0,0,1,1,3,0,0,1,1,0,0,0,0,0,0,0,0,0,0,0,0,0,0,5,1,0,0
0,0,9,193,1,0,0,0,2,3,9,0,0,1,3,0,0,0,0,0,0,0,1,0,0,1,0,0,0,7,1,0,0
5,0,4,215,0,0,0,0,2,1,4,1,1,1,1,0,0,0,1,0,1,0,1,1,0,0,0,0,0,7,9,0,0
11,0,8,73,0,1,1,0,2,2,8,1,1,2,2,0,0,0,0,0,0,0,0,2,0,1,0,0,0,7,9,0,0
12,0,7,189,0,1,1,0,1,2,7,1,3,2,2,0,0,0,0,0,0,0,0,3,0,0,0,0,0,10,9,0,0
0,0,31,97,2,0,0,0,6,11,31,1,9,2,11,0,0,1,3,1,1,2,5,14,1,3,0,0,0,25,9,0,0
4,0,5,227,0,1,0,1,1,1,9,0,0,5,1,0,0,0,0,0,0,0,0,0,0,0,1,0,0,9,9,0,0
47,0,25,263,1,6,3,3,12,12,29,2,6,5,12,3,1,1,1,1,0,2,2,10,1,4,0,0,0,22,9,0,0
4,0,3,253,1,1,0,1,1,1,3,1,0,4,1,1,2,0,0,0,0,1,0,0,0,0,0,0,0,6,9,0,0
0,0,4,237,1,1,0,1,1,2,4,0,0,0,2,0,0,0,0,0,0,0,0,0,0,0,0,0,0,6,1,0,0
0,0,2,223,0,0,0,0,1,0,2,0,0,4,0,0,0,0,0,0,0,0,0,0,0,0,0,0,0,6,1,0,0
0,0,2,231,0,0,0,0,1,0,2,0,0,4,0,0,0,0,0,0,0,0,0,0,0,0,0,0,0,6,1,0,0
0,0,9,197,1,0,0,0,2,3,9,0,0,1,3,0,0,0,0,0,0,0,1,0,0,1,0,0,0,7,1,0,0
0,0,42,265,7,0,0,0,9,22,42,1,7,1,22,0,0,0,3,2,0,0,0,7,0,3,0,0,0,33,1,0,0
14,8,75,153,14,0,0,0,1,16,81,1,10,1,16,0,0,0,0,0,3,0,0,10,0,0,3,0,0,88,1,0,0
0,0,5,139,2,1,0,1,1,1,5,1,1,1,1,0,0,0,0,0,0,0,0,1,0,0,0,0,0,9,9,0,0
0,0,3,247,1,0,0,0,1,1,3,0,0,1,1,0,0,0,0,0,0,0,0,0,0,0,0,0,0,5,1,0,0
0,0,9,227,0,1,0,1,1,1,9,0,0,5,1,0,0,0,0,0,0,0,0,0,0,0,1,0,0,9,9,0,0
0,0,8,73,0,1,1,0,2,2,8,1,1,2,2,0,0,0,0,0,0,0,0,2,0,1,0,0,0,7,9,0,0
0,0,4,237,1,1,0,1,1,2,4,0,0,0,2,0,0,0,0,0,0,0,0,0,0,0,0,0,0,6,1,0,0
0,0,31,97,2,0,0,0,6,11,31,1,9,2,11,0,0,1,3,1,1,2,5,14,1,3,0,0,0,25,9,0,0
0,0,3,253,1,1,0,1,1,1,3,1,0,4,1,1,2,0,0,0,0,1,0,0,0,0,0,0,0,6,9,0,0
21,18,28,263,1,6,3,3,13,13,31,2,6,5,13,3,1,1,1,1,0,2,2,10,1,5,0,0,0,22,9,0,0
0,0,7,189,0,1,1,0,1,2,7,1,3,2,2,0,0,0,0,0,0,0,0,3,0,0,0,0,0,10,9,0,0
0,0,4,215,0,0,0,0,2,1,4,1,1,1,1,0,0,0,1,0,1,0,1,1,0,0,0,0,0,7,9,0,0
0,0,3,107,2,1,0,1,1,1,3,1,0,3,1,1,2,0,0,0,0,0,0,0,0,0,0,0,0,7,9,0,0
0,0,3,137,2,1,0,1,1,1,3,1,0,3,1,1,2,0,0,0,0,0,0,0,0,0,0,0,0,7,9,0,0
0,0,11,195,0,1,1,0,2,3,11,1,2,2,3,0,0,0,0,1,0,1,0,3,1,1,0,0,0,14,10,0,0
0,0,13,235,2,0,0,0,3,10,13,1,1,1,10,0,0,0,0,1,0,0,1,3,0,2,0,0,0,14,9,0,0
0,0,3,127,2,1,0,1,1,1,3,1,0,3,1,1,2,0,0,0,0,0,0,0,0,0,0,0,0,7,9,0,0
0,0,3,97,2,1,0,1,1,1,3,1,0,3,1,1,2,0,0,0,0,0,0,0,0,0,0,0,0,7,9,0,0
0,0,3,117,2,1,0,1,1,1,3,1,0,3,1,1,2,0,0,0,0,0,0,0,0,0,0,0,0,7,9,0,0
0,0,3,87,0,1,1,0,2,2,3,1,0,0,2,0,0,0,1,0,1,0,1,0,0,0,0,0,0,4,10,0,0
0,0,14,147,3,7,5,2,7,5,14,1,1,4,5,2,1,0,2,1,0,0,2,4,1,3,0,0,0,19,9,0,0
1,1,3,115,2,1,0,1,1,1,3,1,0,3,1,1,2,0,0,0,0,0,0,0,0,0,0,0,0,7,9,0,0
1,1,3,105,2,1,0,1,1,1,3,1,0,3,1,1,2,0,0,0,0,0,0,0,0,0,0,0,0,7,9,0,0
0,0,3,85,0,1,1,0,2,2,3,1,0,0,2,0,0,0,1,0,1,0,1,0,0,0,0,0,0,4,10,0,0
0,0,13,223,2,0,0,0,3,10,13,1,1,1,10,0,0,0,0,1,0,0,1,3,0,2,0,0,0,14,9,0,0
0,0,11,183,0,1,1,0,2,3,11,1,2,2,3,0,0,0,0,1,0,1,0,3,1,1,0,0,0,14,10,0,0
0,0,14,135,3,6,4,2,7,5,14,1,1,4,5,2,1,0,2,1,0,0,2,4,1,3,0,0,0,19,9,0,0
1,2,4,125,2,1,0,1,1,1,3,1,0,3,1,1,2,0,0,0,0,0,0,0,0,0,0,0,0,7,9,0,0
1,1,3,95,2,1,0,1,1,1,3,1,0,3,1,1,2,0,0,0,0,0,0,0,0,0,0,0,0,7,9,0,0
4,0,3,1041,1,1,1,0,1,1,3,1,0,2,1,0,0,0,0,0,0,0,0,0,0,0,0,0,0,9,9,0,0
30,0,3,399,3,1,0,1,1,2,3,0,0,3,2,1,3,0,0,0,0,0,0,0,0,0,0,0,0,15,1,0,1
0,0,42,851,6,6,0,6,11,12,42,1,4,1,12,1,1,0,8,2,2,0,0,13,0,4,0,0,0,34,4,0,0
29,0,3,779,2,0,0,0,1,0,3,0,0,4,0,0,0,0,0,0,0,0,0,0,0,0,0,0,0,6,1,0,0
0,0,3,203,1,0,0,0,1,2,3,1,0,2,2,0,0,0,0,0,0,0,0,0,1,0,0,0,0,3,4,0,0
30,0,3,419,2,1,0,1,1,1,3,0,0,3,1,1,3,0,0,0,0,0,0,0,0,0,0,0,0,6,1,0,0
42,0,29,531,3,1,0,1,2,6,29,1,5,3,6,1,1,0,0,1,0,0,0,15,0,1,0,0,0,23,9,0,0
64,0,31,617,5,3,1,2,2,10,31,1,6,4,10,2,1,0,0,1,0,3,2,16,1,1,0,0,0,30,9,0,0
31,0,23,329,3,4,2,2,6,9,23,4,2,2,9,2,2,0,3,1,0,1,1,3,1,3,0,0,0,18,1,0,0
10,0,0,241,2,2,1,1,4,4,10,1,1,2,4,1,1,0,3,0,0,1,0,1,1,1,0,0,0,13,1,0,0
30,0,15,449,5,9,5,4,3,8,15,0,5,5,8,2,2,0,1,0,0,1,0,5,1,1,0,0,0,24,2,0,0
0,0,9,827,0,1,1,0,3,0,9,3,0,0,0,0,0,0,2,0,0,0,0,0,0,1,0,0,0,5,2,0,0
0,0,21,979,5,1,0,1,7,11,21,0,3,1,11,0,0,0,5,0,0,2,0,6,1,3,0,0,0,17,4,0,0
29,0,2,791,2,1,1,0,3,0,11,0,0,5,0,0,0,0,2,0,0,0,0,5,0,1,0,0,0,21,1,0,0
20,0,17,263,2,1,1,0,6,11,17,1,2,2,11,0,0,0,3,1,0,1,1,2,1,2,0,0,0,16,1,0,0
4,0,0,1065,3,1,1,0,1,0,4,0,0,3,0,0,0,0,0,0,0,0,0,1,0,0,0,0,0,7,1,0,0
36,0,23,167,5,0,0,0,2,10,23,0,3,2,10,0,0,0,0,1,2,0,7,9,2,1,1,0,0,26,1,0,0
30,0,3,409,2,1,0,1,1,1,3,0,0,3,1,1,3,0,0,0,0,0,0,0,0,0,0,0,0,4,1,0,0
13,0,3,1077,1,1,1,0,1,1,3,1,0,0,1,0,0,0,0,0,0,0,0,0,0,0,0,0,0,4,1,0,0
31,0,3,319,2,2,1,1,1,1,3,1,0,1,1,1,3,0,0,0,0,0,0,0,0,0,0,0,0,6,1,0,0
8,0,3,439,2,1,0,1,1,1,3,0,0,3,1,1,3,0,0,0,0,0,0,0,0,0,0,0,0,5,1,0,0
13,0,1,1127,4,3,2,1,3,2,10,2,2,1,2,0,0,0,1,0,0,0,0,2,0,2,0,0,0,12,10,0,0
8,0,3,429,3,1,0,1,1,2,3,0,0,4,2,1,3,0,0,0,0,0,0,0,0,0,0,0,0,5,1,0,0
18,0,12,493,1,2,2,0,4,2,12,1,5,3,2,0,0,0,0,0,0,2,1,6,3,1,0,0,0,11,9,0,0
6,0,1,305,1,2,2,0,3,3,7,2,1,1,3,0,0,0,1,0,0,0,0,1,0,1,0,0,0,9,1,0,0
18,0,13,1089,3,2,1,1,4,3,13,2,2,2,3,1,1,0,2,0,0,0,0,2,0,2,0,0,0,15,9,0,0
64,0,22,699,3,2,2,0,3,4,22,3,2,2,4,0,0,0,1,1,0,0,0,7,0,1,0,0,0,14,9,0,0
0,0,3,253,1,1,0,1,1,1,3,1,0,4,1,1,2,0,0,0,0,1,0,0,0,0,0,0,0,6,9,0,0
0,0,9,227,0,1,0,1,1,1,9,0,0,5,1,0,0,0,0,0,0,0,0,0,0,0,1,0,0,9,9,0,0
6,0,30,263,1,6,3,3,13,16,36,2,6,5,16,3,1,1,1,1,0,6,2,10,3,5,0,0,0,25,9,0,0
0,0,31,97,2,0,0,0,6,11,31,1,9,2,11,0,0,1,3,1,1,2,5,14,1,3,0,0,0,25,9,0,0
0,0,4,237,1,1,0,1,1,2,4,0,0,0,2,0,0,0,0,0,0,0,0,0,0,0,0,0,0,6,1,0,0
0,0,7,189,0,1,1,0,1,2,7,1,3,2,2,0,0,0,0,0,0,0,0,3,0,0,0,0,0,10,9,0,0
0,0,8,73,0,1,1,0,2,2,8,1,1,2,2,0,0,0,0,0,0,0,0,2,0,1,0,0,0,7,9,0,0
0,0,4,215,0,0,0,0,2,1,4,1,1,1,1,0,0,0,1,0,1,0,1,1,0,0,0,0,0,7,9,0,0
0,0,10,1123,4,3,2,1,3,2,10,2,2,1,2,0,0,0,1,0,0,0,0,2,0,2,0,0,0,12,10,0,0
0,0,13,1085,3,2,1,1,4,3,13,2,2,2,3,1,1,0,2,0,0,0,0,2,0,2,0,0,0,15,9,0,0
0,0,31,613,5,3,1,2,2,10,31,1,6,4,10,2,1,0,0,1,0,3,2,16,1,1,0,0,0,30,9,0,0
0,2,31,531,3,1,0,1,2,6,29,1,5,3,6,1,1,0,0,1,0,0,0,15,0,1,0,0,0,23,9,0,0
0,0,4,1061,3,1,1,0,1,0,4,0,0,3,0,0,0,0,0,0,0,0,0,1,0,0,0,0,0,7,1,0,0
0,0,3,1073,1,1,1,0,1,1,3,1,0,0,1,0,0,0,0,0,0,0,0,0,0,0,0,0,0,4,1,0,0
0,0,11,787,2,1,1,0,3,0,11,0,0,5,0,0,0,0,2,0,0,0,0,5,0,1,0,0,0,21,1,0,0
0,0,9,823,0,1,1,0,3,0,9,3,0,0,0,0,0,0,2,0,0,0,0,0,0,1,0,0,0,5,2,0,0
0,0,42,847,6,6,0,6,11,12,42,1,4,1,12,1,1,0,8,2,2,0,0,13,0,4,0,0,0,34,4,0,0
0,0,21,975,5,1,0,1,7,11,21,0,3,1,11,0,0,0,5,0,0,2,0,6,1,3,0,0,0,17,4,0,0
0,0,3,775,2,0,0,0,1,0,3,0,0,4,0,0,0,0,0,0,0,0,0,0,0,0,0,0,0,6,1,0,0
0,0,3,203,1,0,0,0,1,2,3,1,0,2,2,0,0,0,0,0,0,0,0,0,1,0,0,0,0,3,4,0,0
0,0,3,419,2,1,0,1,1,1,3,0,0,3,1,1,3,0,0,0,0,0,0,0,0,0,0,0,0,6,1,0,0
0,0,12,493,1,2,2,0,4,2,12,1,5,3,2,0,0,0,0,0,0,2,1,6,3,1,0,0,0,11,9,0,0
0,0,3,439,2,1,0,1,1,1,3,0,0,3,1,1,3,0,0,0,0,0,0,0,0,0,0,0,0,5,1,0,0
0,0,3,319,2,2,1,1,1,1,3,1,0,1,1,1,3,0,0,0,0,0,0,0,0,0,0,0,0,6,1,0,0
0,0,22,695,3,2,2,0,3,4,22,3,2,2,4,0,0,0,1,1,0,0,0,7,0,1,0,0,0,14,9,0,0
0,0,3,429,3,1,0,1,1,2,3,0,0,4,2,1,3,0,0,0,0,0,0,0,0,0,0,0,0,5,1,0,0
0,0,3,409,2,1,0,1,1,1,3,0,0,3,1,1,3,0,0,0,0,0,0,0,0,0,0,0,0,4,1,0,0
0,0,23,167,5,0,0,0,2,10,23,0,3,2,10,0,0,0,0,1,2,0,7,9,2,1,1,0,0,26,1,0,0
0,0,17,263,2,1,1,0,6,11,17,1,2,2,11,0,0,0,3,1,0,1,1,2,1,2,0,0,0,16,1,0,0
0,0,7,305,1,2,2,0,3,3,7,2,1,1,3,0,0,0,1,0,0,0,0,1,0,1,0,0,0,9,1,0,0
0,0,3,399,3,1,0,1,1,2,3,0,0,3,2,1,3,0,0,0,0,0,0,0,0,0,0,0,0,15,1,0,1
0,0,15,449,5,9,5,4,3,8,15,0,5,5,8,2,2,0,1,0,0,1,0,5,1,1,0,0,0,24,2,0,0
0,0,3,1037,1,1,1,0,1,1,3,1,0,2,1,0,0,0,0,0,0,0,0,0,0,0,0,0,0,9,9,0,0
0,0,10,241,2,2,1,1,4,4,10,1,1,2,4,1,1,0,3,0,0,1,0,1,1,1,0,0,0,13,1,0,0
0,0,23,329,3,4,2,2,6,9,23,4,2,2,9,2,2,0,3,1,0,1,1,3,1,3,0,0,0,18,1,0,0
4,7,32,39,5,1,0,1,4,12,29,0,4,1,12,1,1,0,2,0,0,8,0,8,0,2,0,0,0,25,1,0,0
0,0,15,121,0,1,1,0,5,2,15,3,2,0,2,0,0,0,1,1,0,2,0,2,0,2,0,0,0,14,9,0,0
0,0,6,133,2,0,0,0,1,0,6,0,0,3,0,0,0,0,0,0,0,0,0,3,0,0,0,0,0,17,1,0,1
0,0,3,107,1,0,0,0,1,0,3,0,0,2,0,0,0,0,0,0,0,0,0,0,0,0,0,0,0,16,1,0,1
0,0,20,151,0,0,0,0,7,8,20,2,2,0,8,0,0,1,1,1,0,1,0,2,0,5,0,0,0,11,1,0,0
0,0,5,175,3,0,0,0,1,0,5,0,0,3,0,0,0,0,0,0,0,0,0,3,0,0,0,0,0,11,1,0,1
0,0,3,479,2,0,0,0,1,1,3,0,0,1,1,0,0,0,0,0,0,0,0,0,0,0,0,0,0,4,1,0,0
1,1,70,249,12,0,0,0,20,39,70,0,9,2,39,0,0,0,6,0,7,2,1,17,0,3,0,0,0,43,1,0,0
0,0,8,149,2,0,0,0,1,0,8,0,0,6,0,0,0,0,0,0,0,0,0,6,0,0,0,0,0,14,1,0,1
0,0,3,229,1,0,0,0,1,2,3,0,0,1,2,0,0,0,0,0,0,0,0,0,0,0,0,0,0,6,1,0,0
0,0,17,191,5,0,0,0,3,6,17,3,0,2,6,0,0,0,2,0,0,0,0,1,0,2,1,0,0,26,1,0,0
0,0,3,209,1,0,0,0,1,2,3,1,0,2,2,0,0,0,0,0,0,0,0,0,1,0,0,0,0,3,4,0,0
0,0,31,619,5,3,1,2,2,10,31,1,6,4,10,2,1,0,0,1,0,3,2,16,1,1,0,0,0,30,9,0,0
0,0,9,829,0,1,1,0,3,0,9,3,0,0,0,0,0,0,2,0,0,0,0,0,0,1,0,0,0,5,2,0,0
10,2,3,781,2,0,0,0,1,0,3,0,0,4,0,0,0,0,0,0,0,0,0,0,0,0,0,0,0,6,1,0,0
0,0,27,981,6,1,0,1,11,14,27,0,4,1,14,0,0,0,9,0,2,2,0,7,1,3,0,0,0,18,4,0,0
10,2,3,793,2,1,1,0,3,0,11,0,0,5,0,0,0,0,2,0,0,0,0,5,0,1,0,0,0,21,1,0,0
0,0,3,1095,1,1,1,0,1,1,3,1,0,0,1,0,0,0,0,0,0,0,0,0,0,0,0,0,0,4,1,0,0
0,0,4,1083,3,1,1,0,1,0,4,0,0,3,0,0,0,0,0,0,0,0,0,1,0,0,0,0,0,7,1,0,0
0,0,3,325,2,2,1,1,1,1,3,1,0,1,1,1,3,0,0,0,0,0,0,0,0,0,0,0,0,6,1,0,0
0,0,3,1059,1,1,1,0,1,1,3,1,0,2,1,0,0,0,0,0,0,0,0,0,0,0,0,0,0,9,9,0,0
0,0,15,455,5,9,5,4,3,8,15,0,5,5,8,2,2,0,1,0,0,1,0,5,1,1,0,0,0,24,2,0,0
0,0,22,701,3,2,2,0,3,4,22,3,2,2,4,0,0,0,1,1,0,0,0,7,0,1,0,0,0,14,9,0,0
0,0,7,311,1,2,2,0,3,3,7,2,1,1,3,0,0,0,1,0,0,0,0,1,0,1,0,0,0,9,1,0,0
0,0,3,445,2,1,0,1,1,1,3,0,0,3,1,1,3,0,0,0,0,0,0,0,0,0,0,0,0,5,1,0,0
0,0,3,435,3,1,0,1,1,2,3,0,0,4,2,1,3,0,0,0,0,0,0,0,0,0,0,0,0,5,1,0,0
0,0,3,405,3,1,0,1,1,2,3,0,0,3,2,1,3,0,0,0,0,0,0,0,0,0,0,0,0,15,1,0,1
0,0,10,1145,4,3,2,1,3,2,10,2,2,1,2,0,0,0,1,0,0,0,0,2,0,2,0,0,0,12,10,0,0
0,0,23,335,3,4,2,2,6,9,23,4,2,2,9,2,2,0,3,1,0,1,1,3,1,3,0,0,0,18,1,0,0
0,0,10,247,2,2,1,1,4,4,10,1,1,2,4,1,1,0,3,0,0,1,0,1,1,1,0,0,0,13,1,0,0
0,0,3,425,2,1,0,1,1,1,3,0,0,3,1,1,3,0,0,0,0,0,0,0,0,0,0,0,0,6,1,0,0
0,0,13,1107,3,2,1,1,4,3,13,2,2,2,3,1,1,0,2,0,0,0,0,2,0,2,0,0,0,15,9,0,0
0,0,3,415,2,1,0,1,1,1,3,0,0,3,1,1,3,0,0,0,0,0,0,0,0,0,0,0,0,4,1,0,0
0,0,42,853,6,6,0,6,11,12,42,1,4,1,12,1,1,0,8,2,2,0,0,13,0,4,0,0,0,34,4,0,0
0,0,17,269,2,1,1,0,6,11,17,1,2,2,11,0,0,0,3,1,0,1,1,2,1,2,0,0,0,16,1,0,0
0,0,23,173,5,0,0,0,2,10,23,0,3,2,10,0,0,0,0,1,2,0,7,9,2,1,1,0,0,26,1,0,0
0,0,12,499,1,2,2,0,4,2,12,1,5,3,2,0,0,0,0,0,0,2,1,6,3,1,0,0,0,11,9,0,0
0,0,29,537,3,1,0,1,2,6,29,1,5,3,6,1,1,0,0,1,0,0,0,15,0,1,0,0,0,23,9,0,0
3,3,34,255,5,2,2,0,10,22,34,0,4,7,22,0,0,1,4,0,2,1,1,8,1,4,0,0,0,23,4,0,0
3,3,3,355,4,2,1,1,1,1,3,0,0,4,1,1,1,0,0,0,0,0,1,0,0,0,0,0,0,6,4,0,0
0,0,4,135,1,0,0,0,1,3,4,0,0,1,3,0,0,0,0,0,0,0,0,1,0,0,0,0,0,10,1,0,0
0,0,5,105,2,1,1,0,1,1,5,1,1,1,1,0,0,0,0,0,0,0,0,1,0,0,0,0,0,6,9,0,0
5,2,36,149,10,2,0,2,4,20,39,1,6,3,20,2,2,0,2,0,2,0,6,11,0,1,0,0,0,48,1,0,0
0,0,5,119,2,2,0,2,1,2,5,1,1,1,2,1,1,0,0,0,0,0,0,1,0,0,0,0,0,10,9,0,0
0,0,115,397,0,0,0,0,1,1,115,0,0,0,1,0,0,0,0,0,0,113,0,0,0,0,0,0,0,0,8,0,0
0,0,3,109,0,0,0,0,1,1,3,1,0,1,1,0,0,0,0,0,0,0,0,0,0,0,0,0,0,7,9,0,0
1,1,10,139,1,2,0,2,3,3,10,2,1,2,3,2,2,0,1,0,0,0,0,2,0,1,0,0,0,10,9,0,0
1,1,7,119,1,2,1,1,2,2,7,1,1,1,2,1,1,0,1,0,0,0,0,2,0,1,0,0,0,8,9,0,0
0,0,12,79,0,2,2,0,3,4,12,3,1,1,4,0,0,0,1,0,0,2,3,1,1,1,0,0,0,5,9,0,0
0,0,115,161,0,0,0,0,1,1,115,0,0,0,1,0,0,0,0,0,0,113,0,0,0,0,0,0,0,0,8,0,0
0,0,6,239,0,0,0,0,1,6,6,0,0,1,6,0,0,0,0,0,0,0,0,0,0,0,0,0,0,11,1,0,0
0,0,12,137,2,0,0,0,6,9,12,2,0,3,9,0,0,0,4,0,4,0,1,0,0,2,0,0,0,14,1,0,0
0,0,5,93,1,1,0,1,1,2,5,1,1,1,2,0,0,0,0,0,0,0,0,1,0,0,0,0,0,9,9,0,0
0,0,6,211,0,0,0,0,1,6,6,0,0,0,6,0,0,0,0,0,0,0,0,0,0,0,0,0,0,5,1,0,0
0,0,4,227,0,0,0,0,1,3,4,0,0,0,3,0,0,0,0,0,0,0,0,0,0,0,0,0,0,4,1,0,0
1,0,7,185,4,0,0,0,2,6,8,0,1,4,6,0,0,0,0,0,1,0,0,1,0,1,0,0,0,12,1,0,0
0,0,24,109,6,0,0,0,1,8,24,1,2,3,8,0,0,0,0,0,0,0,0,3,0,0,1,0,0,33,1,0,0
0,0,12,499,1,2,2,0,4,2,12,1,5,3,2,0,0,0,0,0,0,2,1,6,3,1,0,0,0,11,9,0,0
0,0,4,1087,3,1,1,0,1,0,4,0,0,3,0,0,0,0,0,0,0,0,0,1,0,0,0,0,0,7,1,0,0
0,0,3,425,2,1,0,1,1,1,3,0,0,3,1,1,3,0,0,0,0,0,0,0,0,0,0,0,0,6,1,0,0
0,0,10,247,2,2,1,1,4,4,10,1,1,2,4,1,1,0,3,0,0,1,0,1,1,1,0,0,0,13,1,0,0
0,0,29,537,3,1,0,1,2,6,29,1,5,3,6,1,1,0,0,1,0,0,0,15,0,1,0,0,0,23,9,0,0
0,0,3,405,3,1,0,1,1,2,3,0,0,3,2,1,3,0,0,0,0,0,0,0,0,0,0,0,0,15,1,0,1
0,0,3,445,2,1,0,1,1,1,3,0,0,3,1,1,3,0,0,0,0,0,0,0,0,0,0,0,0,5,1,0,0
0,0,3,1063,1,1,1,0,1,1,3,1,0,2,1,0,0,0,0,0,0,0,0,0,0,0,0,0,0,9,9,0,0
0,0,7,311,1,2,2,0,3,3,7,2,1,1,3,0,0,0,1,0,0,0,0,1,0,1,0,0,0,9,1,0,0
0,0,31,619,5,3,1,2,2,10,31,1,6,4,10,2,1,0,0,1,0,3,2,16,1,1,0,0,0,30,9,0,0
0,0,13,1111,3,2,1,1,4,3,13,2,2,2,3,1,1,0,2,0,0,0,0,2,0,2,0,0,0,15,9,0,0
0,0,10,1149,4,3,2,1,3,2,10,2,2,1,2,0,0,0,1,0,0,0,0,2,0,2,0,0,0,12,10,0,0
0,0,23,173,5,0,0,0,2,10,23,0,3,2,10,0,0,0,0,1,2,0,7,9,2,1,1,0,0,26,1,0,0
0,0,15,455,5,9,5,4,3,8,15,0,5,5,8,2,2,0,1,0,0,1,0,5,1,1,0,0,0,24,2,0,0
0,0,23,335,3,4,2,2,6,9,23,4,2,2,9,2,2,0,3,1,0,1,1,3,1,3,0,0,0,18,1,0,0
0,0,22,701,3,2,2,0,3,4,22,3,2,2,4,0,0,0,1,1,0,0,0,7,0,1,0,0,0,14,9,0,0
0,0,3,415,2,1,0,1,1,1,3,0,0,3,1,1,3,0,0,0,0,0,0,0,0,0,0,0,0,4,1,0,0
0,0,3,209,1,0,0,0,1,2,3,1,0,2,2,0,0,0,0,0,0,0,0,0,1,0,0,0,0,3,4,0,0
0,0,45,853,6,6,0,6,12,12,45,2,4,1,12,1,1,0,9,2,2,0,0,13,0,4,0,0,0,35,4,0,0
0,0,9,829,0,1,1,0,3,0,9,3,0,0,0,0,0,0,2,0,0,0,0,0,0,1,0,0,0,5,2,0,0
0,0,3,781,2,0,0,0,1,0,3,0,0,4,0,0,0,0,0,0,0,0,0,0,0,0,0,0,0,6,1,0,0
0,0,11,793,2,1,1,0,3,0,11,0,0,5,0,0,0,0,2,0,0,0,0,5,0,1,0,0,0,21,1,0,0
0,0,27,985,6,1,0,1,11,14,27,0,4,1,14,0,0,0,9,0,2,2,0,7,1,3,0,0,0,18,4,0,0
0,0,3,1099,1,1,1,0,1,1,3,1,0,0,1,0,0,0,0,0,0,0,0,0,0,0,0,0,0,4,1,0,0
0,0,3,325,2,2,1,1,1,1,3,1,0,1,1,1,3,0,0,0,0,0,0,0,0,0,0,0,0,6,1,0,0
0,0,17,269,2,1,1,0,6,11,17,1,2,2,11,0,0,0,3,1,0,1,1,2,1,2,0,0,0,16,1,0,0
0,0,3,435,3,1,0,1,1,2,3,0,0,4,2,1,3,0,0,0,0,0,0,0,0,0,0,0,0,5,1,0,0
15,3,3,159,1,1,0,1,1,1,3,1,0,1,1,1,2,0,0,0,0,0,0,0,0,0,0,0,0,3,9,0,0
0,0,40,517,11,1,0,1,4,26,40,0,5,3,26,0,0,0,1,0,1,1,7,14,1,1,0,0,0,39,9,0,0
15,3,50,169,6,2,1,1,16,16,62,2,6,2,16,1,1,0,8,0,1,1,1,13,2,5,0,0,0,43,41,0,0
16,10,40,391,5,1,1,0,9,16,46,1,2,3,16,0,0,0,3,0,0,1,7,5,1,2,0,0,0,27,10,0,0
0,0,3,147,2,0,0,0,1,0,3,1,0,1,0,0,0,0,0,0,0,0,0,0,0,0,0,0,0,7,1,0,0
0,0,8,365,0,0,0,0,4,4,8,0,0,0,4,0,0,0,2,0,0,0,1,2,0,1,0,0,0,10,1,0,0
0,0,5,643,2,1,1,0,1,0,5,0,0,3,0,0,0,0,0,0,0,0,0,3,0,0,0,0,0,5,0,0,0
0,0,12,235,1,0,0,0,2,9,12,0,1,0,9,0,0,0,1,0,0,0,0,2,1,1,0,0,0,19,1,0,0
6,7,25,269,7,0,0,0,4,16,24,1,4,2,16,0,0,0,3,0,2,0,2,6,1,2,0,0,0,39,1,0,0
0,0,3,173,0,0,0,0,1,0,3,1,0,0,0,0,0,0,0,0,0,0,0,0,0,0,0,0,0,5,1,0,0
0,0,5,203,2,1,0,1,1,2,5,1,1,1,2,0,0,0,0,0,0,0,0,1,0,0,0,0,0,18,9,0,0
0,0,5,219,1,0,0,0,1,4,5,0,0,1,4,0,0,0,0,0,0,0,0,1,0,0,0,0,0,13,1,0,0
0,0,3,193,0,1,1,0,1,0,3,0,0,1,0,0,0,0,0,0,0,0,0,1,0,0,0,0,0,3,1,0,0
0,0,7,547,2,1,1,0,1,2,7,0,2,3,2,0,0,0,0,0,0,0,0,2,0,0,0,0,0,28,9,0,1
1,1,48,347,9,1,0,1,13,29,48,0,9,2,29,1,1,0,5,0,2,1,0,10,1,4,0,0,0,52,1,0,0
0,0,2,523,2,0,0,0,1,0,2,0,0,1,0,0,0,0,0,0,0,0,0,0,0,0,0,0,0,4,1,0,0
0,0,3,183,1,0,0,0,1,0,3,0,0,1,0,0,0,0,0,0,0,0,0,1,0,0,0,0,0,4,1,0,0
11,0,8,77,2,0,0,0,2,3,8,0,0,2,3,0,0,0,0,0,0,1,0,0,0,1,0,0,0,10,9,0,1
0,0,19,205,6,2,0,2,4,10,19,3,0,3,10,2,1,0,3,0,0,0,0,4,0,1,0,0,0,36,1,0,0
0,0,5,273,3,2,0,2,1,3,5,0,2,1,3,0,0,0,0,0,0,0,0,2,0,0,0,0,0,15,1,0,0
0,0,29,877,2,0,0,0,1,10,29,0,2,0,10,0,0,0,0,0,0,1,0,2,1,0,2,0,0,17,1,0,0
0,0,5,189,1,1,1,0,1,1,5,1,1,1,1,0,0,0,0,0,0,0,0,1,0,0,0,0,0,7,9,0,0
0,0,46,525,2,2,2,0,14,8,46,5,4,0,8,0,0,0,6,1,1,3,6,19,0,1,0,0,0,29,2,0,0
0,0,4,979,0,0,0,0,1,3,4,0,0,0,3,0,0,0,0,0,0,0,0,0,0,0,0,0,0,4,1,0,0
0,0,71,319,6,3,3,0,6,20,71,1,5,2,20,0,0,0,4,1,0,3,1,11,2,1,2,0,0,41,2,0,0
0,0,24,249,4,1,1,0,1,7,24,0,2,1,7,0,0,0,0,0,0,1,0,4,1,0,2,0,0,24,2,0,0
0,0,8,729,1,1,0,1,2,2,8,0,0,4,2,0,0,0,0,0,0,0,0,0,0,1,0,0,0,11,1,0,0
0,0,2,755,0,0,0,0,1,0,2,0,0,4,0,0,0,0,0,0,0,0,0,0,0,0,0,0,0,6,1,0,0
0,0,5,299,3,2,0,2,1,4,5,0,2,1,4,0,0,0,0,0,0,0,0,2,0,0,0,0,0,13,1,0,0
0,0,4,395,2,2,0,2,1,4,4,0,0,1,4,0,0,0,0,0,1,0,0,0,0,0,0,0,0,10,1,0,0
0,0,13,893,3,0,0,0,4,10,13,0,0,2,10,0,0,0,2,0,0,0,1,0,0,1,0,0,0,12,1,0,0
0,0,8,461,1,0,0,0,7,5,8,0,0,2,5,0,0,0,4,0,2,4,0,0,0,1,0,0,0,9,1,0,0
0,0,2,769,1,0,0,0,1,0,2,0,0,1,0,0,0,0,0,0,0,0,0,0,0,0,0,0,0,5,1,0,0
0,0,11,999,2,0,0,0,2,4,11,0,1,1,4,0,0,0,1,0,0,0,0,2,2,1,0,0,0,6,1,0,0
0,0,5,175,1,2,0,2,1,2,5,1,1,1,2,1,1,0,0,0,0,0,0,1,0,0,0,0,0,12,9,0,0
0,0,8,677,0,0,0,0,2,8,8,0,0,0,8,0,0,0,0,0,0,1,0,0,1,1,0,0,0,5,1,0,0
0,0,3,943,1,0,0,0,1,1,3,0,0,2,1,0,0,0,0,0,0,0,0,0,0,0,0,0,0,5,1,0,0
0,0,2,167,0,1,1,0,1,0,2,0,0,0,0,0,0,0,0,0,0,0,0,0,0,0,0,0,0,3,1,0,0
0,0,4,663,1,0,0,0,1,2,4,0,0,1,2,0,0,0,0,0,0,0,0,0,0,0,0,0,0,10,1,0,0
0,0,4,963,1,0,0,0,1,4,4,0,1,0,4,0,0,0,0,0,0,0,0,1,0,0,0,0,0,9,1,0,0
1,1,31,793,3,2,0,2,1,5,31,0,1,0,5,2,1,0,0,0,0,0,0,2,0,0,2,0,0,32,1,0,0
0,0,8,699,2,1,1,0,2,2,8,0,3,0,2,0,0,1,0,0,0,0,1,4,0,1,0,0,0,10,2,0,0
0,0,10,813,2,2,0,2,3,15,10,0,0,1,15,0,0,0,1,0,1,0,0,1,0,1,0,0,0,26,1,0,0
0,0,6,853,2,2,0,2,1,3,6,0,0,1,3,0,0,0,0,0,0,0,0,0,0,0,0,0,0,6,1,0,0
0,0,8,77,2,0,0,0,2,3,8,0,0,2,3,0,0,0,0,0,0,1,0,0,0,1,0,0,0,10,9,0,1
0,0,6,159,1,2,2,0,1,1,6,1,1,2,1,0,0,0,0,0,0,0,0,1,0,0,0,0,0,6,9,0,0
0,0,4,265,1,0,0,0,1,2,4,1,1,0,2,0,0,0,0,0,0,0,0,1,0,0,0,0,0,9,4,0,0
11,0,0,231,6,1,0,1,2,10,11,1,2,1,10,1,1,0,0,0,0,0,0,2,0,1,0,0,0,25,1,0,0
0,0,3,139,2,1,0,1,1,1,3,1,0,1,1,1,1,0,0,0,0,0,0,0,0,0,0,0,0,5,9,0,0
0,0,27,279,4,0,0,0,7,12,27,1,5,2,12,0,0,0,5,0,1,1,1,15,1,1,0,0,0,49,1,0,0
0,0,3,149,2,1,0,1,1,1,3,1,0,1,1,1,1,0,0,0,0,0,0,0,0,0,0,0,0,5,9,0,0
13,0,11,177,1,1,0,1,2,7,11,0,0,0,7,1,1,0,1,0,0,0,0,0,0,1,0,0,0,10,1,0,0
0,0,3,397,1,2,1,1,1,1,3,0,0,0,1,1,0,0,0,0,0,0,0,0,0,0,0,0,0,1,1,0,0
2,0,7,205,1,2,2,0,3,2,9,0,1,0,2,0,0,0,2,0,0,0,0,3,0,1,0,0,0,23,2,0,0
0,0,5,125,0,0,0,0,1,0,5,0,0,0,0,0,0,0,0,0,0,0,0,3,0,0,0,0,0,10,1,0,0
0,0,2,387,1,0,0,0,1,0,2,0,0,1,0,0,0,0,0,0,0,0,0,0,0,0,0,0,0,4,1,0,0
0,0,7,359,4,0,0,0,2,3,7,0,1,2,3,0,0,0,1,0,0,0,1,2,0,1,0,0,0,18,1,0,0
0,0,3,117,3,1,0,1,1,1,3,1,0,1,1,1,1,0,0,0,0,0,0,0,0,0,0,0,0,6,9,0,0
8,0,6,137,4,2,0,2,2,4,6,1,0,1,4,2,1,0,1,0,2,0,0,0,0,1,0,0,0,8,9,0,0
0,0,8,93,4,0,0,0,2,3,8,0,0,2,3,0,0,0,0,0,2,0,0,0,0,1,0,0,0,9,9,0,0
4,0,3,155,3,1,1,0,1,2,3,0,0,2,2,0,0,0,0,0,1,0,0,0,0,0,0,0,0,7,9,0,0
0,0,3,165,3,0,0,0,1,2,3,0,0,2,2,0,0,0,0,0,1,0,0,0,0,0,0,0,0,6,9,0,0
0,0,8,69,4,3,3,0,2,3,8,2,0,1,3,0,0,0,0,0,2,0,0,0,0,1,0,0,0,9,9,0,0
0,0,9,195,4,3,1,2,2,4,9,2,0,1,4,2,1,0,1,0,1,0,0,0,0,1,0,0,0,12,10,0,0
0,0,3,127,3,0,0,0,1,2,3,1,0,1,2,0,0,0,0,0,1,0,0,0,0,0,0,0,0,6,9,0,0
0,0,7,175,5,2,1,1,2,3,7,1,1,1,3,1,2,0,1,0,1,0,0,2,0,1,0,0,0,13,9,0,0
0,0,3,143,1,0,0,0,1,1,3,0,0,2,1,0,0,0,0,0,0,0,0,0,0,0,0,0,0,6,1,0,0
2,2,14,117,5,0,0,0,2,10,14,2,5,1,10,0,0,0,1,0,0,0,0,5,0,1,1,0,0,40,1,0,0
0,0,7,95,2,1,0,1,2,1,7,1,1,1,1,0,0,0,1,0,0,0,0,1,0,1,0,0,0,10,9,0,0
10,0,8,163,1,0,0,0,2,5,8,0,1,0,5,0,0,0,1,0,0,0,0,1,0,1,0,0,0,8,1,0,0
0,0,7,371,0,0,0,0,4,4,7,0,0,0,4,0,0,0,2,0,0,0,1,1,0,1,0,0,0,9,1,0,0
0,0,39,533,11,1,0,1,4,26,39,0,5,3,26,0,0,0,1,0,1,1,7,13,1,1,0,0,0,38,9,0,0
0,0,3,155,2,0,0,0,1,0,3,1,0,1,0,0,0,0,0,0,0,0,0,0,0,0,0,0,0,7,1,0,0
1,1,62,175,6,2,1,1,16,17,62,2,6,2,17,1,1,0,8,0,1,1,1,13,2,5,0,0,0,42,41,0,0
1,1,3,165,1,1,0,1,1,1,3,1,0,1,1,1,2,0,0,0,0,0,0,0,0,0,0,0,0,3,9,0,0
0,0,5,659,2,1,1,0,1,0,5,0,0,3,0,0,0,0,0,0,0,0,0,3,0,0,0,0,0,5,0,0,0
0,0,53,397,5,1,1,0,11,16,53,1,2,3,16,0,0,0,0,0,0,1,7,5,1,2,0,0,0,21,10,0,0
0,0,8,135,3,0,0,0,1,7,8,1,1,4,7,0,0,0,0,0,0,1,0,1,0,0,0,0,0,9,9,0,0
3,3,23,69,3,0,0,0,5,16,23,2,1,5,16,0,0,0,0,1,0,2,0,1,0,3,0,0,0,16,9,0,0
11,26,32,101,4,2,1,1,3,12,17,0,3,2,12,1,0,0,0,1,0,0,0,3,0,2,0,0,0,14,9,0,0
0,0,3,301,2,1,0,1,1,1,3,0,0,3,1,1,1,0,0,0,0,0,0,0,0,0,0,0,0,4,9,0,0
0,0,11,269,4,0,0,0,3,3,11,0,2,2,3,0,0,0,1,0,0,0,0,3,0,1,0,0,0,12,9,0,0
0,0,5,435,2,0,0,0,1,3,5,0,1,1,3,0,0,0,0,0,0,1,0,1,0,0,0,0,0,7,9,0,0
0,0,11,237,4,0,0,0,3,2,11,0,2,2,2,0,0,0,1,0,0,0,0,3,0,1,0,0,0,12,9,0,0
0,0,13,397,4,0,0,0,2,6,13,2,3,2,6,0,0,0,0,0,0,1,2,3,0,1,0,0,0,15,9,0,0
11,20,26,149,5,2,1,1,3,12,17,0,3,3,12,1,0,0,0,1,0,0,0,3,0,2,0,0,0,12,9,0,0
0,0,9,349,3,0,0,0,2,5,9,0,1,2,5,0,0,0,1,0,0,0,0,1,0,1,0,0,0,9,9,0,0
0,0,11,207,3,1,1,0,4,5,11,0,1,4,5,0,0,0,2,0,0,0,1,1,0,1,0,0,0,17,9,0,1
0,0,16,461,5,0,0,0,3,7,16,0,3,1,7,0,0,1,0,0,0,4,1,4,0,2,0,0,0,27,9,0,1
0,0,14,311,4,0,0,0,4,3,14,0,2,2,3,0,0,0,1,0,0,0,0,4,0,1,0,0,0,15,9,0,0
0,0,11,515,2,0,0,0,2,9,11,0,1,2,9,0,0,0,0,1,0,0,0,1,0,1,0,0,0,12,9,0,0
0,0,9,373,3,0,0,0,2,5,9,0,1,2,5,0,0,0,1,0,0,0,0,1,0,1,0,0,0,8,9,0,0
0,0,39,2453,5,2,0,2,9,17,39,0,2,0,17,2,1,0,1,0,2,0,0,5,0,3,0,0,0,24,1,0,0
0,0,4,1535,2,1,0,1,1,3,4,0,0,1,3,1,5,0,0,0,0,0,0,0,0,0,0,0,0,8,1,0,0
0,0,5,1909,0,3,3,0,2,1,5,1,1,0,1,0,0,0,0,0,0,0,0,2,0,1,0,0,0,4,1,0,0
0,0,4,1871,2,2,2,0,1,2,4,0,1,0,2,0,0,0,0,0,0,0,0,1,0,0,0,0,0,5,1,0,0
0,0,7,1647,3,2,0,2,1,7,7,0,1,1,7,2,1,0,0,0,0,0,0,1,0,0,0,0,0,11,1,0,0
0,0,108,2173,15,4,0,4,30,28,108,25,5,1,28,4,3,0,5,0,20,0,0,19,0,2,0,0,0,45,1,0,0
0,0,10,1725,3,4,2,2,2,9,10,0,1,2,9,2,1,0,0,0,0,0,0,1,0,1,0,0,0,13,1,0,0
0,0,18,549,3,0,0,0,8,10,18,0,3,3,10,0,0,0,7,0,0,2,0,3,0,1,0,0,0,19,4,0,0
0,0,6,1347,1,1,1,0,1,6,6,0,1,0,6,0,0,0,0,0,0,0,0,1,0,0,0,0,0,12,2,0,0
0,0,6,1321,1,4,4,0,1,6,6,0,1,0,6,0,0,0,0,0,0,0,0,1,0,0,0,0,0,12,2,0,0
0,0,3,1631,1,1,1,0,1,2,3,0,0,0,2,0,0,0,0,0,0,0,0,0,0,0,0,0,0,6,2,0,0
0,0,3,2615,1,0,0,0,1,0,3,1,0,0,0,0,0,0,0,0,0,0,0,0,0,0,0,0,0,4,1,0,0
0,0,63,303,10,5,0,5,15,31,63,0,5,1,31,5,2,0,9,0,0,18,0,15,0,3,0,0,0,66,1,0,1
0,0,8,1687,3,3,0,3,1,8,8,0,1,1,8,3,1,0,0,0,0,0,0,1,0,0,0,0,0,14,1,0,0
0,0,3,537,0,1,1,0,1,1,3,0,0,0,1,0,0,0,0,0,0,0,0,0,0,0,0,0,0,3,2,0,0
0,0,3,2749,1,0,0,0,1,0,3,1,0,0,0,0,0,0,0,0,0,0,0,0,0,0,0,0,0,3,1,0,0
0,0,3,1547,0,1,1,0,1,0,3,0,0,1,0,0,0,0,0,0,0,0,0,1,0,0,0,0,0,5,1,0,0
0,0,3,2585,1,5,5,0,1,2,3,1,0,1,2,0,0,0,0,0,0,0,0,0,0,0,0,0,0,4,1,0,0
0,0,4,1557,0,0,0,0,1,0,4,0,0,1,0,0,0,0,0,0,0,0,0,2,0,0,0,0,0,15,1,0,0
0,0,3,2739,1,0,0,0,1,0,3,0,0,1,0,0,0,0,0,0,0,0,0,1,0,0,0,0,0,3,1,0,0
0,0,18,2005,2,1,1,0,4,7,18,0,1,0,7,0,0,0,0,1,0,0,1,1,0,2,0,0,0,8,2,0,0
0,0,10,1825,3,3,2,1,2,6,10,0,1,0,6,1,1,0,1,0,0,0,0,1,0,1,0,0,0,7,1,0,0
0,0,4,509,1,1,0,1,1,2,4,0,0,0,2,1,1,0,0,0,0,0,0,0,0,0,0,0,0,5,1,0,0
0,0,3,1337,0,1,1,0,2,2,3,1,0,0,2,0,0,0,1,0,0,0,0,0,0,0,0,0,0,8,2,0,0
0,0,4,1985,0,5,5,0,1,2,4,0,0,0,2,0,0,0,0,0,0,0,0,0,0,0,0,0,0,3,2,0,0
0,0,7,1763,4,1,0,1,2,10,7,0,1,1,10,1,1,0,0,0,1,0,0,1,0,1,0,0,0,14,1,0,0
0,0,3,2703,1,0,0,0,1,1,3,0,0,2,1,0,0,0,0,0,0,0,0,0,0,0,0,0,0,5,1,0,0
0,0,10,1799,1,0,0,0,3,8,10,0,2,1,8,0,0,0,0,0,0,0,0,2,0,1,0,0,0,11,1,0,0
0,0,6,1883,5,1,0,1,3,3,6,0,1,0,3,1,1,0,1,0,0,0,0,1,0,1,0,0,0,8,1,0,0
0,0,3,2595,1,3,3,0,1,1,3,1,0,0,1,0,0,0,0,0,0,0,0,0,0,0,0,0,0,3,1,0,0
0,0,13,1241,2,0,0,0,2,10,13,0,1,1,10,0,0,0,1,0,0,0,0,1,1,1,0,0,0,16,1,0,0
0,0,3,2771,1,2,2,0,1,0,3,0,0,1,0,0,0,0,0,0,0,0,0,1,0,0,0,0,0,5,1,0,0
0,0,3,2635,0,2,2,0,1,2,3,0,0,0,2,0,0,0,0,0,0,0,0,0,0,0,0,0,0,5,1,0,0
0,0,24,1569,2,3,1,2,6,8,24,5,1,1,8,2,1,0,4,0,0,0,0,2,0,1,0,0,0,27,2,0,0
0,0,20,2685,3,0,0,0,2,7,20,1,1,1,7,0,0,0,0,0,0,0,0,2,0,1,2,0,0,9,4,0,0
0,0,3,2625,1,0,0,0,1,0,3,0,0,1,0,0,0,0,0,0,0,0,0,1,0,0,0,0,0,4,1,0,0
1,1,170,603,17,11,0,11,54,61,170,10,9,1,61,11,6,1,15,1,13,2,2,15,0,6,0,0,0,80,4,0,0
0,0,74,1363,5,8,2,6,19,25,74,4,4,1,25,6,4,0,3,1,0,0,1,8,0,3,0,0,0,52,2,0,0
0,0,5,1923,0,2,2,0,2,1,5,1,1,1,1,0,0,0,0,0,0,0,0,2,0,1,0,0,0,5,1,0,0
0,0,3,2159,0,1,1,0,2,3,3,1,0,1,3,0,0,0,1,0,0,0,0,0,0,0,0,0,0,7,2,0,0
0,0,3,2783,1,0,0,0,1,0,3,1,0,0,0,0,0,0,0,0,0,0,0,0,0,0,0,0,0,5,1,0,0
0,0,22,1169,1,0,0,0,6,8,22,0,1,1,8,0,0,0,5,0,0,8,0,1,0,1,0,0,0,18,4,0,0
0,0,4,2715,1,0,0,0,1,2,4,0,0,2,2,0,0,0,0,0,0,0,0,0,0,0,0,0,0,5,1,0,0
0,0,3,2605,1,1,1,0,1,0,3,1,0,0,0,0,0,0,0,0,0,0,0,0,0,0,0,0,0,3,1,0,0
0,0,31,2061,7,2,0,2,11,6,31,6,0,1,6,2,1,0,0,0,5,0,0,0,0,1,0,0,0,20,1,0,0
0,0,7,1781,4,1,0,1,2,10,7,0,1,1,10,1,1,0,0,0,1,0,0,1,0,1,0,0,0,14,1,0,0
0,0,7,1667,2,2,0,2,1,7,7,0,1,1,7,2,1,0,0,0,0,0,0,1,0,0,0,0,0,10,1,0,0
0,0,3,2759,1,0,0,0,1,0,3,1,0,0,0,0,0,0,0,0,0,0,0,0,0,0,0,0,0,5,1,0,0
0,0,5,1709,2,2,1,1,1,4,5,0,1,1,4,1,1,0,0,0,0,0,0,1,0,0,0,0,0,11,1,0,0
0,0,4,1751,2,2,1,1,2,2,4,0,1,1,2,1,2,0,0,0,0,0,0,1,0,0,0,0,0,9,1,0,0
0,0,16,1283,3,4,1,3,5,7,16,1,2,0,7,3,1,0,3,0,0,0,0,2,0,2,0,0,0,16,1,0,0
0,0,5,1857,3,2,1,1,1,3,5,0,1,0,3,1,1,0,0,0,0,0,0,1,0,0,0,0,0,7,1,0,0
0,0,8,1937,0,0,0,0,2,3,8,2,0,0,3,0,0,0,0,0,0,0,0,0,0,1,0,0,0,4,1,0,0
0,0,3,527,0,1,1,0,1,1,3,0,0,0,1,0,0,0,0,0,0,0,0,0,0,0,0,0,0,3,2,0,0
0,0,13,2645,1,1,1,0,2,3,13,2,1,0,3,0,0,0,0,0,0,0,0,1,0,1,0,0,0,6,2,0,0
0,0,8,1961,0,4,4,0,3,6,8,0,0,0,6,0,0,0,0,0,0,0,0,0,0,1,0,0,0,2,1,0,0
0,0,12,535,1,1,1,0,1,8,12,1,6,2,8,0,0,0,0,0,0,0,0,6,0,0,0,0,0,35,9,0,0
45,46,4,207,2,1,0,1,1,1,3,1,0,3,1,1,3,0,0,0,0,0,0,0,0,0,0,0,0,5,9,0,0
1,1,4,479,2,0,0,0,1,2,4,1,1,1,2,0,0,0,0,0,0,0,0,1,0,0,0,0,0,8,9,0,0
45,46,38,231,3,5,1,4,9,14,37,2,8,4,14,4,2,1,3,0,2,7,6,13,4,4,0,0,0,34,9,0,0
0,0,16,577,1,1,1,0,3,8,16,1,7,2,8,0,0,0,0,0,0,1,2,7,0,1,0,0,0,32,9,0,0
0,0,8,805,0,0,0,0,2,9,8,0,1,0,9,0,0,0,0,0,0,0,0,1,0,1,0,0,0,2,1,0,0
0,0,3,845,1,1,0,1,1,1,3,0,0,2,1,0,0,0,0,0,0,0,0,0,0,0,0,0,0,5,1,0,0
0,0,9,715,1,1,1,0,3,4,9,0,4,2,4,0,0,1,0,0,1,0,3,5,3,1,0,0,0,13,9,0,0
0,0,23,635,1,1,1,0,5,10,23,3,7,2,10,0,0,0,0,1,0,0,2,7,0,2,0,0,0,34,9,0,0
41,42,4,353,2,1,0,1,1,1,3,1,0,2,1,1,3,0,0,0,0,0,0,0,0,0,0,0,0,5,9,0,0
41,42,35,375,3,4,1,3,8,12,34,2,7,3,12,3,2,1,3,0,1,7,5,11,4,4,0,0,0,32,9,0,0
0,0,15,491,2,4,2,2,3,5,15,2,2,3,5,2,1,0,1,1,0,0,1,3,0,1,0,0,0,21,9,0,0
3,3,43,745,4,0,0,0,4,14,43,0,5,1,14,0,0,0,1,0,0,3,0,6,0,2,2,0,0,25,9,0,0
0,0,15,789,2,1,0,1,1,3,15,0,0,2,3,0,0,0,0,0,0,0,1,0,0,0,1,0,0,9,1,0,0
0,0,26,135,2,3,3,0,4,8,26,2,6,2,8,0,0,0,2,1,0,2,1,10,1,1,0,0,0,35,8,0,0
0,0,16,577,1,1,1,0,3,8,16,1,7,2,8,0,0,0,0,0,0,1,2,7,0,1,0,0,0,32,9,0,0
0,0,3,845,1,1,0,1,1,1,3,0,0,2,1,0,0,0,0,0,0,0,0,0,0,0,0,0,0,5,1,0,0
0,0,8,805,0,0,0,0,2,9,8,0,1,0,9,0,0,0,0,0,0,0,0,1,0,1,0,0,0,2,1,0,0
1,1,3,353,2,1,0,1,1,1,3,1,0,2,1,1,3,0,0,0,0,0,0,0,0,0,0,0,0,5,9,0,0
1,1,3,207,2,1,0,1,1,1,3,1,0,3,1,1,3,0,0,0,0,0,0,0,0,0,0,0,0,5,9,0,0
0,0,15,491,2,4,2,2,3,5,15,2,2,3,5,2,1,0,1,1,0,0,1,3,0,1,0,0,0,21,9,0,0
0,0,23,635,1,1,1,0,5,10,23,3,7,2,10,0,0,0,0,1,0,0,2,7,0,2,0,0,0,34,9,0,0
0,0,9,715,1,1,1,0,3,4,9,0,4,2,4,0,0,1,0,0,1,0,3,5,3,1,0,0,0,13,9,0,0
0,0,4,479,2,0,0,0,1,2,4,1,1,1,2,0,0,0,0,0,0,0,0,1,0,0,0,0,0,8,9,0,0
1,1,34,375,3,4,1,3,8,13,34,2,7,3,13,3,2,1,3,0,1,7,5,11,4,4,0,0,0,32,9,0,0
0,0,43,745,4,0,0,0,4,14,43,0,5,1,14,0,0,0,1,0,0,3,0,6,0,2,2,0,0,25,9,0,0
0,0,12,535,1,1,1,0,1,8,12,1,6,2,8,0,0,0,0,0,0,0,0,6,0,0,0,0,0,35,9,0,0
0,0,26,135,2,3,3,0,4,8,26,2,6,2,8,0,0,0,2,1,0,2,1,10,1,1,0,0,0,35,8,0,0
0,0,15,789,2,1,0,1,1,3,15,0,0,2,3,0,0,0,0,0,0,0,1,0,0,0,1,0,0,9,1,0,0
1,1,37,231,3,5,1,4,9,15,37,2,8,4,15,4,2,1,3,0,2,7,6,13,4,4,0,0,0,34,9,0,0
0,0,2,185,1,0,0,0,1,0,2,0,0,3,0,0,0,0,0,0,0,0,0,0,0,0,0,0,0,3,4,0,0
0,0,3,83,2,0,0,0,1,0,3,0,0,2,0,0,0,0,0,0,0,0,0,0,0,0,0,0,0,4,1,0,0
1,1,24,109,2,1,0,1,4,15,24,3,2,0,15,1,1,0,1,1,0,2,2,3,0,3,0,0,0,16,1,0,0
0,0,3,95,0,1,1,0,1,2,3,1,0,0,2,0,0,0,0,0,1,0,0,0,0,0,0,0,0,2,1,0,0
1,0,11,479,0,0,0,0,4,7,12,0,0,0,7,0,0,0,1,0,0,0,1,0,0,2,0,0,0,11,1,0,0
0,0,7,125,0,1,1,0,1,0,7,0,0,0,0,0,0,0,0,0,0,0,0,5,0,0,0,0,0,15,1,0,0
0,0,6,571,0,0,0,0,2,2,6,0,0,0,2,0,0,0,1,0,0,0,0,0,0,1,0,0,0,5,1,0,0
0,0,7,455,2,0,0,0,2,4,7,0,1,1,4,0,0,0,1,0,0,0,0,1,1,1,0,0,0,17,1,0,0
0,0,35,279,6,0,0,0,9,17,35,0,2,4,17,0,0,0,4,0,3,0,0,2,0,3,1,0,0,49,1,0,0
0,0,19,403,4,0,0,0,2,8,19,2,0,4,8,0,0,0,1,0,0,0,0,1,0,1,1,0,0,20,1,0,0
0,0,3,143,1,1,0,1,1,1,3,1,0,1,1,1,1,0,0,0,0,0,0,0,0,0,0,0,0,7,9,0,0
0,0,23,215,3,0,0,0,4,14,23,2,3,1,14,0,0,0,3,0,1,0,0,4,0,3,0,0,0,20,1,0,0
0,0,3,173,1,1,0,1,1,1,3,1,0,1,1,1,1,0,0,0,0,0,0,0,0,0,0,0,0,8,9,0,0
0,0,16,525,1,0,0,0,5,4,16,0,0,3,4,0,0,0,1,0,0,0,1,0,0,3,0,0,0,13,1,0,0
0,0,3,153,1,1,0,1,1,1,3,1,0,2,1,1,1,0,0,0,0,0,0,0,0,0,0,0,0,8,9,0,0
0,0,12,185,3,5,4,1,1,7,12,1,3,4,7,0,0,0,0,0,0,0,0,3,0,0,0,0,0,17,9,0,0
0,0,3,163,2,1,0,1,1,1,3,1,0,3,1,1,1,0,0,0,0,0,0,0,0,0,0,0,0,7,9,0,0
0,0,7,315,2,0,0,0,1,3,7,0,1,1,3,0,0,0,0,0,0,0,0,1,0,0,0,0,0,9,1,0,0
0,0,5,421,0,0,0,0,1,2,5,0,0,0,2,0,0,0,0,0,0,0,0,1,0,0,0,0,0,8,1,0,0
0,0,4,589,0,0,0,0,1,1,4,0,0,1,1,0,0,0,0,0,0,0,0,2,0,0,0,0,0,4,1,0,0
0,0,3,165,1,0,0,0,1,2,3,0,0,1,2,0,0,0,0,0,0,0,0,0,0,0,0,0,0,6,1,0,0
0,0,32,185,9,0,0,0,10,19,32,0,6,2,19,0,0,0,4,0,3,3,1,7,1,2,0,0,0,30,1,0,0
0,0,9,151,5,0,0,0,1,3,9,1,0,2,3,0,0,0,0,0,0,2,0,1,0,0,1,0,0,16,1,0,0
0,0,9,127,2,0,0,0,1,0,9,0,0,7,0,0,0,0,0,0,0,0,0,7,0,0,0,0,0,14,1,0,0
0,0,3,279,2,0,0,0,1,1,3,0,0,1,1,0,0,0,0,0,0,0,0,0,0,0,0,0,0,4,1,0,0
0,0,16,167,5,0,0,0,2,3,16,1,1,2,3,0,0,0,1,0,0,0,0,4,0,1,1,0,0,21,1,0,0
0,0,9,475,2,2,2,0,3,0,9,3,0,0,0,0,0,0,0,0,0,1,0,0,0,1,0,0,0,18,2,0,1
2,0,4,149,3,0,0,0,1,1,6,0,0,3,1,0,0,0,0,0,0,0,0,4,0,0,0,0,0,8,1,0,0
2,0,3,135,2,0,0,0,1,1,5,0,0,2,1,0,0,0,0,0,0,0,0,3,0,0,0,0,0,7,1,0,0
13,2,51,217,8,2,0,2,11,30,62,2,7,2,30,2,2,0,3,0,1,0,1,7,0,3,0,0,0,29,1,0,0
0,0,6,391,3,1,0,1,2,2,6,0,0,1,2,1,2,0,1,0,0,0,0,0,0,1,0,0,0,12,1,0,0
4,0,3,495,0,0,0,0,1,0,3,1,0,0,0,0,0,0,0,0,0,0,0,0,0,0,0,0,0,6,1,0,0
0,0,3,187,1,0,0,0,1,2,3,0,0,1,2,0,0,0,0,0,0,0,0,0,0,0,0,0,0,6,1,0,0
3,1,15,411,6,3,2,1,4,21,17,0,2,1,21,1,1,0,0,0,2,0,0,2,0,2,0,0,0,17,2,0,0
0,0,9,1007,3,1,0,1,2,10,9,0,2,2,10,0,0,0,0,0,0,0,0,2,0,1,0,0,0,11,1,0,0
0,0,3,409,2,3,0,3,1,1,3,0,0,1,1,0,0,0,0,0,0,0,0,0,0,0,0,0,0,5,1,0,0
0,0,3,445,1,3,0,3,1,5,3,0,0,1,5,0,0,0,0,0,0,0,0,0,0,0,0,0,0,4,1,0,0
0,0,3,497,2,3,0,3,1,1,3,0,0,1,1,0,0,0,0,0,0,0,0,0,0,0,0,0,0,5,1,0,0
0,0,21,1426,1,2,1,1,7,6,21,2,1,0,6,1,1,0,3,0,1,0,2,1,1,2,0,0,0,10,2,0,0
0,0,5,695,1,0,0,0,1,4,5,0,0,0,4,0,0,0,0,0,1,0,0,0,0,0,0,0,0,6,1,0,0
0,0,41,1234,7,1,1,0,10,14,41,1,1,4,14,0,0,0,1,0,3,0,1,7,7,2,0,0,0,11,9,0,0
0,0,3,1358,2,1,0,1,1,2,3,0,0,1,2,1,1,0,0,0,0,0,0,0,0,0,0,0,0,3,1,0,0
0,0,3,927,0,0,0,0,1,2,3,0,0,0,2,0,0,0,0,0,0,0,0,0,0,0,0,0,0,3,1,0,0
0,0,102,271,13,2,0,2,19,32,102,2,7,3,32,2,2,0,10,0,3,2,3,19,0,2,4,0,0,70,1,0,0
0,0,5,1644,2,2,2,0,1,4,5,0,1,3,4,0,0,0,0,0,0,0,0,1,0,0,0,0,0,12,1,0,0
0,0,6,1180,4,1,1,0,1,6,6,0,1,1,6,0,0,0,0,0,1,0,0,1,0,0,0,0,0,12,1,0,0
0,0,3,1658,2,2,1,1,1,1,3,0,0,1,1,1,1,0,0,0,0,0,0,0,0,0,0,0,0,4,1,0,0
0,0,3,1216,1,1,0,1,1,3,3,0,0,0,3,1,1,0,0,0,0,0,0,0,0,0,0,0,0,5,1,0,0
0,0,6,1480,1,1,1,0,1,4,6,1,1,3,4,0,0,0,0,0,0,0,0,1,0,0,0,0,0,8,2,0,0
0,0,5,241,2,2,0,2,1,2,5,1,1,1,2,1,1,0,0,0,0,0,0,1,0,0,0,0,0,10,9,0,0
0,0,3,937,0,0,0,0,1,1,3,0,0,0,1,0,0,0,0,0,0,0,0,0,0,0,0,0,0,1,1,0,0
0,0,3,1634,2,2,1,1,1,1,3,0,0,1,1,1,1,0,0,0,0,0,0,0,0,0,0,0,0,4,1,0,0
0,0,6,1388,1,0,0,0,2,2,6,0,0,1,2,0,0,0,1,0,0,1,0,0,0,1,0,0,0,9,1,0,0
0,0,3,1368,1,0,0,0,1,0,3,1,0,0,0,0,0,0,0,0,0,0,0,0,0,0,0,0,0,4,1,0,0
0,0,8,907,4,1,1,0,1,5,8,0,2,0,5,0,0,0,0,0,0,0,0,2,0,0,0,0,0,11,1,0,0
0,0,3,1668,0,0,0,0,1,0,3,0,0,1,0,0,0,0,0,0,0,0,0,1,0,0,0,0,0,5,1,0,0
0,0,13,1125,5,1,1,0,2,12,13,0,3,1,12,0,0,0,0,0,0,0,0,3,0,1,0,0,0,16,1,0,0
0,0,64,949,6,0,0,0,12,30,64,0,13,3,30,0,0,0,5,0,1,1,0,13,1,4,2,0,0,40,1,0,0
4,0,25,581,4,1,1,0,5,10,29,1,1,4,10,0,0,0,1,0,1,0,0,2,0,3,1,0,0,29,2,0,1
0,0,3,1196,1,1,0,1,1,3,3,0,0,0,3,1,1,0,0,0,0,0,0,0,0,0,0,0,0,5,1,0,0
0,0,22,1498,2,5,0,5,7,7,22,0,0,1,7,5,5,0,0,0,0,0,5,5,0,1,0,0,0,14,1,0,0
0,0,3,1594,2,2,1,1,1,1,3,0,0,1,1,1,1,0,0,0,0,0,0,0,0,0,0,0,0,4,1,0,0
0,0,3,1160,0,0,0,0,1,2,3,0,0,0,2,0,0,0,0,0,0,0,0,0,0,0,0,0,0,3,1,0,0
0,0,5,227,2,1,1,0,1,1,5,1,1,1,1,0,0,0,0,0,0,0,0,1,0,0,0,0,0,6,9,0,0
0,0,12,661,1,0,0,0,2,8,12,0,0,0,8,0,0,0,0,0,1,0,0,0,0,1,0,0,0,8,1,0,0
0,0,3,1206,2,1,0,1,1,3,3,0,0,0,3,1,1,0,0,0,0,0,0,0,0,0,0,0,0,6,1,0,0
0,0,5,1580,2,2,2,0,1,4,5,0,1,3,4,0,0,0,0,0,0,0,0,1,0,0,0,0,0,12,1,0,0
0,0,6,1604,2,1,1,0,1,4,6,0,2,1,4,0,0,0,0,0,0,0,0,2,0,0,0,0,0,12,1,0,0
0,0,3,1556,2,2,1,1,1,1,3,0,0,1,1,1,1,0,0,0,0,0,0,0,0,0,0,0,0,4,1,0,0
0,0,4,991,2,1,0,1,1,2,4,0,0,2,2,0,0,0,0,0,0,0,0,0,0,0,0,0,0,8,1,0,0
0,0,3,1170,0,0,0,0,1,2,3,0,0,0,2,0,0,0,0,0,0,0,0,0,0,0,0,0,0,3,1,0,0
0,0,8,777,5,1,0,1,1,5,8,0,2,2,5,0,0,0,0,0,0,0,0,2,0,0,0,0,0,14,1,0,0
0,0,3,539,2,3,0,3,1,1,3,0,0,1,1,0,0,0,0,0,0,0,0,0,0,0,0,0,0,5,1,0,0
0,0,29,803,4,1,0,1,5,16,29,0,7,2,16,0,0,0,2,0,2,5,4,8,0,4,0,0,0,32,1,0,0
0,0,64,715,8,1,1,0,5,13,64,1,7,0,13,0,0,0,1,0,3,0,0,7,0,1,2,0,0,49,1,0,0
0,0,5,1566,2,1,1,0,1,4,5,0,1,3,4,0,0,0,0,0,0,0,0,1,0,0,0,0,0,12,1,0,0
0,0,5,1620,2,2,2,0,1,4,5,0,1,3,4,0,0,0,0,0,0,0,0,1,0,0,0,0,0,12,1,0,0
0,0,2,215,0,1,1,0,1,0,2,0,0,0,0,0,0,0,0,0,0,0,0,0,0,0,0,0,0,2,1,0,0
0,0,3,635,2,3,0,3,1,1,3,0,0,1,1,0,0,0,0,0,0,0,0,0,0,0,0,0,0,5,1,0,0
0,0,4,257,1,0,0,0,1,3,4,0,0,1,3,0,0,0,0,0,0,0,0,1,0,0,0,0,0,10,1,0,0
0,0,3,209,1,0,0,0,1,0,3,0,0,1,0,0,0,0,0,0,0,0,0,1,0,0,0,0,0,4,1,0,0
0,0,5,245,1,0,0,0,1,4,5,0,0,1,4,0,0,0,0,0,0,0,0,1,0,0,0,0,0,13,1,0,0
0,0,3,219,0,1,1,0,1,0,3,0,0,1,0,0,0,0,0,0,0,0,0,1,0,0,0,0,0,3,1,0,0
1,1,72,391,13,1,0,1,24,41,72,0,14,2,41,1,1,0,11,0,3,2,0,19,2,5,0,0,0,62,1,0,0
0,0,12,261,1,0,0,0,2,9,12,0,1,0,9,0,0,0,1,0,0,0,0,2,1,1,0,0,0,19,1,0,0
0,0,5,229,2,1,0,1,1,2,5,1,1,1,2,0,0,0,0,0,0,0,0,1,0,0,0,0,0,18,9,0,0
0,0,2,642,2,0,0,0,1,0,2,0,0,1,0,0,0,0,0,0,0,0,0,0,0,0,0,0,0,4,1,0,0
0,0,29,295,9,0,0,0,5,16,29,2,4,2,16,0,0,0,3,0,2,0,2,6,1,2,0,0,0,40,1,0,0
0,0,7,665,2,1,1,0,1,2,7,0,2,3,2,0,0,0,0,0,0,0,0,2,0,0,0,0,0,28,9,0,1
0,0,3,199,0,0,0,0,1,0,3,1,0,0,0,0,0,0,0,0,0,0,0,0,0,0,0,0,0,5,1,0,0
0,0,12,261,1,0,0,0,2,9,12,0,1,0,9,0,0,0,1,0,0,0,0,2,1,1,0,0,0,19,1,0,0
2,2,72,391,13,1,0,1,26,41,72,0,14,2,41,1,1,0,13,0,4,2,0,19,2,5,0,0,0,62,1,0,0
0,0,3,219,0,1,1,0,1,0,3,0,0,1,0,0,0,0,0,0,0,0,0,1,0,0,0,0,0,3,1,0,0
0,0,3,209,1,0,0,0,1,0,3,0,0,1,0,0,0,0,0,0,0,0,0,1,0,0,0,0,0,4,1,0,0
0,0,29,295,9,0,0,0,5,16,29,2,4,2,16,0,0,0,3,0,2,0,2,6,1,2,0,0,0,40,1,0,0
0,0,3,199,0,0,0,0,1,0,3,1,0,0,0,0,0,0,0,0,0,0,0,0,0,0,0,0,0,5,1,0,0
0,0,7,665,2,1,1,0,1,2,7,0,2,3,2,0,0,0,0,0,0,0,0,2,0,0,0,0,0,28,9,0,1
0,0,5,245,1,0,0,0,1,4,5,0,0,1,4,0,0,0,0,0,0,0,0,1,0,0,0,0,0,13,1,0,0
0,0,2,642,2,0,0,0,1,0,2,0,0,1,0,0,0,0,0,0,0,0,0,0,0,0,0,0,0,4,1,0,0
0,0,5,229,2,1,0,1,1,2,5,1,1,1,2,0,0,0,0,0,0,0,0,1,0,0,0,0,0,18,9,0,0
1,1,2,201,2,0,0,0,1,0,2,0,0,1,0,0,0,0,0,0,0,0,0,0,0,0,0,0,0,4,1,0,0
6,0,12,145,7,0,0,0,4,14,18,0,3,2,14,0,0,0,1,0,2,0,0,4,0,2,0,0,0,20,1,0,0
0,0,3,95,1,0,0,0,1,0,3,0,0,1,0,0,0,0,0,0,0,0,0,1,0,0,0,0,0,9,1,0,0
0,0,8,105,1,0,0,0,2,5,8,0,0,1,5,0,0,0,1,0,0,0,0,0,0,1,0,0,0,4,1,0,0
0,0,3,131,5,0,0,0,1,3,3,1,0,2,3,0,0,0,0,0,0,0,0,0,0,0,0,0,0,22,1,0,0
0,0,12,563,1,1,1,0,1,8,12,1,6,2,8,0,0,0,0,0,0,0,0,6,0,0,0,0,0,35,9,0,0
5,0,3,215,2,1,0,1,1,1,3,1,0,3,1,1,3,0,0,0,0,0,0,0,0,0,0,0,0,5,9,0,0
0,0,15,519,2,4,2,2,3,6,15,2,2,3,6,2,1,0,1,1,0,0,1,3,0,1,0,0,0,21,9,0,0
5,0,3,371,2,1,0,1,1,1,3,1,0,2,1,1,3,0,0,0,0,0,0,0,0,0,0,0,0,5,9,0,0
0,0,23,663,1,1,1,0,5,10,23,3,7,2,10,0,0,0,0,1,0,0,2,7,0,2,0,0,0,34,9,0,0
0,0,4,507,2,0,0,0,1,2,4,1,1,1,2,0,0,0,0,0,0,0,0,1,0,0,0,0,0,8,9,0,0
0,0,26,143,2,3,3,0,4,8,26,2,6,2,8,0,0,0,2,1,0,2,1,10,1,1,0,0,0,35,8,0,0
11,31,51,773,4,0,0,0,4,13,31,0,4,1,13,0,0,0,1,0,0,3,0,5,0,2,2,0,0,22,9,0,0
0,0,16,605,1,1,1,0,3,8,16,1,7,2,8,0,0,0,0,0,0,1,2,7,0,1,0,0,0,32,9,0,0
5,0,33,393,3,4,1,3,8,14,38,2,7,3,14,3,2,1,3,0,1,9,5,11,6,4,0,0,0,33,9,0,0
5,0,36,239,3,5,1,4,9,16,41,2,8,4,16,4,2,1,3,0,2,9,6,13,6,4,0,0,0,35,9,0,0
0,0,3,833,1,0,0,0,1,1,3,0,0,2,1,0,0,0,0,0,0,0,0,0,0,0,0,0,0,5,1,0,0
0,0,9,743,1,1,1,0,3,4,9,0,4,2,4,0,0,1,0,0,1,0,3,5,3,1,0,0,0,13,9,0,0
0,0,7,807,3,0,0,0,1,8,7,0,2,2,8,0,0,0,0,0,0,0,0,2,0,0,0,0,0,9,1,0,0
0,0,3,165,2,0,0,0,1,1,3,0,0,2,1,0,0,0,0,0,0,0,0,0,0,0,0,0,0,4,9,0,0
2,6,10,175,2,0,0,0,2,1,6,0,1,4,1,0,0,0,0,0,0,3,1,1,1,1,0,0,0,23,9,0,0
9,0,6,89,1,1,0,1,1,4,6,0,1,0,4,1,1,0,0,0,0,0,0,2,0,0,0,0,0,11,1,0,0
9,0,0,215,0,1,1,0,3,1,9,2,2,1,1,0,0,1,0,0,0,0,1,2,0,2,0,0,0,8,8,0,0
4,0,3,237,0,0,0,0,1,1,3,1,0,0,1,0,0,0,0,0,0,0,0,0,0,0,0,0,0,3,1,0,0
4,0,3,113,0,0,0,0,1,1,3,0,0,2,1,0,0,0,0,0,0,0,0,0,0,0,0,0,0,7,1,0,0
42,0,32,129,0,0,0,0,10,6,32,1,7,2,6,0,0,2,1,1,0,0,7,10,5,5,0,0,0,22,1,0,0
0,0,26,143,2,3,3,0,4,8,26,2,6,2,8,0,0,0,2,1,0,2,1,10,1,1,0,0,0,35,8,0,0
0,0,2,829,1,0,0,0,1,0,2,0,0,2,0,0,0,0,0,0,0,0,0,0,0,0,0,0,0,5,1,0,0
0,0,41,239,3,5,1,4,9,16,41,2,8,4,16,4,2,1,3,0,2,9,6,13,6,4,0,0,0,35,9,0,0
0,0,38,393,3,4,1,3,8,14,38,2,7,3,14,3,2,1,3,0,1,9,5,11,6,4,0,0,0,33,9,0,0
0,0,23,663,1,1,1,0,5,10,23,3,7,2,10,0,0,0,0,1,0,0,2,7,0,2,0,0,0,34,9,0,0
0,3,32,773,4,0,0,0,4,13,29,0,4,1,13,0,0,0,1,0,0,3,0,5,0,2,2,0,0,22,9,0,0
0,0,4,507,2,0,0,0,1,2,4,1,1,1,2,0,0,0,0,0,0,0,0,1,0,0,0,0,0,8,9,0,0
0,0,6,807,3,0,0,0,1,7,6,0,2,2,7,0,0,0,0,0,0,0,0,2,0,0,0,0,0,9,1,0,0
0,0,3,215,2,1,0,1,1,1,3,1,0,3,1,1,3,0,0,0,0,0,0,0,0,0,0,0,0,5,9,0,0
0,0,12,563,1,1,1,0,1,8,12,1,6,2,8,0,0,0,0,0,0,0,0,6,0,0,0,0,0,35,9,0,0
0,0,15,519,2,4,2,2,3,6,15,2,2,3,6,2,1,0,1,1,0,0,1,3,0,1,0,0,0,21,9,0,0
0,0,3,371,2,1,0,1,1,1,3,1,0,2,1,1,3,0,0,0,0,0,0,0,0,0,0,0,0,5,9,0,0
0,0,9,743,1,1,1,0,3,4,9,0,4,2,4,0,0,1,0,0,1,0,3,5,3,1,0,0,0,13,9,0,0
0,0,16,605,1,1,1,0,3,8,16,1,7,2,8,0,0,0,0,0,0,1,2,7,0,1,0,0,0,32,9,0,0
0,0,12,571,1,1,1,0,1,8,12,1,6,2,8,0,0,0,0,0,0,0,0,6,0,0,0,0,0,35,9,0,0
0,0,3,223,2,1,0,1,1,1,3,1,0,3,1,1,3,0,0,0,0,0,0,0,0,0,0,0,0,5,9,0,0
0,0,16,613,1,1,1,0,3,8,16,1,7,2,8,0,0,0,0,0,0,1,2,7,0,1,0,0,0,32,9,0,0
0,0,23,671,1,1,1,0,5,10,23,3,7,2,10,0,0,0,0,1,0,0,2,7,0,2,0,0,0,34,9,0,0
0,0,29,781,4,0,0,0,4,13,29,0,4,1,13,0,0,0,1,0,0,3,0,5,0,2,2,0,0,22,9,0,0
0,0,26,151,2,3,3,0,4,8,26,2,6,2,8,0,0,0,2,1,0,2,1,10,1,1,0,0,0,35,8,0,0
0,0,2,837,1,0,0,0,1,0,2,0,0,2,0,0,0,0,0,0,0,0,0,0,0,0,0,0,0,5,1,0,0
0,0,6,815,3,0,0,0,1,7,6,0,2,2,7,0,0,0,0,0,0,0,0,2,0,0,0,0,0,9,1,0,0
0,0,4,515,2,0,0,0,1,2,4,1,1,1,2,0,0,0,0,0,0,0,0,1,0,0,0,0,0,8,9,0,0
0,0,9,751,1,1,1,0,3,4,9,0,4,2,4,0,0,1,0,0,1,0,3,5,3,1,0,0,0,13,9,0,0
0,0,3,379,2,1,0,1,1,1,3,1,0,2,1,1,3,0,0,0,0,0,0,0,0,0,0,0,0,5,9,0,0
0,0,15,527,2,4,2,2,3,6,15,2,2,3,6,2,1,0,1,1,0,0,1,3,0,1,0,0,0,21,9,0,0
0,0,41,247,3,5,1,4,9,16,41,2,8,4,16,4,2,1,3,0,2,9,6,13,6,4,0,0,0,35,9,0,0
0,0,38,401,3,4,1,3,8,14,38,2,7,3,14,3,2,1,3,0,1,9,5,11,6,4,0,0,0,33,9,0,0
0,0,6,815,3,0,0,0,1,7,6,0,2,2,7,0,0,0,0,0,0,0,0,2,0,0,0,0,0,9,1,0,0
10,13,26,675,1,1,1,0,5,10,23,3,7,2,10,0,0,0,0,1,0,0,2,7,0,2,0,0,0,34,9,0,0
7,8,17,621,1,1,1,0,3,8,16,1,7,2,8,0,0,0,0,0,0,1,2,7,0,1,0,0,0,32,9,0,0
4,4,15,531,2,4,2,2,3,6,15,2,2,3,6,2,1,0,1,1,0,0,1,3,0,1,0,0,0,21,9,0,0
14,8,20,153,2,3,3,0,4,8,26,2,6,2,8,0,0,0,2,1,0,2,1,10,1,1,0,0,0,35,8,0,0
0,0,2,837,1,0,0,0,1,0,2,0,0,2,0,0,0,0,0,0,0,0,0,0,0,0,0,0,0,5,1,0,0
17,17,38,405,3,4,1,3,8,14,38,2,7,3,14,3,2,1,3,0,1,9,5,11,6,4,0,0,0,33,9,0,0
2,2,4,519,2,0,0,0,1,2,4,1,1,1,2,0,0,0,0,0,0,0,0,1,0,0,0,0,0,8,9,0,0
19,20,4,237,2,1,0,1,1,1,3,1,0,3,1,1,3,0,0,0,0,0,0,0,0,0,0,0,0,5,9,0,0
8,7,28,779,4,0,0,0,4,13,29,0,4,1,13,0,0,0,1,0,0,3,0,5,0,2,2,0,0,22,9,0,0
17,17,3,387,2,1,0,1,1,1,3,1,0,2,1,1,3,0,0,0,0,0,0,0,0,0,0,0,0,5,9,0,0
7,7,9,749,1,1,1,0,3,4,9,0,4,2,4,0,0,1,0,0,1,0,3,5,3,1,0,0,0,13,9,0,0
19,20,42,257,3,5,1,4,9,16,41,2,8,4,16,4,2,1,3,0,2,9,6,13,6,4,0,0,0,35,9,0,0
2,1,11,577,1,1,1,0,1,8,12,1,6,2,8,0,0,0,0,0,0,0,0,6,0,0,0,0,0,35,9,0,0
0,0,14,313,2,1,1,0,3,10,14,0,2,1,10,0,0,0,1,0,0,1,0,4,1,1,0,0,0,23,2,0,0
9,6,27,179,4,4,0,4,6,16,30,1,4,0,16,4,1,0,1,2,0,0,1,8,0,3,0,0,0,24,1,0,0
0,0,14,447,1,1,1,0,4,1,14,1,2,1,1,0,0,1,1,1,0,2,0,3,0,2,0,0,0,19,2,0,0
0,0,3,513,1,0,0,0,1,0,3,1,0,0,0,0,0,0,0,0,0,0,0,0,0,0,0,0,0,3,1,0,0
0,0,30,361,2,1,1,0,9,11,30,0,4,1,11,0,0,2,1,0,0,1,4,11,1,3,0,0,0,32,2,0,0
0,0,3,493,1,0,0,0,1,0,3,1,0,0,0,0,0,0,0,0,0,0,0,0,0,0,0,0,0,4,1,0,0
2,2,5,163,2,0,0,0,1,0,5,0,0,3,0,0,0,0,0,0,0,0,0,2,0,0,0,0,0,7,1,0,0
0,0,3,503,1,0,0,0,1,0,3,1,0,0,0,0,0,0,0,0,0,0,0,0,0,0,0,0,0,4,1,0,0
0,0,11,289,3,1,1,0,3,5,11,1,1,1,5,0,0,0,1,0,0,3,0,2,1,1,0,0,0,19,2,0,0
2,2,5,149,2,0,0,0,1,0,5,0,0,3,0,0,0,0,0,0,0,0,0,2,0,0,0,0,0,6,1,0,0
0,0,3,89,1,0,0,0,1,1,3,0,0,2,1,0,0,0,0,0,0,0,0,0,0,0,0,0,0,7,4,0,0
0,0,3,65,1,0,0,0,1,0,3,0,0,3,0,0,0,0,0,0,0,0,0,0,0,0,0,0,0,7,1,0,0
1,1,17,101,1,0,0,0,4,4,17,0,1,2,4,0,0,0,0,0,0,0,0,4,0,1,0,0,0,10,4,0,0
0,0,3,143,2,0,0,0,1,1,3,1,0,3,1,0,0,0,0,0,0,0,0,0,0,0,0,0,0,5,1,0,0
0,0,3,77,1,0,0,0,1,3,3,0,0,2,3,0,0,0,0,0,0,0,0,0,0,0,0,0,0,9,4,0,0
0,0,39,227,4,0,0,0,3,12,39,1,5,1,12,0,0,0,1,0,0,3,0,6,0,1,2,0,0,26,1,0,0
0,0,8,133,4,0,0,0,2,2,8,2,1,3,2,0,0,0,1,0,0,0,0,1,0,1,0,0,0,11,1,0,0
0,0,5,153,1,0,0,0,1,3,5,0,0,1,3,0,0,0,0,0,0,0,0,0,0,0,0,0,0,13,1,0,0
26,0,15,381,0,0,0,0,5,2,15,3,2,0,2,0,0,0,1,1,0,2,0,2,0,2,0,0,0,14,9,0,0
1,1,73,173,3,0,0,0,4,13,73,0,5,0,13,0,0,0,1,0,0,0,0,6,0,1,2,0,0,59,1,0,0
0,0,5,359,3,0,0,0,1,3,5,1,1,1,3,0,0,0,0,0,0,0,0,1,0,0,0,0,0,11,1,0,0
0,0,3,301,1,0,0,0,1,1,3,0,0,2,1,0,0,0,0,0,0,0,0,0,0,0,0,0,0,5,1,0,0
0,0,15,255,3,0,0,0,2,9,15,0,4,2,9,0,0,0,0,0,0,0,0,4,0,1,0,0,0,13,1,0,0
0,0,8,1782,3,3,0,3,1,8,8,0,1,1,8,3,1,0,0,0,0,0,0,1,0,0,0,0,0,14,1,0,0
0,0,6,1408,1,4,4,0,1,6,6,0,1,0,6,0,0,0,0,0,0,0,0,1,0,0,0,0,0,12,2,0,0
0,0,10,1924,1,0,0,0,3,8,10,0,2,1,8,0,0,0,0,0,0,0,0,2,0,1,0,0,0,11,1,0,0
0,0,5,545,1,1,0,1,1,3,5,0,0,0,3,1,1,0,0,0,0,0,0,0,0,0,0,0,0,5,1,0,0
0,0,5,2088,0,3,3,0,3,1,5,1,1,1,1,0,0,0,0,0,0,0,0,2,0,1,0,0,0,6,1,0,0
0,0,3,2916,1,0,0,0,1,0,3,0,0,1,0,0,0,0,0,0,0,0,0,1,0,0,0,0,0,3,1,0,0
0,0,4,1652,0,0,0,0,1,0,4,0,0,1,0,0,0,0,0,0,0,0,0,2,0,0,0,0,0,15,1,0,0
0,0,22,1246,1,0,0,0,6,8,22,0,1,1,8,0,0,0,5,0,0,8,0,1,0,1,0,0,0,18,4,0,0
0,0,4,1876,2,2,0,2,2,3,4,0,1,1,3,2,3,0,0,0,0,0,0,1,0,0,0,0,0,9,1,0,0
0,0,9,2960,3,4,3,1,3,3,9,1,0,0,3,1,1,0,2,0,2,0,0,2,0,2,0,0,0,9,1,0,0
0,0,173,669,19,11,0,11,55,74,173,9,11,1,74,11,8,1,16,1,14,1,3,17,0,6,0,0,0,83,4,0,0
0,0,3,2804,1,0,0,0,1,0,3,0,0,1,0,0,0,0,0,0,0,0,0,1,0,0,0,0,0,4,1,0,0
0,0,3,2784,1,1,1,0,1,0,3,1,0,0,0,0,0,0,0,0,0,0,0,0,0,0,0,0,0,3,1,0,0
0,0,6,1434,1,1,1,0,1,6,6,0,1,0,6,0,0,0,0,0,0,0,0,1,0,0,0,0,0,12,2,0,0
0,0,3,2936,1,1,1,0,1,0,3,1,0,0,0,0,0,0,0,0,0,0,0,0,0,0,0,0,0,5,1,0,0
0,0,4,2036,2,2,2,0,1,2,4,0,1,0,2,0,0,0,0,0,0,0,0,1,0,0,0,0,0,5,1,0,0
0,0,24,1664,2,3,1,2,6,8,24,5,1,1,8,2,1,0,4,0,0,0,0,2,0,1,0,0,0,27,2,0,0
0,0,3,2324,0,1,1,0,2,3,3,1,0,1,3,0,0,0,1,0,0,0,0,0,0,0,0,0,0,7,2,0,0
0,0,15,1318,2,0,0,0,3,12,15,0,1,1,12,0,0,0,2,0,0,1,0,1,1,2,0,0,0,16,1,0,0
0,0,3,579,0,1,1,0,1,1,3,0,0,0,1,0,0,0,0,0,0,0,0,0,0,0,0,0,0,3,2,0,0
0,0,23,601,3,0,0,0,10,11,23,0,3,3,11,0,0,0,9,0,0,1,0,3,0,2,0,0,0,32,4,0,0
0,0,6,1804,2,3,1,2,1,5,6,0,1,1,5,2,1,0,0,0,0,0,0,1,0,0,0,0,0,12,1,0,0
0,0,8,2126,0,7,7,0,3,6,8,0,0,0,6,0,0,0,0,0,0,0,0,0,0,1,0,0,0,2,1,0,0
0,0,70,313,10,5,0,5,17,34,70,0,5,1,34,5,2,0,11,0,0,18,0,16,0,3,0,0,0,67,1,0,1
0,0,4,561,0,0,0,0,1,2,4,0,0,0,2,0,0,0,0,0,0,0,0,0,0,0,0,0,0,3,4,0,0
0,0,10,1822,4,4,2,2,2,9,10,0,1,3,9,2,1,0,0,0,0,0,0,1,0,1,0,0,0,12,1,0,0
0,0,7,1906,4,1,0,1,2,10,7,0,1,1,10,1,1,0,0,0,1,0,0,1,0,1,0,0,0,14,1,0,0
0,0,3,2882,1,0,0,0,1,1,3,0,0,2,1,0,0,0,0,0,0,0,0,0,0,0,0,0,0,5,1,0,0
0,0,4,2894,1,0,0,0,1,2,4,0,0,2,2,0,0,0,0,0,0,0,0,0,0,0,0,0,0,5,1,0,0
0,0,3,1726,1,1,1,0,1,2,3,0,0,0,2,0,0,0,0,0,0,0,0,0,0,0,0,0,0,6,2,0,0
0,0,4,2150,0,9,9,0,1,2,4,0,0,0,2,0,0,0,0,0,0,0,0,0,0,0,0,0,0,3,2,0,0
4,0,73,1450,3,10,2,8,20,27,77,4,4,1,27,8,5,0,3,1,0,0,1,8,0,3,0,0,0,53,2,0,0
1,0,12,1988,3,4,1,3,3,10,13,0,1,0,10,3,1,0,1,0,0,0,0,1,0,2,0,0,0,12,1,0,0
0,0,7,1742,3,2,0,2,1,7,7,0,1,1,7,2,1,0,0,0,0,0,0,1,0,0,0,0,0,11,1,0,0
0,0,3,2926,1,0,0,0,1,0,3,1,0,0,0,0,0,0,0,0,0,0,0,0,0,0,0,0,0,3,1,0,0
0,0,3,2814,0,2,2,0,1,2,3,0,0,0,2,0,0,0,0,0,0,0,0,0,0,0,0,0,0,5,1,0,0
0,0,4,1630,2,1,0,1,1,3,4,0,0,1,3,1,6,0,0,0,0,0,0,0,0,0,0,0,0,8,1,0,0
0,0,3,1642,0,1,1,0,1,0,3,0,0,1,0,0,0,0,0,0,0,0,0,1,0,0,0,0,0,5,1,0,0
1,0,12,1950,3,5,2,3,3,10,13,0,1,0,10,3,1,0,1,0,0,0,0,1,0,2,0,0,0,11,1,0,0
0,0,5,2074,0,4,4,0,2,1,5,1,1,0,1,0,0,0,0,0,0,0,0,2,0,1,0,0,0,4,1,0,0
0,0,6,2048,5,1,0,1,3,3,6,0,1,0,3,1,1,0,1,0,0,0,0,1,0,1,0,0,0,8,1,0,0
0,0,18,2170,2,1,1,0,4,7,18,0,1,0,7,0,0,0,0,1,0,0,1,1,0,2,0,0,0,8,2,0,0
0,0,7,1762,2,2,0,2,1,7,7,0,1,1,7,2,1,0,0,0,0,0,0,1,0,0,0,0,0,10,1,0,0
0,0,11,1849,2,2,0,2,3,9,11,0,2,1,9,2,1,0,0,0,0,0,0,2,0,1,0,0,0,14,1,0,0
0,0,5,2022,3,2,1,1,1,3,5,0,1,0,3,1,1,0,0,0,0,0,0,1,0,0,0,0,0,7,1,0,0
0,0,8,2102,0,0,0,0,2,3,8,2,0,0,3,0,0,0,0,0,0,0,0,0,0,1,0,0,0,4,1,0,0
0,0,31,2226,7,2,0,2,11,6,31,6,0,1,6,2,1,0,0,0,5,0,0,0,0,1,0,0,0,20,1,0,0
0,0,20,2864,3,0,0,0,2,7,20,1,1,1,7,0,0,0,0,0,0,0,0,2,0,1,2,0,0,9,4,0,0
0,0,7,1888,4,1,0,1,2,10,7,0,1,1,10,1,1,0,0,0,1,0,0,1,0,1,0,0,0,14,1,0,0
0,0,43,2620,6,2,0,2,10,17,43,0,2,0,17,2,1,0,1,0,3,0,0,6,0,3,0,0,0,26,1,0,0
0,0,3,589,0,1,1,0,1,1,3,0,0,0,1,0,0,0,0,0,0,0,0,0,0,0,0,0,0,3,2,0,0
0,0,3,2774,1,3,3,0,1,1,3,1,0,0,1,0,0,0,0,0,0,0,0,0,0,0,0,0,0,3,1,0,0
0,0,3,2764,1,7,7,0,1,2,3,1,0,1,2,0,0,0,0,0,0,0,0,0,0,0,0,0,0,4,1,0,0
0,0,3,2794,1,0,0,0,1,0,3,1,0,0,0,0,0,0,0,0,0,0,0,0,0,0,0,0,0,4,1,0,0
0,0,108,2338,15,7,0,7,31,30,108,26,5,1,30,7,4,0,5,0,17,0,0,16,0,2,0,0,0,46,1,0,0
0,0,13,2824,1,1,1,0,2,3,13,2,1,0,3,0,0,0,0,0,0,0,0,1,0,1,0,0,0,6,2,0,0
0,0,3,1424,0,1,1,0,2,2,3,1,0,0,2,0,0,0,1,0,0,0,0,0,0,0,0,0,0,8,2,0,0
0,0,16,1370,3,4,1,3,5,7,16,1,2,0,7,3,1,0,3,0,0,0,0,2,0,2,0,0,0,16,1,0,0
0,0,3,2948,1,2,2,0,1,0,3,0,0,1,0,0,0,0,0,0,0,0,0,1,0,0,0,0,0,5,1,0,0
1,6,10,105,1,0,0,0,1,0,5,0,0,2,0,0,0,0,0,0,0,0,0,2,0,0,0,0,0,17,1,0,1
0,0,20,121,0,0,0,0,7,8,20,2,2,0,8,0,0,1,1,1,0,1,0,2,0,5,0,0,0,11,1,0,0
0,0,2,265,2,0,0,0,1,0,2,0,0,1,0,0,0,0,0,0,0,0,0,0,0,0,0,0,0,4,1,0,0
0,0,3,99,4,0,0,0,1,0,3,1,0,2,0,0,0,0,0,0,0,0,0,0,0,0,0,0,0,6,1,0,0
0,3,45,111,7,1,0,1,19,29,42,1,3,2,29,1,1,1,8,0,2,3,2,5,0,3,0,0,0,22,1,0,0
0,0,3,253,1,1,1,0,1,1,3,1,0,0,1,0,0,0,0,0,0,0,0,0,0,0,0,0,0,2,2,0,0
0,0,3,87,1,0,0,0,1,0,3,0,0,1,0,0,0,0,0,0,0,0,0,1,0,0,0,0,0,6,1,0,0
0,0,5,327,3,2,0,2,1,4,5,0,2,1,4,0,0,0,0,0,0,0,0,2,0,0,0,0,0,13,1,0,0
0,0,4,423,2,2,0,2,1,4,4,0,0,1,4,0,0,0,0,0,1,0,0,0,0,0,0,0,0,10,1,0,0
0,0,15,983,4,1,0,1,3,13,15,0,3,2,13,0,0,0,2,0,0,0,0,3,0,1,0,0,0,16,1,0,0
0,0,3,1069,2,1,0,1,1,1,3,0,0,2,1,0,0,0,0,0,0,0,0,0,0,0,0,0,0,8,1,0,0
0,0,6,893,2,2,0,2,1,3,6,0,0,1,3,0,0,0,0,0,0,0,0,0,0,0,0,0,0,6,1,0,0
0,0,3,1083,1,1,0,1,1,1,3,0,0,2,1,0,0,0,0,0,0,0,0,0,0,0,0,0,0,5,1,0,0
0,0,12,841,3,2,0,2,4,19,12,0,1,1,19,0,0,0,1,0,1,0,2,2,0,1,0,0,0,31,1,0,0
0,0,2,797,1,0,0,0,1,0,2,0,0,1,0,0,0,0,0,0,0,0,0,0,0,0,0,0,0,5,1,0,0
0,0,4,1169,1,0,0,0,1,4,4,0,1,0,4,0,0,0,0,0,0,0,0,1,0,0,0,0,0,9,1,0,0
0,0,3,1043,1,1,0,1,1,1,3,0,0,2,1,0,0,0,0,0,0,0,0,0,0,0,0,0,0,5,1,0,0
0,0,8,757,1,1,0,1,2,2,8,0,0,4,2,0,0,0,0,0,0,0,0,0,0,1,0,0,0,11,1,0,0
0,0,19,233,6,2,0,2,4,10,19,3,0,3,10,2,1,0,3,0,0,0,0,4,0,1,0,0,0,36,1,0,0
0,0,8,489,1,0,0,0,7,5,8,0,0,2,5,0,0,0,3,0,2,4,0,0,0,1,0,0,0,8,1,0,0
0,0,2,783,0,0,0,0,1,0,2,0,0,4,0,0,0,0,0,0,0,0,0,0,0,0,0,0,0,6,1,0,0
0,0,5,217,1,1,1,0,1,1,5,1,1,1,1,0,0,0,0,0,0,0,0,1,0,0,0,0,0,7,9,0,0
0,0,4,689,1,0,0,0,1,2,4,0,0,1,2,0,0,0,0,0,0,0,0,0,0,0,0,0,0,10,1,0,0
0,0,5,203,1,2,0,2,1,2,5,1,1,1,2,1,1,0,0,0,0,0,0,1,0,0,0,0,0,12,9,0,0
2,1,7,725,2,1,1,0,2,2,8,0,3,0,2,0,0,1,0,0,0,0,1,4,0,1,0,0,0,10,2,0,0
0,0,24,277,4,1,1,0,1,7,24,0,2,1,7,0,0,0,0,0,0,1,0,4,1,0,2,0,0,24,2,0,0
0,0,46,551,2,2,2,0,14,8,46,5,4,0,8,0,0,0,6,1,1,3,6,19,0,1,0,0,0,29,2,0,0
0,0,8,703,0,0,0,0,2,8,8,0,0,0,8,0,0,0,0,0,0,1,0,0,1,1,0,0,0,5,1,0,0
19,32,76,917,4,0,0,0,7,17,63,0,7,0,17,0,0,1,2,0,0,3,0,9,0,3,4,0,0,36,1,0,0
0,0,4,1185,0,0,0,0,1,3,4,0,0,0,3,0,0,0,0,0,0,0,0,0,0,0,0,0,0,4,1,0,0
0,0,11,1205,2,0,0,0,2,4,11,0,1,1,4,0,0,0,1,0,0,0,0,2,2,1,0,0,0,6,1,0,0
7,5,31,821,3,2,0,2,1,5,33,0,1,0,5,2,1,0,0,0,0,0,0,2,0,0,2,0,0,37,1,0,0
0,0,2,195,0,1,1,0,1,0,2,0,0,0,0,0,0,0,0,0,0,0,0,0,0,0,0,0,0,3,1,0,0
0,0,71,347,6,3,3,0,6,20,71,1,5,2,20,0,0,0,4,1,0,3,1,11,2,1,2,0,0,41,2,0,0
31,0,33,1103,5,1,1,0,6,15,20,0,2,1,15,0,0,0,4,0,0,0,3,2,0,1,0,0,0,16,2,0,0
0,0,5,301,3,2,0,2,1,3,5,0,2,1,3,0,0,0,0,0,0,0,0,2,0,0,0,0,0,15,1,0,0
7,0,22,77,5,0,0,0,3,14,29,2,6,3,14,0,0,0,1,1,0,5,1,9,0,1,0,0,0,29,1,0,0
0,0,3,1739,2,2,1,1,1,1,3,0,0,1,1,1,1,0,0,0,0,0,0,0,0,0,0,0,0,4,1,0,0
0,0,62,799,7,1,1,0,3,12,62,1,4,0,12,0,0,0,0,0,0,0,0,4,0,1,2,0,0,42,1,0,0
0,0,13,1197,5,1,1,0,2,12,13,0,3,1,12,0,0,0,0,0,0,0,0,3,0,1,0,0,0,16,1,0,0
0,0,3,1431,2,1,0,1,1,2,3,0,0,1,2,1,1,0,0,0,0,0,0,0,0,0,0,0,0,3,1,0,0
0,0,5,243,3,1,0,1,1,2,5,1,1,2,2,0,0,0,0,0,0,0,0,1,0,0,0,0,0,10,9,0,0
0,0,3,1001,0,0,0,0,1,1,3,0,0,0,1,0,0,0,0,0,0,0,0,0,0,0,0,0,0,1,1,0,0
0,0,7,257,2,1,0,1,1,2,7,1,2,1,2,0,0,0,0,0,0,0,0,2,0,0,0,0,0,9,9,0,0
0,0,3,1813,0,0,0,0,1,0,3,0,0,1,0,0,0,0,0,0,0,0,0,1,0,0,0,0,0,5,1,0,0
0,0,12,745,1,0,0,0,2,8,12,0,0,0,8,0,0,0,0,0,1,0,0,0,0,1,0,0,0,8,1,0,0
0,0,8,971,4,1,1,0,1,5,8,0,2,0,5,0,0,0,0,0,0,0,0,2,0,0,0,0,0,11,1,0,0
0,0,28,871,2,1,0,1,5,14,28,0,6,2,14,0,0,0,2,0,1,4,4,7,0,4,0,0,0,29,1,0,0
0,0,5,1789,2,2,2,0,1,4,5,0,1,3,4,0,0,0,0,0,0,0,0,1,0,0,0,0,0,12,1,0,0
0,0,64,1013,6,0,0,0,12,31,64,0,13,3,31,0,0,0,5,0,1,0,0,13,0,4,2,0,0,40,1,0,0
0,0,90,381,11,4,2,2,17,26,90,0,7,2,26,2,2,0,8,0,3,0,3,17,0,2,4,0,0,52,2,0,0
0,0,3,583,2,3,0,3,1,1,3,0,0,1,1,0,0,0,0,0,0,0,0,0,0,0,0,0,0,5,1,0,0
0,0,3,625,2,3,0,3,1,1,3,0,0,1,1,0,0,0,0,0,0,0,0,0,0,0,0,0,0,5,1,0,0
0,0,3,719,2,3,0,3,1,1,3,0,0,1,1,0,0,0,0,0,0,0,0,0,0,0,0,0,0,5,1,0,0
0,0,8,845,5,1,0,1,1,5,8,0,2,2,5,0,0,0,0,0,0,0,0,2,0,0,0,0,0,14,1,0,0
0,0,4,1057,2,1,0,1,1,2,4,0,0,2,2,0,0,0,0,0,0,0,0,0,0,0,0,0,0,8,1,0,0
0,0,3,991,0,0,0,0,1,2,3,0,0,0,2,0,0,0,0,0,0,0,0,0,0,0,0,0,0,3,1,0,0
0,0,3,1441,1,0,0,0,1,0,3,1,0,0,0,0,0,0,0,0,0,0,0,0,0,0,0,0,0,4,1,0,0
0,0,5,1765,2,2,2,0,1,4,5,0,1,3,4,0,0,0,0,0,0,0,0,1,0,0,0,0,0,12,1,0,0
0,0,4,369,3,2,1,1,1,3,4,0,1,1,3,1,3,0,0,0,0,0,0,1,0,0,0,0,0,8,2,0,0
0,0,3,1279,2,1,0,1,1,3,3,0,0,0,3,1,1,0,0,0,0,0,0,0,0,0,0,0,0,6,1,0,0
0,0,3,1233,0,0,0,0,1,2,3,0,0,0,2,0,0,0,0,0,0,0,0,0,0,0,0,0,0,3,1,0,0
0,0,5,779,1,0,0,0,1,4,5,0,0,0,4,0,0,0,0,0,1,0,0,0,0,0,0,0,0,6,1,0,0
0,0,6,1533,1,0,0,0,2,2,6,0,0,1,2,0,0,0,1,0,0,0,0,0,0,1,0,0,0,9,1,0,0
0,0,3,495,2,3,0,3,1,1,3,0,0,1,1,0,0,0,0,0,0,0,0,0,0,0,0,0,0,5,1,0,0
0,0,3,1779,2,2,1,1,1,1,3,0,0,1,1,1,1,0,0,0,0,0,0,0,0,0,0,0,0,4,1,0,0
0,0,9,1073,3,1,0,1,2,10,9,0,2,2,10,0,0,0,0,0,0,0,0,2,0,1,0,0,0,11,1,0,0
0,0,5,1711,2,1,1,0,1,4,5,0,1,3,4,0,0,0,0,0,0,0,0,1,0,0,0,0,0,12,1,0,0
0,0,5,1725,2,2,2,0,1,4,5,0,1,3,4,0,0,0,0,0,0,0,0,1,0,0,0,0,0,12,1,0,0
1,0,5,353,1,1,0,1,1,5,6,0,0,0,5,1,4,0,0,0,0,0,0,0,0,0,0,0,0,5,1,0,0
0,0,6,1625,1,1,1,0,1,4,6,1,1,3,4,0,0,0,0,0,0,0,0,1,0,0,0,0,0,8,2,0,0
0,0,22,1643,2,5,0,5,7,7,22,0,0,1,7,5,5,0,0,0,0,0,5,5,0,1,0,0,0,14,1,0,0
0,0,2,1515,2,0,0,0,1,0,2,0,0,1,0,0,0,0,0,0,0,0,0,0,0,0,0,0,0,4,1,0,0
0,0,14,1477,6,0,0,0,3,9,14,0,1,2,9,0,0,0,0,0,2,0,0,3,0,1,0,0,0,15,1,0,0
0,0,3,531,1,3,0,3,1,5,3,0,0,1,5,0,0,0,0,0,0,0,0,0,0,0,0,0,0,4,1,0,0
0,0,23,1571,1,2,1,1,7,6,23,2,1,0,6,1,1,0,3,0,1,0,2,1,1,2,0,0,0,10,2,0,0
0,0,6,1253,4,1,1,0,1,6,6,0,1,1,6,0,0,0,0,0,1,0,0,1,0,0,0,0,0,12,1,0,0
0,0,3,1269,1,1,0,1,1,3,3,0,0,0,3,1,1,0,0,0,0,0,0,0,0,0,0,0,0,5,1,0,0
0,0,2,231,0,2,2,0,1,0,2,0,0,0,0,0,0,0,0,0,0,0,0,0,0,0,0,0,0,2,1,0,0
0,0,3,1803,2,2,1,1,1,1,3,0,0,1,1,1,1,0,0,0,0,0,0,0,0,0,0,0,0,4,1,0,0
0,0,23,291,7,1,0,1,6,12,23,2,1,3,12,1,3,0,5,0,0,0,0,6,0,1,0,0,0,43,1,0,0
0,0,29,665,4,1,1,0,5,10,29,1,1,4,10,0,0,0,1,0,1,0,0,2,0,3,1,0,0,29,2,0,1
0,0,4,277,1,0,0,0,1,3,4,0,0,1,3,0,0,0,0,0,0,0,0,1,0,0,0,0,0,10,1,0,0
0,0,3,1243,0,0,0,0,1,2,3,0,0,0,2,0,0,0,0,0,0,0,0,0,0,0,0,0,0,3,1,0,0
0,0,5,1459,4,0,0,0,1,4,5,1,0,2,4,0,0,0,0,0,0,0,0,0,0,0,0,0,0,19,1,0,0
0,0,3,1701,2,2,1,1,1,1,3,0,0,1,1,1,1,0,0,0,0,0,0,0,0,0,0,0,0,4,1,0,0
0,0,3,1289,1,1,0,1,1,3,3,0,0,0,3,1,1,0,0,0,0,0,0,0,0,0,0,0,0,5,1,0,0
0,0,6,1749,2,1,1,0,1,4,6,0,2,1,4,0,0,0,0,0,0,0,0,2,0,0,0,0,0,12,1,0,0
0,0,41,1307,7,1,1,0,10,14,41,1,1,4,14,0,0,0,1,0,3,0,1,7,7,2,0,0,0,11,9,0,0
0,0,2,1515,2,0,0,0,1,0,2,0,0,1,0,0,0,0,0,0,0,0,0,0,0,0,0,0,0,4,1,0,0
0,0,5,1459,4,0,0,0,1,4,5,1,0,2,4,0,0,0,0,0,0,0,0,0,0,0,0,0,0,19,1,0,0
0,0,3,1701,2,2,1,1,1,1,3,0,0,1,1,1,1,0,0,0,0,0,0,0,0,0,0,0,0,4,1,0,0
0,0,3,1289,1,1,0,1,1,3,3,0,0,0,3,1,1,0,0,0,0,0,0,0,0,0,0,0,0,5,1,0,0
0,0,6,1749,2,1,1,0,1,4,6,0,2,1,4,0,0,0,0,0,0,0,0,2,0,0,0,0,0,12,1,0,0
0,0,23,1571,1,2,1,1,7,6,23,2,1,0,6,1,1,0,3,0,1,0,2,1,1,2,0,0,0,10,2,0,0
0,0,6,1253,4,1,1,0,1,6,6,0,1,1,6,0,0,0,0,0,1,0,0,1,0,0,0,0,0,12,1,0,0
1,1,14,1477,6,0,0,0,4,9,14,0,1,2,9,0,0,0,1,0,2,0,0,3,0,1,0,0,0,16,1,0,0
0,0,22,1643,2,5,0,5,7,7,22,0,0,1,7,5,5,0,0,0,0,0,5,5,0,1,0,0,0,14,1,0,0
0,0,5,779,1,0,0,0,1,4,5,0,0,0,4,0,0,0,0,0,1,0,0,0,0,0,0,0,0,6,1,0,0
0,0,6,353,1,1,0,1,1,5,6,0,0,0,5,1,4,0,0,0,0,0,0,0,0,0,0,0,0,5,1,0,0
0,0,5,1725,2,2,2,0,1,4,5,0,1,3,4,0,0,0,0,0,0,0,0,1,0,0,0,0,0,12,1,0,0
0,0,5,1711,2,1,1,0,1,4,5,0,1,3,4,0,0,0,0,0,0,0,0,1,0,0,0,0,0,12,1,0,0
0,0,3,1779,2,2,1,1,1,1,3,0,0,1,1,1,1,0,0,0,0,0,0,0,0,0,0,0,0,4,1,0,0
0,0,4,369,3,2,1,1,1,3,4,0,1,1,3,1,3,0,0,0,0,0,0,1,0,0,0,0,0,8,2,0,0
0,0,6,1533,1,0,0,0,2,2,6,0,0,1,2,0,0,0,1,0,0,0,0,0,0,1,0,0,0,9,1,0,0
0,0,3,531,1,3,0,3,1,5,3,0,0,1,5,0,0,0,0,0,0,0,0,0,0,0,0,0,0,4,1,0,0
0,0,3,495,2,3,0,3,1,1,3,0,0,1,1,0,0,0,0,0,0,0,0,0,0,0,0,0,0,5,1,0,0
0,0,9,1073,3,1,0,1,2,10,9,0,2,2,10,0,0,0,0,0,0,0,0,2,0,1,0,0,0,11,1,0,0
0,0,41,1307,7,1,1,0,10,14,41,1,1,4,14,0,0,0,1,0,3,0,1,7,7,2,0,0,0,11,9,0,0
0,0,6,1625,1,1,1,0,1,4,6,1,1,3,4,0,0,0,0,0,0,0,0,1,0,0,0,0,0,8,2,0,0
0,0,29,665,4,1,1,0,5,10,29,1,1,4,10,0,0,0,1,0,1,0,0,2,0,3,1,0,0,29,2,0,1
0,0,3,1243,0,0,0,0,1,2,3,0,0,0,2,0,0,0,0,0,0,0,0,0,0,0,0,0,0,3,1,0,0
0,0,3,1803,2,2,1,1,1,1,3,0,0,1,1,1,1,0,0,0,0,0,0,0,0,0,0,0,0,4,1,0,0
0,0,4,1057,2,1,0,1,1,2,4,0,0,2,2,0,0,0,0,0,0,0,0,0,0,0,0,0,0,8,1,0,0
0,0,8,845,5,1,0,1,1,5,8,0,2,2,5,0,0,0,0,0,0,0,0,2,0,0,0,0,0,14,1,0,0
0,0,3,719,2,3,0,3,1,1,3,0,0,1,1,0,0,0,0,0,0,0,0,0,0,0,0,0,0,5,1,0,0
0,0,3,625,2,3,0,3,1,1,3,0,0,1,1,0,0,0,0,0,0,0,0,0,0,0,0,0,0,5,1,0,0
0,0,3,583,2,3,0,3,1,1,3,0,0,1,1,0,0,0,0,0,0,0,0,0,0,0,0,0,0,5,1,0,0
0,0,23,291,7,1,0,1,6,12,23,2,1,3,12,1,3,0,5,0,0,0,0,6,0,1,0,0,0,43,1,0,0
0,0,90,381,11,4,2,2,17,26,90,0,7,2,26,2,2,0,8,0,3,0,3,17,0,2,4,0,0,52,2,0,0
0,0,64,1013,6,0,0,0,12,31,64,0,13,3,31,0,0,0,5,0,1,0,0,13,0,4,2,0,0,40,1,0,0
0,0,5,1789,2,2,2,0,1,4,5,0,1,3,4,0,0,0,0,0,0,0,0,1,0,0,0,0,0,12,1,0,0
0,0,3,1441,1,0,0,0,1,0,3,1,0,0,0,0,0,0,0,0,0,0,0,0,0,0,0,0,0,4,1,0,0
0,0,8,971,4,1,1,0,1,5,8,0,2,0,5,0,0,0,0,0,0,0,0,2,0,0,0,0,0,11,1,0,0
0,0,7,257,2,1,0,1,1,2,7,1,2,1,2,0,0,0,0,0,0,0,0,2,0,0,0,0,0,9,9,0,0
0,0,3,1739,2,2,1,1,1,1,3,0,0,1,1,1,1,0,0,0,0,0,0,0,0,0,0,0,0,4,1,0,0
0,0,28,871,2,1,0,1,5,14,28,0,6,2,14,0,0,0,2,0,1,4,4,7,0,4,0,0,0,29,1,0,0
0,0,13,1197,5,1,1,0,2,12,13,0,3,1,12,0,0,0,0,0,0,0,0,3,0,1,0,0,0,16,1,0,0
0,0,62,799,7,1,1,0,3,12,62,1,4,0,12,0,0,0,0,0,0,0,0,4,0,1,2,0,0,42,1,0,0
0,0,5,1765,2,2,2,0,1,4,5,0,1,3,4,0,0,0,0,0,0,0,0,1,0,0,0,0,0,12,1,0,0
0,0,3,1279,2,1,0,1,1,3,3,0,0,0,3,1,1,0,0,0,0,0,0,0,0,0,0,0,0,6,1,0,0
0,0,2,231,0,2,2,0,1,0,2,0,0,0,0,0,0,0,0,0,0,0,0,0,0,0,0,0,0,2,1,0,0
0,0,3,1269,1,1,0,1,1,3,3,0,0,0,3,1,1,0,0,0,0,0,0,0,0,0,0,0,0,5,1,0,0
0,0,4,277,1,0,0,0,1,3,4,0,0,1,3,0,0,0,0,0,0,0,0,1,0,0,0,0,0,10,1,0,0
0,0,3,1233,0,0,0,0,1,2,3,0,0,0,2,0,0,0,0,0,0,0,0,0,0,0,0,0,0,3,1,0,0
0,0,3,1813,0,0,0,0,1,0,3,0,0,1,0,0,0,0,0,0,0,0,0,1,0,0,0,0,0,5,1,0,0
0,0,5,243,3,1,0,1,1,2,5,1,1,2,2,0,0,0,0,0,0,0,0,1,0,0,0,0,0,10,9,0,0
0,0,3,1001,0,0,0,0,1,1,3,0,0,0,1,0,0,0,0,0,0,0,0,0,0,0,0,0,0,1,1,0,0
0,0,12,745,1,0,0,0,2,8,12,0,0,0,8,0,0,0,0,0,1,0,0,0,0,1,0,0,0,8,1,0,0
0,0,3,1431,2,1,0,1,1,2,3,0,0,1,2,1,1,0,0,0,0,0,0,0,0,0,0,0,0,3,1,0,0
0,0,3,991,0,0,0,0,1,2,3,0,0,0,2,0,0,0,0,0,0,0,0,0,0,0,0,0,0,3,1,0,0
0,0,7,313,1,2,2,0,3,3,7,2,1,1,3,0,0,0,1,0,0,0,0,1,0,1,0,0,0,9,1,0,0
0,0,3,437,3,1,0,1,1,2,3,0,0,4,2,1,3,0,0,0,0,0,0,0,0,0,0,0,0,5,1,0,0
0,0,31,645,5,3,1,2,2,10,31,1,6,4,10,2,1,0,0,1,0,3,2,16,1,1,0,0,0,30,9,0,0
0,0,29,563,3,1,0,1,2,6,29,1,5,3,6,1,1,0,0,1,0,0,0,15,0,1,0,0,0,23,9,0,0
1,1,3,327,2,2,1,1,1,1,3,1,0,1,1,1,3,0,0,0,0,0,0,0,0,0,0,0,0,6,1,0,0
1,1,9,249,2,2,1,1,4,3,9,1,1,2,3,1,1,0,3,0,0,0,0,1,0,1,0,0,0,13,1,0,0
0,0,3,447,2,1,0,1,1,1,3,0,0,3,1,1,3,0,0,0,0,0,0,0,0,0,0,0,0,5,1,0,0
12,4,15,457,5,9,5,4,7,9,23,0,5,5,9,2,2,0,5,0,0,1,0,6,1,2,0,0,0,23,2,0,0
12,4,3,407,3,1,0,1,1,2,3,0,0,3,2,1,3,0,0,0,0,0,0,0,0,0,0,0,0,15,1,0,1
4,4,3,1037,1,1,1,0,1,1,3,1,0,2,1,0,0,0,0,0,0,0,0,0,0,0,0,0,0,9,9,0,0
0,0,22,727,3,2,2,0,3,4,22,3,2,2,4,0,0,0,1,1,0,0,0,7,0,1,0,0,0,14,9,0,0
1,1,16,271,2,1,1,0,6,10,16,1,2,2,10,0,0,0,3,1,0,0,1,2,0,2,0,0,0,16,1,0,0
0,0,23,175,5,0,0,0,2,10,23,0,3,2,10,0,0,0,0,1,2,0,7,9,2,1,1,0,0,26,1,0,0
1,0,9,1239,4,3,2,1,3,2,10,2,2,1,2,0,0,0,1,0,0,0,0,2,0,2,0,0,0,11,10,0,0
4,3,12,1199,3,2,1,1,4,3,13,2,2,2,3,1,1,0,2,0,0,0,0,2,0,2,0,0,0,16,9,0,0
12,4,3,417,2,1,0,1,1,1,3,0,0,3,1,1,3,0,0,0,0,0,0,0,0,0,0,0,0,4,1,0,0
1,1,11,525,1,2,2,0,4,1,11,1,5,3,1,0,0,0,0,0,0,0,1,6,2,1,0,0,0,11,9,0,0
4,0,3,1073,3,1,1,0,1,1,7,0,0,4,1,0,0,0,0,0,0,0,0,5,0,0,0,0,0,12,1,0,0
0,0,23,1091,5,1,0,1,10,12,23,0,4,0,12,0,0,0,9,0,2,0,0,6,0,3,0,0,0,15,1,0,0
0,0,3,211,1,0,0,0,1,2,3,1,0,2,2,0,0,0,0,0,0,0,0,0,1,0,0,0,0,3,4,0,0
1,1,4,1175,3,1,1,0,1,0,4,0,0,3,0,0,0,0,0,0,0,0,0,1,0,0,0,0,0,8,1,0,0
0,0,9,853,0,1,1,0,3,0,9,3,0,0,0,0,0,0,2,0,0,0,0,0,0,1,0,0,0,6,2,0,0
0,0,61,877,8,7,0,7,20,16,61,4,4,0,16,1,1,0,12,2,3,1,0,14,1,4,0,0,0,40,1,0,0
17,0,10,817,2,1,1,0,3,0,11,0,0,5,0,0,0,0,2,0,0,0,0,5,0,1,0,0,0,20,1,0,0
17,0,2,807,2,0,0,0,1,0,3,0,0,4,0,0,0,0,0,0,0,0,0,0,0,0,0,0,0,5,1,0,0
12,4,3,427,2,1,0,1,1,1,3,0,0,3,1,1,3,0,0,0,0,0,0,0,0,0,0,0,0,6,1,0,0
0,1,4,1187,1,1,1,0,1,1,3,1,0,0,1,0,0,0,0,0,0,0,0,0,0,0,0,0,0,5,1,0,0
1,1,22,337,3,4,2,2,6,8,22,4,2,2,8,2,2,0,3,1,0,0,1,3,0,3,0,0,0,18,1,0,0
0,0,2,79,0,0,0,0,1,0,2,0,0,0,0,0,0,0,0,0,0,0,0,0,0,0,0,0,0,3,2,0,0
23,1,27,87,7,1,0,1,17,9,49,5,6,3,9,1,1,0,5,0,7,5,2,7,1,3,0,0,0,24,9,0,0
0,0,10,219,1,1,1,0,2,5,10,0,0,2,5,0,0,0,0,0,0,0,0,0,0,1,0,0,0,6,10,0,0
0,0,8,503,0,1,1,0,2,0,8,0,0,2,0,0,0,0,0,0,0,0,0,2,0,1,0,0,0,5,2,0,0
0,0,29,267,8,0,0,0,3,9,29,1,4,3,9,0,0,1,1,0,0,0,1,12,0,1,0,0,0,34,1,0,0
0,0,8,879,0,4,4,0,1,2,8,0,0,0,2,0,0,0,0,0,0,4,0,1,0,0,0,0,0,5,2,0,0
0,0,7,211,2,1,0,1,1,2,7,1,2,0,2,0,0,0,0,0,0,0,0,2,0,0,0,0,0,8,9,0,0
2,2,15,793,3,3,3,0,3,9,15,1,5,0,9,0,0,0,0,0,0,0,4,5,1,1,0,0,0,16,2,0,0
0,0,15,835,0,3,3,0,5,1,15,1,2,1,1,0,0,1,2,0,0,1,2,4,0,2,0,0,0,10,2,0,0
0,0,21,669,3,4,1,3,3,16,21,0,2,0,16,3,1,0,1,0,1,1,0,2,0,2,0,0,0,34,2,0,0
0,0,13,759,1,5,2,3,2,7,13,2,1,0,7,3,1,0,0,0,0,1,0,1,0,1,0,0,0,12,2,0,0
0,0,6,989,1,1,1,0,3,4,6,0,0,1,4,0,0,0,1,0,0,0,1,1,0,1,0,0,0,6,2,0,0
0,0,26,603,3,3,1,2,5,14,26,0,1,0,14,2,1,0,2,0,1,0,0,3,0,2,0,0,0,30,2,0,0
0,0,17,949,1,1,1,0,5,2,17,0,0,1,2,0,0,0,0,0,0,0,0,0,0,1,0,0,0,3,2,0,0
0,0,15,1009,2,0,0,0,3,10,15,0,1,0,10,0,0,0,1,0,0,0,1,1,0,1,0,0,0,11,1,0,0
0,0,7,193,2,1,0,1,1,2,7,1,2,0,2,0,0,0,0,0,0,0,0,2,0,0,0,0,0,8,9,0,0
0,0,14,723,1,4,1,3,2,5,14,0,0,0,5,3,2,0,0,0,0,0,0,1,0,1,0,0,0,9,2,0,0
0,0,7,229,2,1,0,1,1,2,7,1,2,0,2,0,0,0,0,0,0,0,0,2,0,0,0,0,0,8,9,0,0
0,0,7,247,2,1,0,1,1,2,7,1,2,0,2,0,0,0,0,0,0,0,0,2,0,0,0,0,0,9,9,0,0
0,0,64,361,2,3,0,3,16,6,64,1,1,1,6,0,0,0,0,0,0,1,15,14,0,1,0,0,0,14,1,0,0
0,0,18,905,2,1,0,1,5,2,18,0,0,2,2,0,0,0,0,0,0,0,0,0,0,1,0,0,0,10,1,0,0
0,0,6,1057,1,0,0,0,2,4,6,0,0,1,4,0,0,0,1,0,0,0,0,0,0,1,0,0,0,7,1,0,0
1,1,32,527,2,5,1,4,7,14,32,0,2,0,14,4,5,0,0,0,0,0,1,3,0,2,0,0,0,29,2,0,0
0,0,3,437,3,1,0,1,1,2,3,0,0,1,2,1,1,0,0,0,1,0,0,0,0,0,0,0,0,10,1,0,0
0,0,3,485,0,0,0,0,1,0,3,0,0,1,0,0,0,0,0,0,0,0,0,1,0,0,0,0,0,4,1,0,0
0,0,3,465,1,1,1,0,1,1,3,1,0,0,1,0,0,0,0,0,0,0,0,0,0,0,0,0,0,3,1,0,0
4,1,3,207,0,0,0,0,2,3,6,0,0,0,3,0,0,0,0,0,0,0,0,0,0,1,0,0,0,2,4,0,0
0,0,3,455,1,2,2,0,1,2,3,1,0,1,2,0,0,0,0,0,0,0,0,0,0,0,0,0,0,4,1,0,0
0,0,3,427,1,0,0,0,1,1,3,0,0,1,1,0,0,0,0,0,0,0,0,0,0,0,0,0,0,5,1,0,0
0,0,9,143,3,0,0,0,1,8,9,0,1,1,8,0,0,0,0,0,0,0,0,1,0,0,0,0,0,25,1,0,1
0,0,3,475,0,0,0,0,1,0,3,0,0,1,0,0,0,0,0,0,0,0,0,1,0,0,0,0,0,5,1,0,0
0,0,48,227,8,3,0,3,16,23,48,3,3,1,23,3,1,0,7,1,3,0,0,5,0,3,0,0,0,31,4,0,0
0,0,5,403,2,0,0,0,1,5,5,0,1,1,5,0,0,0,0,0,0,0,0,1,0,0,0,0,0,7,1,0,0
0,0,6,171,1,0,0,0,3,2,6,0,0,3,2,0,0,0,2,0,0,0,0,0,0,1,0,0,0,19,4,0,0
0,0,5,387,2,1,1,0,1,5,5,0,1,1,5,0,0,0,0,0,0,0,0,1,0,0,0,0,0,7,1,0,0
0,0,4,193,0,0,0,0,1,2,4,0,0,0,2,0,0,0,0,0,0,0,0,0,0,0,0,0,0,2,4,0,0
2,1,30,185,2,0,0,0,6,11,31,1,9,2,11,0,0,1,3,1,1,2,5,14,1,3,0,0,0,25,9,0,0
41,40,2,727,2,1,0,1,1,1,3,1,0,3,1,1,1,0,0,0,0,0,0,0,0,0,0,0,0,4,9,0,0
2,2,9,319,0,1,0,1,1,1,9,0,0,5,1,0,0,0,0,0,0,0,0,0,0,0,1,0,0,9,9,0,0
0,0,4,329,1,1,0,1,1,2,4,0,0,0,2,0,0,0,0,0,0,0,0,0,0,0,0,0,0,6,1,0,0
5,5,7,279,0,1,1,0,1,2,7,1,3,2,2,0,0,0,0,0,0,0,0,3,0,0,0,0,0,10,9,0,0
44,41,66,491,2,2,1,1,23,23,69,2,12,4,23,1,0,4,3,1,0,13,4,18,8,7,0,0,0,45,9,0,0
10,0,6,111,0,0,0,0,2,3,6,2,2,1,3,0,0,0,0,0,0,0,0,2,1,1,0,0,0,21,9,0,0
2,2,3,345,1,1,0,1,1,1,3,1,0,4,1,1,2,0,0,0,0,1,0,0,0,0,0,0,0,6,9,0,0
0,0,8,161,0,1,1,0,2,2,8,1,1,2,2,0,0,0,0,0,0,0,0,2,0,1,0,0,0,7,9,0,0
13,0,8,133,0,0,0,0,3,6,8,2,2,1,6,0,0,0,0,0,0,1,1,2,1,2,0,0,0,15,9,0,0
44,41,0,479,2,1,0,1,1,1,3,1,0,3,1,1,1,0,0,0,0,0,0,0,0,0,0,0,0,5,9,0,0
23,22,35,357,1,6,3,3,13,17,36,2,6,5,17,3,1,1,1,1,0,6,2,10,3,5,0,0,0,25,9,0,0
41,40,67,739,2,4,3,1,23,22,68,2,12,4,22,1,0,4,3,1,0,13,3,18,8,7,0,0,0,42,9,0,0
2,2,4,305,0,0,0,0,2,1,4,1,1,1,1,0,0,0,1,0,1,0,1,1,0,0,0,0,0,7,9,0,0
0,0,5,155,2,0,0,0,1,0,5,0,0,3,0,0,0,0,0,0,0,0,0,2,0,0,0,0,0,6,1,0,0
0,0,3,491,1,0,0,0,1,0,3,1,0,0,0,0,0,0,0,0,0,0,0,0,0,0,0,0,0,4,1,0,0
0,0,16,435,1,1,1,0,4,1,16,1,2,1,1,0,0,1,1,1,0,2,0,3,0,2,0,0,0,19,2,0,0
0,5,32,185,3,4,0,4,5,13,27,1,4,0,13,4,1,0,1,2,0,0,0,7,0,3,0,0,0,23,1,0,0
0,0,11,285,3,1,1,0,3,5,11,1,1,1,5,0,0,0,1,0,0,3,0,2,1,1,0,0,0,19,2,0,0
0,0,3,481,1,0,0,0,1,0,3,1,0,0,0,0,0,0,0,0,0,0,0,0,0,0,0,0,0,4,1,0,0
0,0,3,501,1,0,0,0,1,0,3,1,0,0,0,0,0,0,0,0,0,0,0,0,0,0,0,0,0,3,1,0,0
0,0,32,349,2,1,1,0,9,11,32,0,4,1,11,0,0,2,1,0,0,1,4,11,1,3,0,0,0,32,2,0,0
0,0,14,309,2,1,1,0,3,10,14,0,2,1,10,0,0,0,1,0,0,1,0,4,1,1,0,0,0,23,2,0,0
0,0,5,169,2,0,0,0,1,0,5,0,0,3,0,0,0,0,0,0,0,0,0,2,0,0,0,0,0,7,1,0,0
0,0,20,169,6,0,0,0,3,8,20,1,2,2,8,0,0,0,2,0,0,0,0,6,0,1,1,0,0,28,1,0,0
0,0,5,137,2,0,0,0,1,1,5,0,0,2,1,0,0,0,0,0,0,0,0,3,0,0,0,0,0,7,1,0,0
0,0,6,151,3,0,0,0,1,1,6,0,0,3,1,0,0,0,0,0,0,0,0,4,0,0,0,0,0,8,1,0,0
0,0,3,521,1,0,0,0,1,1,3,1,0,1,1,0,0,0,0,0,0,0,0,0,0,0,0,0,0,6,9,0,0
1,1,62,233,8,2,0,2,12,30,62,2,7,2,30,2,2,0,3,0,1,0,1,7,0,3,0,0,0,29,1,0,0
0,0,23,423,7,2,1,1,8,22,23,2,2,1,22,1,1,0,1,0,3,0,2,2,0,2,0,0,0,18,2,0,0
0,0,5,407,2,0,0,0,2,1,5,0,0,1,1,0,0,0,1,0,0,0,0,0,0,1,0,0,0,8,1,0,0
0,0,3,511,0,0,0,0,1,0,3,1,0,0,0,0,0,0,0,0,0,0,0,0,0,0,0,0,0,6,1,0,0
0,0,3,203,1,0,0,0,1,2,3,0,0,1,2,0,0,0,0,0,0,0,0,0,0,0,0,0,0,6,1,0,0
0,0,9,491,2,2,2,0,3,0,9,3,0,0,0,0,0,0,0,0,0,1,0,0,0,1,0,0,0,18,2,0,1
1,1,5,77,2,2,1,1,2,4,5,0,0,3,4,1,1,0,1,0,0,0,0,0,0,1,0,0,0,5,9,0,0
0,0,16,269,3,0,0,0,4,8,16,0,3,2,8,0,0,0,1,1,0,0,0,3,0,2,0,0,0,10,9,0,0
0,0,10,241,3,0,0,0,4,6,10,0,1,3,6,0,0,0,1,0,0,0,0,1,0,2,0,0,0,9,9,0,0
1,0,2,393,2,2,1,1,1,2,3,0,0,4,2,1,2,0,0,0,0,0,0,0,0,0,0,0,0,6,9,0,0
0,0,24,315,3,0,0,0,9,9,24,0,3,2,9,0,0,0,1,1,0,0,0,3,0,3,0,0,0,10,9,0,0
1,0,2,403,3,2,1,1,1,1,3,0,0,5,1,1,2,0,0,0,0,0,0,0,0,0,0,0,0,5,9,0,0
0,0,9,195,3,0,0,0,3,7,9,0,2,2,7,0,0,0,1,0,0,0,0,2,0,1,0,0,0,8,9,0,0
0,0,2,69,0,0,0,0,1,0,2,0,0,0,0,0,0,0,0,0,0,0,0,0,0,0,0,0,0,2,2,0,0
1,0,29,415,4,2,1,1,12,11,30,0,2,6,11,1,2,0,1,1,0,0,0,2,0,3,0,0,0,15,9,0,0
0,0,11,165,3,0,0,0,4,6,11,0,2,2,6,0,0,1,1,0,0,0,0,2,0,2,0,0,0,9,9,0,0
0,0,8,219,3,0,0,0,3,6,8,0,1,2,6,0,0,0,1,0,0,0,0,1,0,1,0,0,0,7,9,0,0
1,1,21,93,4,2,1,1,8,8,21,0,1,4,8,1,1,0,2,0,0,0,0,1,0,3,0,0,0,9,9,0,0
0,0,5,99,3,0,0,0,2,2,5,0,0,1,2,0,0,0,0,0,0,0,0,0,0,1,0,0,0,6,9,0,0
0,0,4,117,0,0,0,0,1,2,4,0,0,0,2,0,0,0,0,0,0,0,0,0,0,0,0,0,0,17,1,0,0
0,0,6,79,2,0,0,0,1,5,6,0,1,1,5,0,0,0,0,0,0,0,0,1,0,0,0,0,0,20,1,0,1
0,0,7,257,2,1,0,1,1,2,7,1,2,1,2,0,0,0,0,0,0,0,0,2,0,0,0,0,0,9,9,0,0
0,0,3,1739,2,2,1,1,1,1,3,0,0,1,1,1,1,0,0,0,0,0,0,0,0,0,0,0,0,4,1,0,0
0,0,62,799,7,1,1,0,3,12,62,1,4,0,12,0,0,0,0,0,0,0,0,4,0,1,2,0,0,42,1,0,0
0,0,12,745,1,0,0,0,2,8,12,0,0,0,8,0,0,0,0,0,1,0,0,0,0,1,0,0,0,8,1,0,0
0,0,3,1431,2,1,0,1,1,2,3,0,0,1,2,1,1,0,0,0,0,0,0,0,0,0,0,0,0,3,1,0,0
0,0,8,971,4,1,1,0,1,5,8,0,2,0,5,0,0,0,0,0,0,0,0,2,0,0,0,0,0,11,1,0,0
0,0,3,1001,0,0,0,0,1,1,3,0,0,0,1,0,0,0,0,0,0,0,0,0,0,0,0,0,0,1,1,0,0
0,0,5,243,3,1,0,1,1,2,5,1,1,2,2,0,0,0,0,0,0,0,0,1,0,0,0,0,0,10,9,0,0
0,0,13,1197,5,1,1,0,2,12,13,0,3,1,12,0,0,0,0,0,0,0,0,3,0,1,0,0,0,16,1,0,0
0,0,3,1441,1,0,0,0,1,0,3,1,0,0,0,0,0,0,0,0,0,0,0,0,0,0,0,0,0,4,1,0,0
0,0,3,1269,1,1,0,1,1,3,3,0,0,0,3,1,1,0,0,0,0,0,0,0,0,0,0,0,0,5,1,0,0
0,0,64,1013,6,0,0,0,12,31,64,0,13,3,31,0,0,0,5,0,1,0,0,13,0,4,2,0,0,40,1,0,0
0,0,90,381,11,4,2,2,17,26,90,0,7,2,26,2,2,0,8,0,3,0,3,17,0,2,4,0,0,52,2,0,0
0,0,3,583,2,3,0,3,1,1,3,0,0,1,1,0,0,0,0,0,0,0,0,0,0,0,0,0,0,5,1,0,0
0,0,3,1813,0,0,0,0,1,0,3,0,0,1,0,0,0,0,0,0,0,0,0,1,0,0,0,0,0,5,1,0,0
0,0,2,231,0,2,2,0,1,0,2,0,0,0,0,0,0,0,0,0,0,0,0,0,0,0,0,0,0,2,1,0,0
0,0,3,1279,2,1,0,1,1,3,3,0,0,0,3,1,1,0,0,0,0,0,0,0,0,0,0,0,0,6,1,0,0
0,0,3,1233,0,0,0,0,1,2,3,0,0,0,2,0,0,0,0,0,0,0,0,0,0,0,0,0,0,3,1,0,0
0,0,5,1765,2,2,2,0,1,4,5,0,1,3,4,0,0,0,0,0,0,0,0,1,0,0,0,0,0,12,1,0,0
0,0,3,625,2,3,0,3,1,1,3,0,0,1,1,0,0,0,0,0,0,0,0,0,0,0,0,0,0,5,1,0,0
0,0,3,991,0,0,0,0,1,2,3,0,0,0,2,0,0,0,0,0,0,0,0,0,0,0,0,0,0,3,1,0,0
0,0,8,845,5,1,0,1,1,5,8,0,2,2,5,0,0,0,0,0,0,0,0,2,0,0,0,0,0,14,1,0,0
0,0,5,1789,2,2,2,0,1,4,5,0,1,3,4,0,0,0,0,0,0,0,0,1,0,0,0,0,0,12,1,0,0
0,0,4,277,1,0,0,0,1,3,4,0,0,1,3,0,0,0,0,0,0,0,0,1,0,0,0,0,0,10,1,0,0
0,0,5,1459,4,0,0,0,1,4,5,1,0,2,4,0,0,0,0,0,0,0,0,0,0,0,0,0,0,19,1,0,0
0,0,23,291,7,1,0,1,6,12,23,2,1,3,12,1,3,0,5,0,0,0,0,6,0,1,0,0,0,43,1,0,0
0,0,28,871,2,1,0,1,5,14,28,0,6,2,14,0,0,0,2,0,1,4,4,7,0,4,0,0,0,29,1,0,0
0,0,9,1073,3,1,0,1,2,10,9,0,2,2,10,0,0,0,0,0,0,0,0,2,0,1,0,0,0,11,1,0,0
0,0,3,495,2,3,0,3,1,1,3,0,0,1,1,0,0,0,0,0,0,0,0,0,0,0,0,0,0,5,1,0,0
0,0,3,531,1,3,0,3,1,5,3,0,0,1,5,0,0,0,0,0,0,0,0,0,0,0,0,0,0,4,1,0,0
0,0,6,1533,1,0,0,0,2,2,6,0,0,1,2,0,0,0,1,0,0,0,0,0,0,1,0,0,0,9,1,0,0
0,0,5,779,1,0,0,0,1,4,5,0,0,0,4,0,0,0,0,0,1,0,0,0,0,0,0,0,0,6,1,0,0
0,0,4,369,3,2,1,1,1,3,4,0,1,1,3,1,3,0,0,0,0,0,0,1,0,0,0,0,0,8,2,0,0
0,0,3,1779,2,2,1,1,1,1,3,0,0,1,1,1,1,0,0,0,0,0,0,0,0,0,0,0,0,4,1,0,0
0,0,5,1711,2,1,1,0,1,4,5,0,1,3,4,0,0,0,0,0,0,0,0,1,0,0,0,0,0,12,1,0,0
0,0,5,1725,2,2,2,0,1,4,5,0,1,3,4,0,0,0,0,0,0,0,0,1,0,0,0,0,0,12,1,0,0
0,0,6,353,1,1,0,1,1,5,6,0,0,0,5,1,4,0,0,0,0,0,0,0,0,0,0,0,0,5,1,0,0
0,0,6,1625,1,1,1,0,1,4,6,1,1,3,4,0,0,0,0,0,0,0,0,1,0,0,0,0,0,8,2,0,0
0,0,22,1643,2,5,0,5,7,7,22,0,0,1,7,5,5,0,0,0,0,0,5,5,0,1,0,0,0,14,1,0,0
0,0,2,1515,2,0,0,0,1,0,2,0,0,1,0,0,0,0,0,0,0,0,0,0,0,0,0,0,0,4,1,0,0
0,0,14,1477,6,0,0,0,4,9,14,0,1,2,9,0,0,0,1,0,2,0,0,3,0,1,0,0,0,16,1,0,0
0,0,6,1253,4,1,1,0,1,6,6,0,1,1,6,0,0,0,0,0,1,0,0,1,0,0,0,0,0,12,1,0,0
1,1,23,1571,2,2,1,1,8,7,23,2,1,0,7,1,1,0,3,0,2,0,2,1,1,2,0,0,0,12,2,0,0
0,0,6,1749,2,1,1,0,1,4,6,0,2,1,4,0,0,0,0,0,0,0,0,2,0,0,0,0,0,12,1,0,0
0,0,3,1289,1,1,0,1,1,3,3,0,0,0,3,1,1,0,0,0,0,0,0,0,0,0,0,0,0,5,1,0,0
0,0,3,1701,2,2,1,1,1,1,3,0,0,1,1,1,1,0,0,0,0,0,0,0,0,0,0,0,0,4,1,0,0
0,0,3,1243,0,0,0,0,1,2,3,0,0,0,2,0,0,0,0,0,0,0,0,0,0,0,0,0,0,3,1,0,0
0,0,41,1307,7,1,1,0,10,14,41,1,1,4,14,0,0,0,1,0,3,0,1,7,7,2,0,0,0,11,9,0,0
0,0,29,665,4,1,1,0,5,10,29,1,1,4,10,0,0,0,1,0,1,0,0,2,0,3,1,0,0,29,2,0,1
0,0,3,1803,2,2,1,1,1,1,3,0,0,1,1,1,1,0,0,0,0,0,0,0,0,0,0,0,0,4,1,0,0
0,0,4,1057,2,1,0,1,1,2,4,0,0,2,2,0,0,0,0,0,0,0,0,0,0,0,0,0,0,8,1,0,0
0,0,3,719,2,3,0,3,1,1,3,0,0,1,1,0,0,0,0,0,0,0,0,0,0,0,0,0,0,5,1,0,0
0,0,5,97,1,0,0,0,1,0,5,0,0,2,0,0,0,0,0,0,0,0,0,2,0,0,0,0,0,17,1,0,1
0,0,20,113,0,0,0,0,7,8,20,2,2,0,8,0,0,1,1,1,0,1,0,2,0,5,0,0,0,11,1,0,0
0,0,11,261,2,1,0,1,1,5,11,1,3,1,5,0,0,0,0,0,0,0,0,3,0,0,0,0,0,12,9,0,0
0,0,41,599,7,2,0,2,13,23,41,0,7,2,23,2,1,0,5,1,2,0,1,8,0,4,0,0,0,38,9,0,0
0,0,2,555,2,0,0,0,1,0,2,0,0,1,0,0,0,0,0,0,0,0,0,0,0,0,0,0,0,4,1,0,0
0,0,13,177,3,1,0,1,1,5,13,1,4,3,5,0,0,0,0,0,0,0,0,4,0,0,0,0,0,15,9,0,0
6,0,19,481,6,0,0,0,5,19,25,0,1,2,19,0,0,0,2,0,2,0,0,2,0,2,0,0,0,27,1,0,0
0,0,3,751,0,0,0,0,1,0,3,1,0,0,0,0,0,0,0,0,0,0,0,0,0,0,0,0,0,5,1,0,0
0,0,4,357,1,0,0,0,1,2,4,0,0,1,2,0,0,0,0,0,0,0,0,0,0,0,0,0,0,9,1,0,0
0,0,3,741,1,1,1,0,1,0,3,1,0,0,0,0,0,0,0,0,0,0,0,0,0,0,0,0,0,5,1,0,0
0,0,3,721,2,1,1,0,1,2,3,1,0,2,2,0,0,0,0,0,0,0,0,0,0,0,0,0,0,4,10,0,0
0,0,3,167,0,6,6,0,1,0,3,0,0,1,0,0,0,0,0,0,0,0,0,1,0,0,0,0,0,4,1,0,0
0,0,26,371,2,0,0,0,6,15,26,0,5,0,15,0,0,0,2,0,0,0,0,9,1,1,0,0,0,33,1,0,0
6,0,3,317,1,1,0,1,1,1,3,1,0,1,1,1,1,0,0,0,0,0,0,0,0,0,0,0,0,7,9,0,0
0,0,12,289,3,2,0,2,1,6,12,1,2,4,6,1,1,0,0,0,0,0,0,2,0,0,0,0,0,11,9,0,0
0,0,10,445,4,0,0,0,2,6,10,2,2,2,6,0,0,0,0,0,0,0,0,2,0,1,0,0,0,28,1,0,0
0,0,2,159,0,0,0,0,1,0,2,0,0,0,0,0,0,0,0,0,0,0,0,0,0,0,0,0,0,3,1,0,0
0,0,3,731,1,1,1,0,1,0,3,0,0,1,0,0,0,0,0,0,0,0,0,1,0,0,0,0,0,5,2,0,0
0,0,8,579,3,0,0,0,1,4,8,0,1,3,4,0,0,0,0,0,0,0,0,1,0,0,0,0,0,27,9,0,1
6,0,5,327,2,2,1,1,1,5,11,1,2,2,5,0,0,0,0,0,0,0,0,3,0,0,0,0,0,12,9,0,0
0,0,10,237,2,1,0,1,1,5,10,1,3,1,5,0,0,0,0,0,0,0,0,3,0,0,0,0,0,11,9,0,0
0,0,13,207,3,1,0,1,1,5,13,1,4,3,5,0,0,0,0,0,0,0,0,4,0,0,0,0,0,13,9,0,0
0,0,3,501,2,1,0,1,1,1,3,0,0,3,1,1,3,0,0,0,0,0,0,0,0,0,0,0,0,5,1,0,0
1,1,9,245,2,2,1,1,4,3,9,1,1,2,3,1,1,0,3,0,0,0,0,1,0,1,0,0,0,13,1,0,0
1,1,3,461,3,1,0,1,1,2,3,0,0,3,2,1,3,0,0,0,0,0,0,0,0,0,0,0,0,15,1,0,1
0,0,3,1243,1,1,1,0,1,1,3,1,0,0,1,0,0,0,0,0,0,0,0,0,0,0,0,0,0,5,1,0,0
0,0,3,207,1,0,0,0,1,2,3,1,0,2,2,0,0,0,0,0,0,0,0,0,1,0,0,0,0,3,4,0,0
0,0,9,907,0,1,1,0,3,0,9,3,0,0,0,0,0,0,2,0,0,0,0,0,0,1,0,0,0,6,2,0,0
0,0,23,1145,4,1,0,1,10,13,23,0,2,0,13,0,0,0,8,0,2,0,0,6,0,3,0,0,0,14,1,0,0
0,0,22,781,3,2,2,0,3,4,22,3,2,2,4,0,0,0,1,1,0,0,0,7,0,1,0,0,0,14,9,0,0
24,0,21,389,1,3,0,3,5,7,21,1,3,1,7,3,4,0,3,1,0,0,0,3,0,2,0,0,0,18,1,0,0
0,0,10,1295,4,3,2,1,3,2,10,2,2,1,2,0,0,0,1,0,0,0,0,2,0,2,0,0,0,11,10,0,0
1,1,13,1255,3,2,1,1,4,3,13,2,2,2,3,1,1,0,2,0,0,0,0,2,0,2,0,0,0,16,9,0,0
1,1,3,323,2,3,2,1,1,1,3,1,0,1,1,1,3,0,0,0,0,0,0,0,0,0,0,0,0,6,1,0,0
0,0,31,699,5,3,1,2,2,10,31,1,6,4,10,2,1,0,0,1,0,3,2,16,1,1,0,0,0,30,9,0,0
1,1,3,471,2,1,0,1,1,1,3,0,0,3,1,1,3,0,0,0,0,0,0,0,0,0,0,0,0,4,1,0,0
2,1,6,1127,3,1,1,0,1,1,7,0,0,4,1,0,0,0,0,0,0,0,0,5,0,0,0,0,0,12,1,0,0
0,0,3,491,3,1,0,1,1,2,3,0,0,4,2,1,3,0,0,0,0,0,0,0,0,0,0,0,0,5,1,0,0
0,0,61,931,8,7,0,7,20,16,61,4,4,0,16,1,1,0,12,2,3,1,0,14,1,4,0,0,0,40,1,0,0
0,0,3,861,2,0,0,0,1,0,3,0,0,4,0,0,0,0,0,0,0,0,0,0,0,0,0,0,0,5,1,0,0
0,0,29,617,3,1,0,1,2,6,29,1,5,3,6,1,1,0,0,1,0,0,0,15,0,1,0,0,0,23,9,0,0
0,0,11,871,2,1,1,0,3,0,11,0,0,5,0,0,0,0,2,0,0,0,0,5,0,1,0,0,0,20,1,0,0
1,1,3,481,2,1,0,1,1,1,3,0,0,3,1,1,3,0,0,0,0,0,0,0,0,0,0,0,0,6,1,0,0
1,1,16,267,2,1,1,0,6,10,16,1,2,2,10,0,0,0,3,1,0,0,1,2,0,2,0,0,0,16,1,0,0
1,1,22,333,3,4,2,2,6,8,22,4,2,2,8,2,2,0,3,1,0,0,1,3,0,3,0,0,0,18,1,0,0
0,0,23,171,5,0,0,0,2,10,23,0,3,2,10,0,0,0,0,1,2,0,7,9,2,1,1,0,0,26,1,0,0
0,0,4,1231,3,1,1,0,1,0,4,0,0,3,0,0,0,0,0,0,0,0,0,1,0,0,0,0,0,8,1,0,0
1,1,23,511,5,9,5,4,7,9,23,0,5,5,9,2,2,0,5,0,0,1,0,6,1,2,0,0,0,23,2,0,0
3,0,0,437,0,1,1,0,1,0,3,1,0,1,0,0,0,0,0,0,0,1,0,0,1,0,0,0,0,5,2,0,0
0,0,3,1091,1,1,1,0,1,1,3,1,0,2,1,0,0,0,0,0,0,0,0,0,0,0,0,0,0,9,9,0,0
1,1,11,579,1,2,2,0,4,1,11,1,5,3,1,0,0,0,0,0,0,0,1,6,2,1,0,0,0,11,9,0,0
0,0,7,309,1,3,3,0,3,3,7,2,1,1,3,0,0,0,1,0,0,0,0,1,0,1,0,0,0,9,1,0,0
0,0,13,1177,5,2,2,0,2,12,13,0,3,1,12,0,0,0,0,0,0,0,0,3,0,1,0,0,0,16,1,0,0
0,0,2,231,0,2,2,0,1,0,2,0,0,0,0,0,0,0,0,0,0,0,0,0,0,0,0,0,0,2,1,0,0
0,0,6,1729,2,1,1,0,1,4,6,0,2,1,4,0,0,0,0,0,0,0,0,2,0,0,0,0,0,12,1,0,0
0,0,22,1623,2,5,0,5,7,7,22,0,0,1,7,5,5,0,0,0,0,0,5,5,0,1,0,0,0,14,1,0,0
0,0,2,1495,2,0,0,0,1,0,2,0,0,1,0,0,0,0,0,0,0,0,0,0,0,0,0,0,0,4,1,0,0
0,0,5,1769,2,2,2,0,1,4,5,0,1,3,4,0,0,0,0,0,0,0,0,1,0,0,0,0,0,12,1,0,0
0,0,41,1287,7,1,1,0,10,14,41,1,1,4,14,0,0,0,1,0,3,0,1,7,7,2,0,0,0,11,9,0,0
1,1,23,1551,2,2,1,1,8,7,23,2,1,0,7,1,1,0,3,0,2,0,2,1,1,2,0,0,0,12,2,0,0
0,0,3,1001,0,0,0,0,1,1,3,0,0,0,1,0,0,0,0,0,0,0,0,0,0,0,0,0,0,1,1,0,0
0,0,14,1457,6,0,0,0,4,9,14,0,1,2,9,0,0,0,1,0,2,0,0,3,0,1,0,0,0,16,1,0,0
0,0,3,1421,1,0,0,0,1,0,3,1,0,0,0,0,0,0,0,0,0,0,0,0,0,0,0,0,0,4,1,0,0
0,0,5,1439,4,0,0,0,1,4,5,1,0,2,4,0,0,0,0,0,0,0,0,0,0,0,0,0,0,19,1,0,0
0,0,3,1783,2,2,1,1,1,1,3,0,0,1,1,1,1,0,0,0,0,0,0,0,0,0,0,0,0,4,1,0,0
0,0,3,1759,2,2,1,1,1,1,3,0,0,1,1,1,1,0,0,0,0,0,0,0,0,0,0,0,0,4,1,0,0
0,0,6,1605,1,1,1,0,1,4,6,1,1,3,4,0,0,0,0,0,0,0,0,1,0,0,0,0,0,8,2,0,0
0,0,6,1513,1,0,0,0,2,2,6,0,0,1,2,0,0,0,1,0,0,0,0,0,0,1,0,0,0,9,1,0,0
0,0,5,243,3,1,0,1,1,2,5,1,1,2,2,0,0,0,0,0,0,0,0,1,0,0,0,0,0,10,9,0,0
0,0,4,277,1,0,0,0,1,3,4,0,0,1,3,0,0,0,0,0,0,0,0,1,0,0,0,0,0,10,1,0,0
0,0,6,1233,4,1,1,0,1,6,6,0,1,1,6,0,0,0,0,0,1,0,0,1,0,0,0,0,0,12,1,0,0
0,0,23,291,7,1,0,1,6,12,23,2,1,3,12,1,3,0,5,0,0,0,0,6,0,1,0,0,0,43,1,0,0
0,0,29,665,4,1,1,0,5,10,29,1,1,4,10,0,0,0,1,0,1,0,0,2,0,3,1,0,0,29,2,0,1
0,0,3,1269,1,1,0,1,1,3,3,0,0,0,3,1,1,0,0,0,0,0,0,0,0,0,0,0,0,5,1,0,0
0,0,3,1681,2,2,1,1,1,1,3,0,0,1,1,1,1,0,0,0,0,0,0,0,0,0,0,0,0,4,1,0,0
1,11,68,1013,7,1,0,1,11,30,58,0,10,3,30,1,1,0,5,0,1,0,0,10,0,3,2,0,0,38,1,0,0
0,0,90,381,11,4,2,2,17,26,90,0,7,2,26,2,2,0,8,0,3,0,3,17,0,2,4,0,0,52,2,0,0
0,0,3,583,2,3,0,3,1,1,3,0,0,1,1,0,0,0,0,0,0,0,0,0,0,0,0,0,0,5,1,0,0
0,0,9,1073,3,1,0,1,2,10,9,0,2,2,10,0,0,0,0,0,0,0,0,2,0,1,0,0,0,11,1,0,0
0,0,3,495,2,3,0,3,1,1,3,0,0,1,1,0,0,0,0,0,0,0,0,0,0,0,0,0,0,5,1,0,0
0,0,3,531,1,3,0,3,1,5,3,0,0,1,5,0,0,0,0,0,0,0,0,0,0,0,0,0,0,4,1,0,0
0,0,3,1411,2,1,0,1,1,2,3,0,0,1,2,1,1,0,0,0,0,0,0,0,0,0,0,0,0,3,1,0,0
0,0,5,779,1,0,0,0,1,4,5,0,0,0,4,0,0,0,0,0,1,0,0,0,0,0,0,0,0,6,1,0,0
0,0,4,369,3,2,1,1,1,3,4,0,1,1,3,1,3,0,0,0,0,0,0,1,0,0,0,0,0,8,2,0,0
0,0,5,1745,2,2,2,0,1,4,5,0,1,3,4,0,0,0,0,0,0,0,0,1,0,0,0,0,0,12,1,0,0
0,0,6,353,1,1,0,1,1,5,6,0,0,0,5,1,4,0,0,0,0,0,0,0,0,0,0,0,0,5,1,0,0
0,0,3,1249,1,1,0,1,1,3,3,0,0,0,3,1,1,0,0,0,0,0,0,0,0,0,0,0,0,5,1,0,0
0,0,5,1691,2,1,1,0,1,4,5,0,1,3,4,0,0,0,0,0,0,0,0,1,0,0,0,0,0,12,1,0,0
0,0,3,1259,2,1,0,1,1,3,3,0,0,0,3,1,1,0,0,0,0,0,0,0,0,0,0,0,0,6,1,0,0
0,0,3,1213,0,0,0,0,1,2,3,0,0,0,2,0,0,0,0,0,0,0,0,0,0,0,0,0,0,3,1,0,0
0,0,5,1705,2,2,2,0,1,4,5,0,1,3,4,0,0,0,0,0,0,0,0,1,0,0,0,0,0,12,1,0,0
0,0,3,1719,2,2,1,1,1,1,3,0,0,1,1,1,1,0,0,0,0,0,0,0,0,0,0,0,0,4,1,0,0
0,0,12,745,1,0,0,0,2,8,12,0,0,0,8,0,0,0,0,0,1,0,0,0,0,1,0,0,0,8,1,0,0
0,0,3,991,0,0,0,0,1,2,3,0,0,0,2,0,0,0,0,0,0,0,0,0,0,0,0,0,0,3,1,0,0
0,0,8,971,4,1,1,0,1,5,8,0,2,0,5,0,0,0,0,0,0,0,0,2,0,0,0,0,0,11,1,0,0
0,0,7,257,2,1,0,1,1,2,7,1,2,1,2,0,0,0,0,0,0,0,0,2,0,0,0,0,0,9,9,0,0
0,0,62,799,7,1,1,0,3,12,62,1,4,0,12,0,0,0,0,0,0,0,0,4,0,1,2,0,0,42,1,0,0
0,0,3,1223,0,0,0,0,1,2,3,0,0,0,2,0,0,0,0,0,0,0,0,0,0,0,0,0,0,3,1,0,0
0,0,4,1057,2,1,0,1,1,2,4,0,0,2,2,0,0,0,0,0,0,0,0,0,0,0,0,0,0,8,1,0,0
0,0,28,871,2,1,0,1,5,14,28,0,6,2,14,0,0,0,2,0,1,4,4,7,0,4,0,0,0,29,1,0,0
0,0,8,845,5,1,0,1,1,5,8,0,2,2,5,0,0,0,0,0,0,0,0,2,0,0,0,0,0,14,1,0,0
0,0,3,719,2,3,0,3,1,1,3,0,0,1,1,0,0,0,0,0,0,0,0,0,0,0,0,0,0,5,1,0,0
0,0,3,1793,0,0,0,0,1,0,3,0,0,1,0,0,0,0,0,0,0,0,0,1,0,0,0,0,0,5,1,0,0
0,0,3,625,2,3,0,3,1,1,3,0,0,1,1,0,0,0,0,0,0,0,0,0,0,0,0,0,0,5,1,0,0
0,0,8,157,0,1,1,0,2,2,8,1,1,2,2,0,0,0,0,0,0,0,0,2,0,1,0,0,0,7,9,0,0
0,0,3,631,2,1,0,1,1,1,3,1,0,3,1,1,1,0,0,0,0,0,0,0,0,0,0,0,0,4,9,0,0
0,0,6,111,0,0,0,0,2,3,6,2,2,1,3,0,0,0,0,0,0,0,0,2,1,1,0,0,0,21,9,0,0
0,0,9,223,0,1,0,1,1,1,9,0,0,5,1,0,0,0,0,0,0,0,0,0,0,0,1,0,0,9,9,0,0
0,0,3,249,1,1,0,1,1,1,3,1,0,4,1,1,2,0,0,0,0,1,0,0,0,0,0,0,0,6,9,0,0
0,0,69,395,2,2,1,1,23,23,69,2,12,4,23,1,0,4,3,1,0,13,4,18,8,7,0,0,0,45,9,0,0
0,0,4,209,0,0,0,0,2,1,4,1,1,1,1,0,0,0,1,0,1,0,1,1,0,0,0,0,0,7,9,0,0
0,0,8,131,0,0,0,0,3,6,8,2,2,1,6,0,0,0,0,0,0,1,1,2,1,2,0,0,0,15,9,0,0
0,0,3,383,2,1,0,1,1,1,3,1,0,3,1,1,1,0,0,0,0,0,0,0,0,0,0,0,0,5,9,0,0
0,0,7,183,0,1,1,0,1,2,7,1,3,2,2,0,0,0,0,0,0,0,0,3,0,0,0,0,0,10,9,0,0
0,0,36,261,1,6,3,3,13,17,36,2,6,5,17,3,1,1,1,1,0,6,2,10,3,5,0,0,0,25,9,0,0
0,0,4,233,1,1,0,1,1,2,4,0,0,0,2,0,0,0,0,0,0,0,0,0,0,0,0,0,0,6,1,0,0
0,0,68,643,2,4,3,1,23,22,68,2,12,4,22,1,0,4,3,1,0,13,3,18,8,7,0,0,0,42,9,0,0
1,1,2,219,2,0,0,0,1,0,2,0,0,1,0,0,0,0,0,0,0,0,0,0,0,0,0,0,0,4,1,0,0
5,6,28,131,6,0,0,0,9,17,27,0,3,2,17,0,0,0,0,0,8,0,0,6,0,3,0,0,0,16,1,0,0
2,3,4,117,5,0,0,0,1,3,3,1,0,2,3,0,0,0,0,0,0,0,0,0,0,0,0,0,0,20,1,0,0
0,0,3,105,1,0,0,0,1,0,3,0,0,1,0,0,0,0,0,0,0,0,0,1,0,0,0,0,0,6,1,0,0
0,0,3,553,0,0,0,0,1,1,3,0,0,0,1,0,0,0,0,0,0,0,0,0,0,0,0,0,0,1,1,0,0
0,0,12,247,3,1,0,1,6,9,12,2,0,3,9,0,0,0,4,0,4,0,1,0,0,2,0,0,0,14,1,0,0
0,0,24,335,4,0,0,0,5,15,24,0,2,4,15,0,0,0,0,0,1,0,1,3,0,2,0,0,0,16,1,0,0
0,0,13,293,4,1,1,0,3,4,13,0,1,4,4,0,0,0,1,0,0,1,1,1,0,1,0,0,0,14,4,0,0
0,0,8,149,4,1,0,1,1,2,8,1,2,2,2,0,0,0,0,0,0,0,0,2,0,0,0,0,0,9,9,0,0
0,0,6,499,0,1,1,0,1,6,6,0,0,1,6,0,0,0,0,0,0,0,0,0,0,0,0,0,0,11,1,0,0
0,0,23,425,0,1,1,0,5,10,23,0,3,0,10,0,0,1,3,0,0,4,2,8,2,4,0,0,0,15,2,0,0
1,2,13,517,6,1,0,1,3,7,12,0,0,2,7,1,1,0,1,0,1,0,2,1,0,1,0,0,0,17,1,0,0
13,0,9,565,1,0,0,0,2,4,9,0,0,1,4,0,0,0,1,0,0,0,0,0,0,1,0,0,0,7,1,0,0
0,0,4,487,0,0,0,0,1,3,4,0,0,0,3,0,0,0,0,0,0,0,0,0,0,0,0,0,0,4,1,0,0
1,0,5,409,1,1,0,1,1,6,6,0,0,0,6,1,1,0,0,0,0,0,0,0,0,0,0,0,0,9,1,0,0
0,0,5,169,1,1,0,1,1,2,5,1,1,1,2,0,0,0,0,0,0,0,0,1,0,0,0,0,0,9,9,0,0
0,0,36,185,9,0,0,0,3,12,36,1,3,3,12,0,0,0,2,0,0,0,0,9,0,1,1,0,0,54,1,0,0
0,0,10,189,6,1,0,1,2,4,10,2,1,3,4,1,2,0,1,0,0,0,0,2,0,1,0,0,0,17,1,0,0
0,0,4,293,1,1,0,1,1,1,4,0,0,1,1,1,2,0,0,0,0,0,0,1,0,0,0,0,0,7,1,0,0
0,0,4,559,1,1,0,1,1,4,4,0,0,0,4,1,2,0,0,0,0,0,0,0,0,0,0,0,0,13,1,0,1
0,0,6,395,5,0,0,0,2,1,6,0,0,2,1,0,0,0,1,0,0,0,0,1,0,1,0,0,0,8,1,0,0
0,0,9,353,5,0,0,0,3,3,9,0,1,4,3,0,0,0,0,0,2,0,0,1,0,1,0,0,0,14,1,0,0
0,0,11,215,1,0,0,0,2,5,11,0,1,0,5,0,0,0,0,0,0,0,0,3,0,1,0,0,0,20,1,0,0
0,0,3,163,1,1,0,1,1,0,3,1,0,0,0,0,0,0,0,0,0,0,0,0,0,0,0,0,0,5,9,0,0
0,0,8,527,2,0,0,0,3,3,8,0,0,1,3,0,0,0,1,0,1,1,0,0,0,2,0,0,0,21,1,0,1
0,0,6,275,1,1,1,0,1,4,6,1,1,3,4,0,0,0,0,0,0,0,0,1,0,0,0,0,0,8,2,0,0
0,0,4,449,1,0,0,0,1,3,4,0,1,0,3,0,0,0,0,0,0,0,0,1,0,0,0,0,0,9,1,0,0
0,0,4,381,0,0,0,0,1,3,4,0,0,1,3,0,0,0,0,0,0,0,0,0,0,0,0,0,0,10,1,0,0
3,3,7,255,1,2,1,1,1,4,7,0,0,0,4,1,1,0,0,0,0,0,0,0,0,0,0,0,0,4,2,0,0
0,0,13,479,2,0,0,0,3,5,13,0,1,2,5,0,0,0,1,1,3,2,0,1,0,2,0,0,0,33,1,0,1
0,0,4,175,1,0,0,0,1,3,4,0,0,1,3,0,0,0,0,0,0,0,0,1,0,0,0,0,0,10,1,0,0
0,0,3,245,0,0,0,0,1,0,3,1,0,0,0,0,0,0,0,0,0,0,0,0,0,0,0,0,0,5,1,0,0
0,0,6,335,2,1,1,0,1,3,6,1,1,0,3,0,0,0,0,0,0,0,0,1,0,0,0,0,0,8,10,0,0
0,0,8,421,2,0,0,0,1,3,8,0,1,1,3,0,0,0,0,0,0,0,0,2,2,0,0,0,0,5,9,0,0
0,0,13,305,2,3,2,1,4,7,13,1,1,0,7,1,1,0,1,0,0,0,0,3,0,1,0,0,0,12,2,0,0
0,0,3,153,0,1,1,0,1,0,3,0,0,0,0,0,0,0,0,0,0,0,0,0,0,0,0,0,0,3,1,0,0
0,0,2,351,0,0,0,0,1,0,2,0,0,4,0,0,0,0,0,0,0,0,0,0,0,0,0,0,0,6,1,0,0
0,0,3,175,3,1,0,1,1,1,3,1,0,1,1,1,1,0,0,0,0,0,0,0,0,0,0,0,0,4,9,0,0
0,0,7,185,3,1,1,0,1,2,7,1,1,3,2,0,0,0,0,0,0,0,0,1,0,0,0,0,0,6,9,0,0
0,0,20,515,1,0,0,0,6,12,20,0,1,3,12,0,0,0,3,1,0,2,1,1,0,4,0,0,0,12,1,0,0
0,0,2,167,0,0,0,0,1,0,2,0,0,0,0,0,0,0,0,0,0,0,0,0,0,0,0,0,0,4,1,0,0
10,1,1,205,1,0,0,0,2,7,10,0,1,0,7,0,0,0,1,0,0,0,0,1,0,1,0,0,0,23,1,0,0
40,0,30,405,8,3,2,1,8,27,30,0,4,3,27,1,1,1,2,0,0,0,1,4,0,2,0,0,0,42,2,0,0
0,0,9,487,1,1,1,0,4,6,9,0,3,0,6,0,0,1,1,0,0,1,1,3,0,2,0,0,0,10,2,0,0
0,0,8,375,3,1,0,1,2,1,8,1,1,3,1,0,0,0,1,0,0,0,0,2,0,1,0,0,0,13,1,0,0
17,38,81,237,11,0,0,0,2,17,60,1,7,3,17,0,0,0,1,0,0,0,0,8,0,1,4,0,0,65,1,0,0
0,0,8,327,1,0,0,0,2,3,8,0,0,1,3,0,0,0,1,0,0,0,1,0,0,1,0,0,0,7,1,0,0
0,0,2,359,0,0,0,0,1,0,2,0,0,4,0,0,0,0,0,0,0,0,0,0,0,0,0,0,0,6,1,0,0
0,0,3,285,2,1,0,1,1,1,3,0,0,1,1,0,0,0,0,0,0,0,0,0,0,0,0,0,0,6,1,0,0
0,0,3,267,1,1,0,1,1,1,3,0,0,1,1,0,0,0,0,0,0,0,0,0,0,0,0,0,0,4,1,0,0
0,0,8,181,0,1,1,0,2,2,8,1,1,2,2,0,0,0,0,0,0,0,0,2,0,1,0,0,0,7,9,0,0
0,0,4,349,1,1,0,1,1,2,4,0,0,0,2,0,0,0,0,0,0,0,0,0,0,0,0,0,0,6,1,0,0
11,0,8,157,0,0,0,0,2,3,8,2,0,1,3,0,0,0,0,0,0,1,1,0,1,1,0,0,0,13,9,0,0
0,0,3,365,1,1,0,1,1,1,3,1,0,4,1,1,2,0,0,0,0,1,0,0,0,0,0,0,0,6,9,0,0
0,0,6,111,0,0,0,0,2,3,6,2,2,1,3,0,0,0,0,0,0,0,0,2,1,1,0,0,0,21,9,0,0
0,0,8,131,0,0,0,0,3,6,8,2,2,1,6,0,0,0,0,0,0,1,1,2,1,2,0,0,0,15,9,0,0
0,0,36,377,1,6,3,3,13,17,36,2,6,5,17,3,1,1,1,1,0,6,2,10,3,5,0,0,0,25,9,0,0
0,0,4,325,0,0,0,0,2,1,4,1,1,1,1,0,0,0,1,0,1,0,1,1,0,0,0,0,0,7,9,0,0
0,0,3,747,2,1,0,1,1,1,3,1,0,3,1,1,1,0,0,0,0,0,0,0,0,0,0,0,0,4,9,0,0
0,0,9,339,0,1,0,1,1,1,9,0,0,5,1,0,0,0,0,0,0,0,0,0,0,0,1,0,0,9,9,0,0
0,0,3,499,2,1,0,1,1,1,3,1,0,3,1,1,1,0,0,0,0,0,0,0,0,0,0,0,0,5,9,0,0
0,0,7,299,0,1,1,0,1,2,7,1,3,2,2,0,0,0,0,0,0,0,0,3,0,0,0,0,0,10,9,0,0
0,0,31,205,2,0,0,0,6,11,31,1,9,2,11,0,0,1,3,1,1,2,5,14,1,3,0,0,0,25,9,0,0
0,0,68,759,2,4,3,1,23,22,68,2,12,4,22,1,0,4,3,1,0,13,3,18,8,7,0,0,0,42,9,0,0
0,0,69,511,2,2,1,1,23,23,69,2,12,4,23,1,0,4,3,1,0,13,4,18,8,7,0,0,0,45,9,0,0
1,1,8,157,0,0,0,0,2,3,8,2,0,1,3,0,0,0,0,0,0,0,1,0,1,1,0,0,0,16,9,0,0
0,0,4,325,0,0,0,0,2,1,4,1,1,1,1,0,0,0,1,0,1,0,1,1,0,0,0,0,0,7,9,0,0
0,0,69,511,2,2,1,1,23,23,69,2,12,4,23,1,0,4,3,1,0,13,4,18,8,7,0,0,0,45,9,0,0
0,0,68,759,2,4,3,1,23,22,68,2,12,4,22,1,0,4,3,1,0,13,3,18,8,7,0,0,0,42,9,0,0
0,0,31,205,2,0,0,0,6,11,31,1,9,2,11,0,0,1,3,1,1,2,5,14,1,3,0,0,0,25,9,0,0
0,0,36,377,1,6,3,3,13,17,36,2,6,5,17,3,1,1,1,1,0,6,2,10,3,5,0,0,0,25,9,0,0
0,0,6,111,0,0,0,0,2,3,6,2,2,1,3,0,0,0,0,0,0,0,0,2,1,1,0,0,0,21,9,0,0
1,1,8,131,0,0,0,0,3,6,8,2,2,1,6,0,0,0,0,0,0,0,1,2,1,2,0,0,0,18,9,0,0
0,0,3,499,2,1,0,1,1,1,3,1,0,3,1,1,1,0,0,0,0,0,0,0,0,0,0,0,0,5,9,0,0
0,0,7,299,0,1,1,0,1,2,7,1,3,2,2,0,0,0,0,0,0,0,0,3,0,0,0,0,0,10,9,0,0
0,0,3,365,1,1,0,1,1,1,3,1,0,4,1,1,2,0,0,0,0,1,0,0,0,0,0,0,0,6,9,0,0
0,0,4,349,1,1,0,1,1,2,4,0,0,0,2,0,0,0,0,0,0,0,0,0,0,0,0,0,0,6,1,0,0
0,0,9,339,0,1,0,1,1,1,9,0,0,5,1,0,0,0,0,0,0,0,0,0,0,0,1,0,0,9,9,0,0
0,0,3,747,2,1,0,1,1,1,3,1,0,3,1,1,1,0,0,0,0,0,0,0,0,0,0,0,0,4,9,0,0
0,0,8,181,0,1,1,0,2,2,8,1,1,2,2,0,0,0,0,0,0,0,0,2,0,1,0,0,0,7,9,0,0
7,0,6,295,3,1,1,0,1,5,6,0,2,1,5,0,0,0,0,0,0,0,0,2,0,0,0,0,0,32,9,0,1
0,0,5,143,3,0,0,0,1,0,5,0,0,3,0,0,0,0,0,0,0,0,0,3,0,0,0,0,0,9,1,0,0
0,0,2,225,2,0,0,0,1,0,2,0,0,1,0,0,0,0,0,0,0,0,0,0,0,0,0,0,0,4,1,0,0
0,1,17,235,4,1,1,0,5,19,16,0,2,1,19,0,0,0,0,0,0,0,2,2,0,2,0,0,0,14,2,0,0
9,0,0,347,2,1,1,0,3,3,9,2,3,1,3,0,0,0,1,0,1,0,0,3,1,1,0,0,0,35,9,0,1
7,0,6,321,3,0,0,0,1,4,6,0,2,1,4,0,0,0,0,0,0,0,0,2,0,0,0,0,0,38,9,0,1
3,0,2,159,4,0,0,0,1,4,5,1,0,2,4,0,0,0,0,0,0,0,0,0,0,0,0,0,0,9,1,0,0
7,0,5,377,4,1,0,1,3,3,5,0,0,2,3,1,1,0,0,0,0,0,0,0,0,1,0,0,0,15,9,0,1
1,0,17,177,3,2,0,2,4,9,18,0,0,2,9,2,1,0,0,0,0,0,0,0,0,2,0,0,0,10,1,0,0
1,1,48,219,6,0,0,0,2,10,48,1,2,3,10,0,0,0,1,0,0,0,0,2,0,1,2,0,0,47,1,0,0
0,0,15,381,6,1,1,0,3,7,15,1,2,1,7,0,0,0,1,0,0,0,0,4,0,1,0,0,0,28,1,0,0
0,0,7,113,3,1,0,1,1,4,7,1,2,1,4,1,1,0,0,0,0,0,0,2,0,0,0,0,0,13,9,0,0
0,0,2,131,0,1,1,0,1,0,2,0,0,0,0,0,0,0,0,0,0,0,0,0,0,0,0,0,0,4,1,0,0
0,0,6,97,2,1,0,1,1,3,6,1,2,0,3,1,1,0,0,0,0,0,0,2,0,0,0,0,0,13,9,0,0
0,0,3,139,0,1,1,0,1,0,3,0,0,3,0,0,0,0,0,0,0,0,0,0,0,0,0,0,0,6,1,0,0
0,0,4,427,0,0,0,0,1,3,4,0,0,0,3,0,0,0,0,0,0,0,0,0,0,0,0,0,0,4,1,0,0
0,0,25,149,3,4,2,2,6,5,25,1,6,1,5,0,0,0,3,0,0,0,0,14,0,2,0,0,0,15,9,0,0
0,0,10,257,1,0,0,0,2,9,10,0,0,1,9,0,0,0,0,0,1,0,0,0,0,1,0,0,0,9,1,0,0
0,0,5,289,2,0,0,0,2,3,5,0,0,1,3,0,0,0,1,0,0,0,0,0,0,1,0,0,0,12,1,0,0
0,0,3,307,2,1,0,1,1,1,3,0,0,1,1,0,0,0,0,0,0,0,0,0,0,0,0,0,0,9,1,0,0
0,0,3,361,1,0,0,0,1,1,3,0,0,4,1,0,0,0,0,0,0,0,0,0,0,0,0,0,0,7,1,0,0
0,0,6,341,1,0,0,0,2,1,6,0,0,2,1,0,0,0,1,0,0,0,0,0,0,1,0,0,0,8,1,0,0
0,0,2,331,2,0,0,0,1,0,2,0,0,3,0,0,0,0,0,0,0,0,0,0,0,0,0,0,0,6,1,0,0
8,0,6,441,0,0,0,0,2,4,6,0,0,0,4,0,0,0,1,0,0,0,0,0,0,1,0,0,0,6,1,0,0
0,0,20,1125,5,2,2,0,6,15,20,0,2,1,15,0,0,0,4,0,0,0,3,2,0,1,0,0,0,16,2,0,0
0,0,11,1227,2,0,0,0,2,4,11,0,1,1,4,0,0,0,1,0,0,0,0,2,2,1,0,0,0,6,1,0,0
0,0,8,719,0,0,0,0,2,8,8,0,0,0,8,0,0,0,0,0,0,1,0,0,1,1,0,0,0,5,1,0,0
0,0,4,1191,1,0,0,0,1,4,4,0,1,0,4,0,0,0,0,0,0,0,0,1,0,0,0,0,0,9,1,0,0
0,0,2,199,0,1,1,0,1,0,2,0,0,0,0,0,0,0,0,0,0,0,0,0,0,0,0,0,0,3,1,0,0
6,3,33,837,3,3,1,2,1,5,36,0,1,0,5,2,1,0,0,0,0,0,0,3,0,0,2,0,0,42,1,0,0
1,1,71,363,6,3,3,0,6,20,71,1,5,1,20,0,0,0,4,1,0,3,1,11,2,1,2,0,0,41,2,0,0
0,0,46,567,2,2,2,0,14,8,46,5,4,0,8,0,0,0,6,1,1,3,6,19,0,1,0,0,0,29,2,0,0
0,0,5,207,1,2,0,2,1,2,5,1,1,1,2,1,1,0,0,0,0,0,0,1,0,0,0,0,0,12,9,0,0
7,1,16,237,6,3,0,3,5,11,22,3,0,3,11,3,2,0,3,0,0,0,0,4,0,1,0,0,0,39,1,0,0
0,0,24,293,4,1,1,0,1,7,24,0,2,1,7,0,0,0,0,0,0,1,0,4,1,0,2,0,0,24,2,0,0
0,0,3,1089,2,2,0,2,1,1,3,0,0,2,1,0,0,0,0,0,0,0,0,0,0,0,0,0,0,8,1,0,0
0,0,5,343,3,2,0,2,1,4,5,0,2,1,4,0,0,0,0,0,0,0,0,2,0,0,0,0,0,13,1,0,0
0,0,3,1063,1,2,0,2,1,1,3,0,0,2,1,0,0,0,0,0,0,0,0,0,0,0,0,0,0,5,1,0,0
0,0,16,1005,4,2,0,2,1,8,16,0,3,2,8,0,0,0,0,0,0,0,0,3,0,0,1,0,0,18,1,0,0
0,0,4,439,2,2,0,2,1,4,4,0,0,1,4,0,0,0,0,0,1,0,0,0,0,0,0,0,0,10,1,0,0
0,0,2,813,1,0,0,0,1,0,2,0,0,1,0,0,0,0,0,0,0,0,0,0,0,0,0,0,0,5,1,0,0
0,0,8,773,1,1,0,1,2,2,8,0,0,4,2,0,0,0,0,0,0,0,0,0,0,1,0,0,0,11,1,0,0
0,0,2,799,0,0,0,0,1,0,2,0,0,4,0,0,0,0,0,0,0,0,0,0,0,0,0,0,0,6,1,0,0
0,0,8,505,1,0,0,0,7,5,8,0,0,2,5,0,0,0,2,0,2,4,0,0,0,1,0,0,0,7,1,0,0
0,0,5,317,3,2,0,2,1,3,5,0,2,1,3,0,0,0,0,0,0,0,0,2,0,0,0,0,0,15,1,0,0
0,0,4,1207,0,0,0,0,1,3,4,0,0,0,3,0,0,0,0,0,0,0,0,0,0,0,0,0,0,4,1,0,0
0,0,4,705,1,0,0,0,1,2,4,0,0,1,2,0,0,0,0,0,0,0,0,0,0,0,0,0,0,10,1,0,0
7,7,64,939,4,0,0,0,7,17,64,0,7,0,17,0,0,1,2,0,0,3,0,9,0,3,4,0,0,38,1,0,0
0,0,8,741,2,1,1,0,2,2,8,0,3,0,2,0,0,1,0,0,0,0,1,4,0,1,0,0,0,10,2,0,0
0,0,5,221,1,1,1,0,1,1,5,1,1,1,1,0,0,0,0,0,0,0,0,1,0,0,0,0,0,7,9,0,0
0,0,3,1017,1,1,0,1,1,1,3,0,0,0,1,0,0,0,0,0,0,0,0,0,0,0,0,0,0,4,1,0,0
0,0,3,1103,1,2,0,2,1,1,3,0,0,2,1,0,0,0,0,0,0,0,0,0,0,0,0,0,0,5,1,0,0
0,0,7,913,2,2,0,2,1,3,7,0,0,1,3,0,0,0,0,0,0,0,0,1,0,0,0,0,0,10,1,0,0
0,0,13,859,3,2,0,2,4,19,13,0,1,1,19,0,0,0,1,0,1,0,2,3,0,1,0,0,0,35,1,0,0
0,0,4,177,1,0,0,0,1,2,4,0,0,1,2,0,0,0,0,0,0,0,0,0,0,0,0,0,0,10,1,0,0
7,4,15,497,3,1,0,1,5,7,18,3,6,1,7,1,1,0,1,0,1,0,0,6,1,1,0,0,0,44,9,0,1
1,0,5,469,3,2,2,0,1,5,6,0,2,1,5,0,0,0,0,0,0,0,0,2,0,0,0,0,0,12,9,0,0
0,0,5,159,4,0,0,0,1,2,5,1,1,3,2,0,0,0,0,0,0,0,0,1,0,0,0,0,0,9,1,0,0
0,0,69,195,5,0,0,0,4,15,69,0,4,0,15,0,0,0,1,0,4,2,3,9,2,1,4,0,0,54,1,0,0
0,0,15,239,2,0,0,0,3,5,15,2,1,2,5,0,0,0,0,0,0,0,0,4,0,1,0,0,0,20,1,0,0
0,0,17,391,3,0,0,0,4,6,17,0,1,0,6,0,0,0,0,0,2,0,0,5,0,1,0,0,0,26,1,0,1
0,0,6,291,2,0,0,0,1,4,6,1,1,1,4,0,0,0,0,0,0,0,0,2,0,0,0,0,0,15,1,0,0
0,0,6,365,1,0,0,0,1,8,6,1,1,2,8,0,0,0,0,0,0,1,1,1,2,0,0,0,0,9,1,0,0
1,0,8,455,5,1,0,1,5,2,9,2,0,1,2,1,1,0,0,0,1,0,0,0,0,1,0,0,0,28,9,0,1
0,0,9,323,1,0,0,0,2,4,9,1,0,2,4,0,0,0,0,0,0,0,1,0,0,1,0,0,0,20,1,0,0
0,1,62,171,6,2,1,1,16,16,61,2,6,2,16,1,1,0,8,0,1,0,1,13,1,5,0,0,0,42,41,0,0
0,0,7,365,0,0,0,0,4,4,7,0,0,0,4,0,0,0,2,0,0,0,1,1,0,1,0,0,0,9,1,0,0
0,0,3,151,2,0,0,0,1,0,3,1,0,1,0,0,0,0,0,0,0,0,0,0,0,0,0,0,0,7,1,0,0
0,0,39,527,11,1,0,1,4,26,39,0,5,3,26,0,0,0,1,0,1,1,7,13,1,1,0,0,0,38,9,0,0
0,1,4,161,1,1,0,1,1,1,3,1,0,1,1,1,2,0,0,0,0,0,0,0,0,0,0,0,0,3,9,0,0
0,0,53,391,5,1,1,0,11,16,53,1,2,3,16,0,0,0,0,0,0,1,7,5,1,2,0,0,0,21,10,0,0
0,0,5,653,2,1,1,0,1,0,5,0,0,3,0,0,0,0,0,0,0,0,0,3,0,0,0,0,0,5,0,0,0
0,0,5,153,1,0,0,0,1,3,5,0,0,1,3,0,0,0,0,0,0,0,0,0,0,0,0,0,0,13,1,0,0
0,0,15,255,3,0,0,0,2,9,15,0,4,2,9,0,0,0,0,0,0,0,0,4,0,1,0,0,0,13,1,0,0
0,0,5,371,3,0,0,0,1,3,5,1,1,1,3,0,0,0,0,0,0,0,0,1,0,0,0,0,0,11,1,0,0
5,1,74,173,3,0,0,0,4,13,78,0,6,0,13,0,0,0,0,0,0,0,0,7,0,1,2,0,0,61,1,0,0
0,0,15,399,0,0,0,0,5,2,15,3,2,0,2,0,0,0,1,1,0,0,0,2,0,2,0,0,0,23,9,0,0
0,0,8,133,4,0,0,0,2,2,8,2,1,3,2,0,0,0,1,0,0,0,0,1,0,1,0,0,0,11,1,0,0
0,0,41,227,4,0,0,0,3,12,41,1,5,1,12,0,0,0,1,0,0,3,0,6,0,1,2,0,0,26,1,0,0
0,0,3,301,1,0,0,0,1,1,3,0,0,2,1,0,0,0,0,0,0,0,0,0,0,0,0,0,0,5,1,0,0
3,3,8,131,0,0,0,0,3,6,8,2,2,1,6,0,0,0,0,0,0,1,0,2,1,2,0,0,0,17,9,0,0
0,0,36,291,1,6,3,3,13,17,36,2,6,5,17,3,1,1,1,1,0,6,2,10,3,5,0,0,0,25,9,0,0
0,0,68,673,2,4,3,1,23,22,68,2,12,4,22,1,0,4,3,1,0,13,3,18,8,7,0,0,0,42,9,0,0
0,0,69,425,2,2,1,1,23,23,69,2,12,4,23,1,0,4,3,1,0,13,4,18,8,7,0,0,0,45,9,0,0
1,1,6,111,0,0,0,0,2,4,6,2,2,1,4,0,0,0,0,0,0,1,0,2,1,1,0,0,0,22,9,0,0
5,2,7,157,0,0,0,0,2,5,10,2,2,1,5,0,0,0,0,0,0,1,0,2,1,1,0,0,0,18,9,0,0
0,0,9,253,0,1,0,1,1,1,9,0,0,5,1,0,0,0,0,0,0,0,0,0,0,0,1,0,0,9,9,0,0
0,0,7,213,0,1,1,0,1,2,7,1,3,2,2,0,0,0,0,0,0,0,0,3,0,0,0,0,0,10,9,0,0
0,0,3,661,2,1,0,1,1,1,3,1,0,3,1,1,1,0,0,0,0,0,0,0,0,0,0,0,0,4,9,0,0
0,0,4,263,1,1,0,1,1,2,4,0,0,0,2,0,0,0,0,0,0,0,0,0,0,0,0,0,0,6,1,0,0
0,0,8,187,0,1,1,0,2,2,8,1,1,2,2,0,0,0,0,0,0,0,0,2,0,1,0,0,0,7,9,0,0
0,0,3,413,2,1,0,1,1,1,3,1,0,3,1,1,1,0,0,0,0,0,0,0,0,0,0,0,0,5,9,0,0
0,0,3,279,1,1,0,1,1,1,3,1,0,4,1,1,2,0,0,0,0,1,0,0,0,0,0,0,0,6,9,0,0
0,0,4,239,0,0,0,0,2,1,4,1,1,1,1,0,0,0,1,0,1,0,1,1,0,0,0,0,0,7,9,0,0
0,0,12,197,3,1,0,1,5,3,12,1,1,2,3,1,1,0,1,1,0,0,0,2,0,2,0,0,0,33,9,0,1
0,0,3,161,2,1,0,1,1,1,3,1,0,3,1,1,2,0,0,0,0,0,0,0,0,0,0,0,0,7,9,0,0
0,0,3,131,0,2,2,0,2,2,3,1,0,0,2,0,0,0,1,0,1,0,1,0,0,0,0,0,0,4,10,0,0
0,0,3,151,2,2,1,1,1,1,3,1,0,3,1,1,2,0,0,0,0,0,0,0,0,0,0,0,0,7,9,0,0
0,0,11,293,0,1,1,0,2,3,11,1,2,2,3,0,0,0,0,1,0,1,0,3,1,1,0,0,0,14,10,0,0
0,0,3,141,2,1,0,1,1,1,3,1,0,3,1,1,2,0,0,0,0,0,0,0,0,0,0,0,0,7,9,0,0
0,0,13,331,2,0,0,0,3,10,13,1,1,1,10,0,0,0,0,1,0,0,1,3,0,2,0,0,0,14,9,0,0
0,0,3,171,2,1,0,1,1,1,3,1,0,1,1,1,2,0,0,0,0,0,0,0,0,0,0,0,0,7,9,0,0
0,0,4,91,1,1,1,0,1,3,4,1,1,2,3,0,0,0,0,0,1,0,0,1,0,0,0,0,0,9,9,0,0
8,0,4,103,2,1,0,1,3,7,4,1,1,2,7,1,3,0,2,0,1,0,1,1,0,0,0,0,0,9,9,0,0
0,0,3,121,2,1,0,1,1,2,3,1,0,2,2,1,1,0,0,0,1,0,0,0,0,0,0,0,0,9,9,0,0
0,0,18,233,3,6,4,2,7,5,18,1,1,4,5,2,1,0,2,1,0,0,2,4,1,3,0,0,0,19,9,0,0
0,0,3,153,0,1,1,0,1,0,3,0,0,0,0,0,0,0,0,0,0,0,0,0,0,0,0,0,0,3,1,0,0
1,1,11,215,1,0,0,0,2,5,11,0,1,0,5,0,0,0,0,0,0,0,0,3,0,1,0,0,0,20,1,0,0
0,0,9,353,5,0,0,0,3,3,9,0,1,4,3,0,0,0,0,0,2,0,0,1,0,1,0,0,0,14,1,0,0
0,0,6,395,5,0,0,0,2,1,6,0,0,2,1,0,0,0,1,0,0,0,0,1,0,1,0,0,0,8,1,0,0
0,0,4,559,1,1,0,1,1,4,4,0,0,0,4,1,2,0,0,0,0,0,0,0,0,0,0,0,0,13,1,0,1
0,0,4,293,1,1,0,1,1,1,4,0,0,1,1,1,2,0,0,0,0,0,0,1,0,0,0,0,0,7,1,0,0
0,0,10,189,6,1,0,1,2,4,10,2,1,3,4,1,2,0,1,0,0,0,0,2,0,1,0,0,0,17,1,0,0
0,0,4,381,0,0,0,0,1,3,4,0,0,1,3,0,0,0,0,0,0,0,0,0,0,0,0,0,0,10,1,0,0
0,0,3,245,0,0,0,0,1,0,3,1,0,0,0,0,0,0,0,0,0,0,0,0,0,0,0,0,0,5,1,0,0
0,0,8,421,2,0,0,0,1,3,8,0,1,1,3,0,0,0,0,0,0,0,0,2,2,0,0,0,0,5,9,0,0
0,0,3,163,1,1,0,1,1,0,3,1,0,0,0,0,0,0,0,0,0,0,0,0,0,0,0,0,0,5,9,0,0
0,0,13,305,2,3,2,1,4,7,13,1,1,0,7,1,1,0,1,0,0,0,0,3,0,1,0,0,0,12,2,0,0
0,0,6,335,2,1,1,0,1,3,6,1,1,0,3,0,0,0,0,0,0,0,0,1,0,0,0,0,0,8,10,0,0
0,0,7,255,1,2,1,1,1,4,7,0,0,0,4,1,1,0,0,0,0,0,0,0,0,0,0,0,0,4,2,0,0
0,0,6,275,1,1,1,0,1,4,6,1,1,3,4,0,0,0,0,0,0,0,0,1,0,0,0,0,0,8,2,0,0
0,0,8,527,2,0,0,0,3,3,8,0,0,1,3,0,0,0,1,0,1,1,0,0,0,2,0,0,0,21,1,0,1
0,0,4,175,1,0,0,0,1,3,4,0,0,1,3,0,0,0,0,0,0,0,0,1,0,0,0,0,0,10,1,0,0
0,0,4,449,1,0,0,0,1,3,4,0,1,0,3,0,0,0,0,0,0,0,0,1,0,0,0,0,0,9,1,0,0
0,0,13,479,2,0,0,0,3,5,13,0,1,2,5,0,0,0,1,1,3,2,0,1,0,2,0,0,0,33,1,0,1
0,0,18,905,2,1,0,1,5,2,18,0,0,2,2,0,0,0,0,0,0,0,0,0,0,1,0,0,0,10,1,0,0
0,0,6,1057,1,0,0,0,2,4,6,0,0,1,4,0,0,0,1,0,0,0,0,0,0,1,0,0,0,7,1,0,0
1,1,13,723,1,3,1,2,2,4,13,0,0,0,4,2,2,0,0,0,0,0,0,1,0,1,0,0,0,8,2,0,0
0,0,7,229,2,1,0,1,1,2,7,1,2,0,2,0,0,0,0,0,0,0,0,2,0,0,0,0,0,8,9,0,0
0,0,7,247,2,1,0,1,1,2,7,1,2,0,2,0,0,0,0,0,0,0,0,2,0,0,0,0,0,9,9,0,0
0,0,64,361,2,3,0,3,16,6,64,1,1,1,6,0,0,0,0,0,0,1,15,14,0,1,0,0,0,14,1,0,0
0,0,3,477,0,1,1,0,1,0,3,1,0,0,0,0,0,0,0,0,0,0,0,0,0,0,0,0,0,3,1,0,0
1,1,20,315,3,4,0,4,3,14,20,3,6,2,14,4,2,0,2,0,0,1,1,6,0,1,0,0,0,28,9,0,0
0,0,5,463,0,0,0,0,1,2,5,1,1,0,2,0,0,0,0,0,0,0,0,1,0,0,0,0,0,7,1,0,0
0,0,3,453,0,0,0,0,1,0,3,1,0,0,0,0,0,0,0,0,0,0,0,0,0,0,0,0,0,5,1,0,0
0,0,7,193,2,1,0,1,1,2,7,1,2,0,2,0,0,0,0,0,0,0,0,2,0,0,0,0,0,8,9,0,0
0,0,3,399,0,1,1,0,1,2,3,1,0,1,2,0,0,0,0,0,0,0,0,0,0,0,0,0,0,18,10,0,0
0,0,3,487,0,1,1,0,1,0,3,1,0,0,0,0,0,0,0,0,0,0,0,0,0,0,0,0,0,3,1,0,0
0,0,28,231,6,2,0,2,2,14,28,1,7,5,14,2,1,0,1,0,0,3,1,7,0,1,1,0,0,38,9,0,0
0,0,5,151,1,0,0,0,1,6,5,0,0,1,6,0,0,0,0,0,0,0,1,3,1,0,0,0,0,15,1,0,0
0,0,3,497,0,0,0,0,1,0,3,1,0,0,0,0,0,0,0,0,0,0,0,0,0,0,0,0,0,4,1,0,0
0,0,3,433,0,0,0,0,1,0,3,1,0,0,0,0,0,0,0,0,0,0,0,0,0,0,0,0,0,4,1,0,0
0,0,18,167,1,3,2,1,4,3,18,1,1,1,3,0,0,0,0,0,0,0,0,9,0,1,0,0,0,11,9,0,0
0,0,3,423,0,1,1,0,1,0,3,1,0,0,0,0,0,0,0,0,0,0,0,0,0,0,0,0,0,3,1,0,0
0,0,3,443,0,1,1,0,1,0,3,1,0,0,0,0,0,0,0,0,0,0,0,0,0,0,0,0,0,4,1,0,0
0,0,3,409,1,3,1,2,1,5,3,1,0,2,5,2,1,0,0,0,0,0,0,0,0,0,0,0,0,10,10,0,0
0,0,15,1009,2,0,0,0,3,10,15,0,1,0,10,0,0,0,1,0,0,0,1,1,0,1,0,0,0,11,1,0,0
0,0,2,143,0,1,1,0,1,0,2,0,0,0,0,0,0,0,0,0,0,0,0,0,0,0,0,0,0,3,1,0,0
0,0,7,211,2,1,0,1,1,2,7,1,2,0,2,0,0,0,0,0,0,0,0,2,0,0,0,0,0,8,9,0,0
0,0,32,527,2,5,1,4,7,14,32,0,2,0,14,4,5,0,0,0,0,0,1,3,0,2,0,0,0,29,2,0,0
0,0,8,879,0,4,4,0,1,2,8,0,0,0,2,0,0,0,0,0,0,4,0,1,0,0,0,0,0,5,2,0,0
0,0,15,793,3,2,2,0,3,9,15,1,5,0,9,0,0,0,0,0,0,0,4,5,1,1,0,0,0,16,2,0,0
0,0,15,835,0,3,3,0,5,1,15,1,2,1,1,0,0,1,2,0,0,1,2,4,0,2,0,0,0,10,2,0,0
0,0,21,669,3,4,1,3,3,16,21,0,2,0,16,3,1,0,1,0,1,1,0,2,0,2,0,0,0,34,2,0,0
0,0,13,759,1,5,2,3,2,7,13,2,1,0,7,3,1,0,0,0,0,1,0,1,0,1,0,0,0,12,2,0,0
0,0,8,503,0,1,1,0,2,0,8,0,0,2,0,0,0,0,0,0,0,0,0,2,0,1,0,0,0,5,2,0,0
0,0,6,989,1,1,1,0,3,4,6,0,0,1,4,0,0,0,1,0,0,0,1,1,0,1,0,0,0,6,2,0,0
0,0,26,603,3,3,1,2,5,14,26,0,1,0,14,2,1,0,2,0,1,0,0,3,0,2,0,0,0,30,2,0,0
0,0,17,949,1,1,1,0,5,2,17,0,0,1,2,0,0,0,0,0,0,0,0,0,0,1,0,0,0,3,2,0,0
0,0,29,267,8,0,0,0,3,9,29,1,4,3,9,0,0,1,1,0,0,0,1,12,0,1,0,0,0,34,1,0,0
0,0,3,279,0,0,0,0,1,1,3,0,0,1,1,0,0,0,0,0,0,0,0,0,0,0,0,0,0,5,1,0,0
0,0,18,641,3,1,1,0,2,5,18,0,2,0,5,0,0,0,1,0,0,0,1,3,0,1,1,0,0,26,1,0,0
0,0,11,1229,2,0,0,0,2,4,11,0,1,1,4,0,0,0,1,0,0,0,0,2,2,1,0,0,0,6,1,0,0
0,0,5,207,1,2,0,2,1,2,5,1,1,1,2,1,1,0,0,0,0,0,0,1,0,0,0,0,0,12,9,0,0
0,0,24,293,4,1,1,0,1,7,24,0,2,1,7,0,0,0,0,0,0,1,0,4,1,0,2,0,0,24,2,0,0
0,0,8,719,0,0,0,0,2,8,8,0,0,0,8,0,0,0,0,0,0,1,0,0,1,1,0,0,0,5,1,0,0
0,0,4,1193,1,0,0,0,1,4,4,0,1,0,4,0,0,0,0,0,0,0,0,1,0,0,0,0,0,9,1,0,0
0,0,5,221,1,1,1,0,1,1,5,1,1,1,1,0,0,0,0,0,0,0,0,1,0,0,0,0,0,7,9,0,0
0,0,8,741,2,1,1,0,2,2,8,0,3,0,2,0,0,1,0,0,0,0,1,4,0,1,0,0,0,10,2,0,0
0,0,19,411,3,1,1,0,6,6,19,0,1,1,6,0,0,0,3,0,1,0,0,3,0,2,0,0,0,19,2,0,0
0,0,5,193,2,1,0,1,1,1,5,1,1,1,1,0,0,0,0,0,0,0,0,1,0,0,0,0,0,8,9,0,0
0,0,64,939,4,0,0,0,7,17,64,0,7,0,17,0,0,1,2,0,0,3,0,9,0,3,4,0,0,38,1,0,0
0,0,4,705,1,0,0,0,1,2,4,0,0,1,2,0,0,0,0,0,0,0,0,0,0,0,0,0,0,10,1,0,0
0,0,4,1209,0,0,0,0,1,3,4,0,0,0,3,0,0,0,0,0,0,0,0,0,0,0,0,0,0,4,1,0,0
0,0,5,317,3,2,0,2,1,3,5,0,2,1,3,0,0,0,0,0,0,0,0,2,0,0,0,0,0,15,1,0,0
0,0,8,505,1,0,0,0,7,5,8,0,0,2,5,0,0,0,2,0,2,4,0,0,0,1,0,0,0,7,1,0,0
0,0,2,799,0,0,0,0,1,0,2,0,0,4,0,0,0,0,0,0,0,0,0,0,0,0,0,0,0,6,1,0,0
0,0,3,207,1,0,0,0,1,2,3,0,0,1,2,0,0,0,0,0,0,0,0,0,0,0,0,0,0,6,1,0,0
0,0,62,237,8,2,0,2,12,30,62,2,7,2,30,2,2,0,3,0,1,0,1,7,0,3,0,0,0,29,1,0,0
0,0,5,411,2,0,0,0,2,1,5,0,0,1,1,0,0,0,1,0,0,0,0,0,0,1,0,0,0,8,1,0,0
0,0,9,493,2,2,2,0,3,0,9,3,0,0,0,0,0,0,0,0,0,1,0,0,0,1,0,0,0,18,2,0,1
0,0,5,137,2,0,0,0,1,1,5,0,0,2,1,0,0,0,0,0,0,0,0,3,0,0,0,0,0,7,1,0,0
0,0,3,513,0,0,0,0,1,0,3,1,0,0,0,0,0,0,0,0,0,0,0,0,0,0,0,0,0,6,1,0,0
0,0,6,151,3,0,0,0,1,1,6,0,0,3,1,0,0,0,0,0,0,0,0,4,0,0,0,0,0,8,1,0,0
0,0,3,523,1,0,0,0,1,1,3,1,0,1,1,0,0,0,0,0,0,0,0,0,0,0,0,0,0,6,9,0,0
0,0,17,809,0,1,1,0,3,6,17,1,2,3,6,0,0,0,0,1,0,0,0,4,0,2,0,0,0,12,2,0,0
2,0,20,169,6,0,0,0,3,10,22,1,3,2,10,0,0,0,2,0,0,0,0,7,0,1,1,0,0,30,1,0,0
0,0,13,487,5,1,0,1,5,7,13,1,0,2,7,1,1,1,2,0,0,0,1,1,0,2,0,0,0,16,1,0,0
1,0,20,1125,5,2,2,0,6,16,21,0,2,1,16,0,0,0,4,0,0,0,3,2,0,1,0,0,0,16,2,0,0
19,2,14,721,8,1,1,0,8,16,31,1,5,0,16,0,0,0,3,0,2,0,0,5,0,2,0,0,0,27,2,0,0
0,0,22,427,7,2,1,1,8,20,22,2,2,1,20,1,1,0,1,0,3,0,2,2,0,2,0,0,0,18,2,0,0
0,0,4,217,4,0,0,0,1,1,4,1,0,3,1,0,0,0,0,0,0,0,0,1,0,0,0,0,0,9,1,0,0
0,0,3,373,1,1,0,1,1,2,3,0,0,1,2,0,0,0,0,0,0,0,0,0,0,0,0,0,0,6,1,0,0
0,0,65,231,9,3,0,3,19,37,65,2,13,0,37,3,1,0,13,1,2,3,5,15,1,5,2,0,0,52,1,0,0
0,0,3,475,4,0,0,0,1,1,3,1,0,2,1,0,0,0,0,0,0,0,0,0,0,0,0,0,0,7,1,0,0
0,0,2,527,2,0,0,0,1,0,2,0,0,1,0,0,0,0,0,0,0,0,0,0,0,0,0,0,0,4,1,0,0
0,0,2,199,0,1,1,0,1,0,2,0,0,0,0,0,0,0,0,0,0,0,0,0,0,0,0,0,0,3,1,0,0
0,0,46,567,2,2,2,0,14,8,46,5,4,0,8,0,0,0,6,1,1,3,6,19,0,1,0,0,0,29,2,0,0
0,0,71,363,6,3,3,0,6,20,71,1,5,1,20,0,0,0,4,1,0,3,1,11,2,1,2,0,0,41,2,0,0
0,0,36,837,3,3,1,2,1,5,36,0,1,0,5,2,1,0,0,0,0,0,0,3,0,0,2,0,0,42,1,0,0
0,0,22,237,6,3,0,3,5,11,22,3,0,3,11,3,2,0,3,0,0,0,0,4,0,1,0,0,0,39,1,0,0
0,0,5,705,0,0,0,0,1,1,5,0,0,0,1,0,0,0,0,0,0,0,0,0,0,0,0,0,0,1,0,0,0
0,0,3,393,2,1,0,1,1,1,3,0,0,1,1,0,0,0,0,0,0,0,0,0,0,0,0,0,0,5,1,0,0
0,0,3,561,3,0,0,0,1,1,3,0,0,4,1,0,0,0,0,0,0,0,0,1,0,0,0,0,0,7,1,0,0
0,0,2,573,1,0,0,0,1,0,2,0,0,1,0,0,0,0,0,0,0,0,0,0,0,0,0,0,0,4,1,0,0
0,0,4,661,2,0,0,0,1,1,4,0,0,4,1,0,0,0,0,0,0,0,0,2,0,0,0,0,0,12,1,0,0
0,0,32,539,3,1,1,0,6,9,32,1,3,0,9,0,0,1,4,0,0,0,2,7,0,3,1,0,0,26,1,0,0
0,0,8,773,1,1,0,1,2,2,8,0,0,4,2,0,0,0,0,0,0,0,0,0,0,1,0,0,0,11,1,0,0
0,0,2,813,1,0,0,0,1,0,2,0,0,1,0,0,0,0,0,0,0,0,0,0,0,0,0,0,0,5,1,0,0
0,0,5,343,3,2,0,2,1,4,5,0,2,1,4,0,0,0,0,0,0,0,0,2,0,0,0,0,0,13,1,0,0
0,0,4,439,2,2,0,2,1,4,4,0,0,1,4,0,0,0,0,0,1,0,0,0,0,0,0,0,0,10,1,0,0
0,0,16,1005,4,2,0,2,1,8,16,0,3,2,8,0,0,0,0,0,0,0,0,3,0,0,1,0,0,18,1,0,0
0,0,3,1063,1,2,0,2,1,1,3,0,0,2,1,0,0,0,0,0,0,0,0,0,0,0,0,0,0,5,1,0,0
0,0,3,1089,2,2,0,2,1,1,3,0,0,2,1,0,0,0,0,0,0,0,0,0,0,0,0,0,0,8,1,0,0
0,0,13,859,3,2,0,2,4,19,13,0,1,1,19,0,0,0,1,0,1,0,2,3,0,1,0,0,0,35,1,0,0
0,0,7,913,2,2,0,2,1,3,7,0,0,1,3,0,0,0,0,0,0,0,0,1,0,0,0,0,0,10,1,0,0
0,0,3,1103,1,2,0,2,1,1,3,0,0,2,1,0,0,0,0,0,0,0,0,0,0,0,0,0,0,5,1,0,0
0,0,3,1017,1,1,0,1,1,1,3,0,0,0,1,0,0,0,0,0,0,0,0,0,0,0,0,0,0,4,1,0,0
0,0,2,675,1,0,0,0,1,0,2,0,0,1,0,0,0,0,0,0,0,0,0,0,0,0,0,0,0,4,1,0,0
0,0,7,907,4,0,0,0,2,3,7,0,1,2,3,0,0,0,1,0,0,0,1,2,0,1,0,0,0,18,1,0,0
0,0,3,945,1,5,4,1,1,1,3,0,0,0,1,1,0,0,0,0,0,0,0,0,0,0,0,0,0,1,1,0,0
0,0,5,189,0,0,0,0,1,0,5,0,0,0,0,0,0,0,0,0,0,0,0,3,0,0,0,0,0,10,1,0,0
20,0,13,643,0,1,1,0,3,4,13,3,2,0,4,0,0,0,0,0,0,1,0,4,2,1,0,0,0,6,0,0,0
0,0,3,203,2,1,0,1,1,1,3,1,0,1,1,1,1,0,0,0,0,0,0,0,0,0,0,0,0,5,9,0,0
48,0,37,715,3,2,0,2,7,7,37,0,2,1,7,2,2,0,1,0,0,0,0,5,0,2,0,0,0,21,1,0,0
4,0,3,295,0,1,1,0,2,0,3,1,0,2,0,0,0,0,0,0,1,0,0,0,0,0,0,0,0,3,2,0,0
0,0,3,699,0,0,0,0,1,1,3,0,0,0,1,0,0,0,0,0,0,0,0,0,0,0,0,0,0,1,1,0,0
153,1,112,307,17,3,0,3,5,33,112,1,14,1,33,3,2,0,3,0,1,3,3,31,1,3,2,0,0,87,1,0,0
0,0,11,241,1,1,0,1,2,7,11,0,0,0,7,1,1,0,1,0,0,0,0,0,0,1,0,0,0,10,1,0,0
13,0,9,685,1,6,4,2,1,3,9,0,0,0,3,1,1,0,0,0,0,0,0,0,0,0,1,0,0,7,0,0,0
0,0,2,935,1,0,0,0,1,0,2,0,0,1,0,0,0,0,0,0,0,0,0,0,0,0,0,0,0,4,1,0,0
0,0,4,813,1,0,0,0,1,2,4,1,1,0,2,0,0,0,0,0,0,0,0,1,0,0,0,0,0,9,4,0,0
0,0,6,223,1,2,2,0,1,1,6,1,1,2,1,0,0,0,0,0,0,0,0,1,0,0,0,0,0,6,9,0,0
0,0,27,827,4,0,0,0,7,12,27,1,5,2,12,0,0,0,5,0,1,1,1,15,1,1,0,0,0,49,1,0,0
0,0,18,569,7,2,0,2,2,10,18,0,5,4,10,0,0,0,0,0,0,1,0,6,1,1,0,0,0,27,1,0,0
0,0,2,543,1,0,0,0,1,0,2,0,0,1,0,0,0,0,0,0,0,0,0,0,0,0,0,0,0,4,1,0,0
0,0,25,475,5,2,0,2,4,10,25,0,2,4,10,0,0,0,3,0,1,0,3,5,0,1,0,0,0,22,1,0,0
0,0,9,269,1,2,2,0,3,2,9,0,1,0,2,0,0,0,2,0,0,0,0,3,0,1,0,0,0,23,2,0,0
0,0,3,213,2,1,0,1,1,1,3,1,0,1,1,1,1,0,0,0,0,0,0,0,0,0,0,0,0,5,9,0,0
0,0,11,241,1,1,0,1,2,7,11,0,0,0,7,1,1,0,1,0,0,0,0,0,0,1,0,0,0,10,1,0,0
1,1,112,307,17,2,0,2,5,32,112,1,14,1,32,2,2,0,3,0,1,3,1,31,0,3,2,0,0,86,1,0,0
0,0,3,295,0,0,0,0,2,0,3,1,0,2,0,0,0,0,0,0,1,0,0,0,0,0,0,0,0,3,2,0,0
0,0,37,715,3,2,0,2,7,7,37,0,2,1,7,2,2,0,1,0,0,0,0,5,0,2,0,0,0,21,1,0,0
0,0,3,203,2,1,0,1,1,1,3,1,0,1,1,1,1,0,0,0,0,0,0,0,0,0,0,0,0,5,9,0,0
0,0,13,643,0,1,1,0,3,4,13,3,2,0,4,0,0,0,0,0,0,1,0,4,2,1,0,0,0,6,0,0,0
0,0,3,945,1,5,4,1,1,1,3,0,0,0,1,1,0,0,0,0,0,0,0,0,0,0,0,0,0,1,1,0,0
0,0,2,935,1,0,0,0,1,0,2,0,0,1,0,0,0,0,0,0,0,0,0,0,0,0,0,0,0,4,1,0,0
0,0,3,699,0,0,0,0,1,1,3,0,0,0,1,0,0,0,0,0,0,0,0,0,0,0,0,0,0,1,1,0,0
0,0,9,269,1,2,2,0,3,2,9,0,1,0,2,0,0,0,2,0,0,0,0,3,0,1,0,0,0,23,2,0,0
0,0,5,189,0,0,0,0,1,0,5,0,0,0,0,0,0,0,0,0,0,0,0,3,0,0,0,0,0,10,1,0,0
0,0,6,223,1,2,2,0,1,1,6,1,1,2,1,0,0,0,0,0,0,0,0,1,0,0,0,0,0,6,9,0,0
0,0,27,827,4,0,0,0,7,12,27,1,5,2,12,0,0,0,5,0,1,1,1,15,1,1,0,0,0,49,1,0,0
0,0,18,569,7,2,0,2,2,10,18,0,5,4,10,0,0,0,0,0,0,1,0,6,1,1,0,0,0,27,1,0,0
0,0,2,543,1,0,0,0,1,0,2,0,0,1,0,0,0,0,0,0,0,0,0,0,0,0,0,0,0,4,1,0,0
0,0,25,475,5,2,0,2,4,10,25,0,2,4,10,0,0,0,3,0,1,0,3,5,0,1,0,0,0,22,1,0,0
0,0,7,907,4,0,0,0,2,3,7,0,1,2,3,0,0,0,1,0,0,0,1,2,0,1,0,0,0,18,1,0,0
0,0,4,813,1,0,0,0,1,2,4,1,1,0,2,0,0,0,0,0,0,0,0,1,0,0,0,0,0,9,4,0,0
0,0,9,685,1,6,4,2,1,3,9,0,0,0,3,1,1,0,0,0,0,0,0,0,0,0,1,0,0,7,0,0,0
0,0,3,213,2,1,0,1,1,1,3,1,0,1,1,1,1,0,0,0,0,0,0,0,0,0,0,0,0,5,9,0,0
0,0,4,241,0,0,0,0,2,1,4,1,1,1,1,0,0,0,1,0,1,0,1,1,0,0,0,0,0,7,9,0,0
0,0,3,663,2,1,0,1,1,1,3,1,0,3,1,1,1,0,0,0,0,0,0,0,0,0,0,0,0,4,9,0,0
0,0,8,189,0,1,1,0,2,2,8,1,1,2,2,0,0,0,0,0,0,0,0,2,0,1,0,0,0,7,9,0,0
0,0,6,113,0,0,0,0,2,4,6,2,2,1,4,0,0,0,0,0,0,1,0,2,1,1,0,0,0,22,9,0,0
0,0,8,133,0,0,0,0,3,6,8,2,2,1,6,0,0,0,0,0,0,1,0,2,1,2,0,0,0,17,9,0,0
0,0,36,293,1,6,3,3,13,17,36,2,6,5,17,3,1,1,1,1,0,6,2,10,3,5,0,0,0,25,9,0,0
0,0,69,427,2,2,1,1,23,23,69,2,12,4,23,1,0,4,3,1,0,13,4,18,8,7,0,0,0,45,9,0,0
0,0,3,281,1,1,0,1,1,1,3,1,0,4,1,1,2,0,0,0,0,1,0,0,0,0,0,0,0,6,9,0,0
0,0,68,675,2,4,3,1,23,22,68,2,12,4,22,1,0,4,3,1,0,13,3,18,8,7,0,0,0,42,9,0,0
0,0,10,159,0,0,0,0,2,5,10,2,2,1,5,0,0,0,0,0,0,1,0,2,1,1,0,0,0,18,9,0,0
0,0,9,255,0,1,0,1,1,1,9,0,0,5,1,0,0,0,0,0,0,0,0,0,0,0,1,0,0,9,9,0,0
0,0,7,215,0,1,1,0,1,2,7,1,3,2,2,0,0,0,0,0,0,0,0,3,0,0,0,0,0,10,9,0,0
0,0,4,265,1,1,0,1,1,2,4,0,0,0,2,0,0,0,0,0,0,0,0,0,0,0,0,0,0,6,1,0,0
0,0,3,415,2,1,0,1,1,1,3,1,0,3,1,1,1,0,0,0,0,0,0,0,0,0,0,0,0,5,9,0,0
0,0,7,201,0,1,1,0,1,2,7,1,3,2,2,0,0,0,0,0,0,0,0,3,0,0,0,0,0,10,9,0,0
0,0,3,267,1,1,0,1,1,1,3,1,0,4,1,1,2,0,0,0,0,1,0,0,0,0,0,0,0,6,9,0,0
0,0,3,401,2,1,0,1,1,1,3,1,0,3,1,1,1,0,0,0,0,0,0,0,0,0,0,0,0,5,9,0,0
0,0,8,175,0,1,1,0,2,2,8,1,1,2,2,0,0,0,0,0,0,0,0,2,0,1,0,0,0,7,9,0,0
0,0,9,241,0,1,0,1,1,1,9,0,0,5,1,0,0,0,0,0,0,0,0,0,0,0,1,0,0,9,9,0,0
2,2,10,145,0,0,0,0,2,5,10,2,2,1,5,0,0,0,0,0,0,1,0,2,1,1,0,0,0,18,9,0,0
0,0,3,649,2,1,0,1,1,1,3,1,0,3,1,1,1,0,0,0,0,0,0,0,0,0,0,0,0,4,9,0,0
0,0,8,119,0,0,0,0,3,6,8,2,2,1,6,0,0,0,0,0,0,1,0,2,1,2,0,0,0,17,9,0,0
0,0,6,99,0,0,0,0,2,4,6,2,2,1,4,0,0,0,0,0,0,1,0,2,1,1,0,0,0,22,9,0,0
0,0,68,661,2,4,3,1,23,22,68,2,12,4,22,1,0,4,3,1,0,13,3,18,8,7,0,0,0,42,9,0,0
0,0,69,413,2,2,1,1,23,23,69,2,12,4,23,1,0,4,3,1,0,13,4,18,8,7,0,0,0,45,9,0,0
0,0,4,227,0,0,0,0,2,1,4,1,1,1,1,0,0,0,1,0,1,0,1,1,0,0,0,0,0,7,9,0,0
0,0,36,279,1,6,3,3,13,17,36,2,6,5,17,3,1,1,1,1,0,6,2,10,3,5,0,0,0,25,9,0,0
0,0,4,251,1,1,0,1,1,2,4,0,0,0,2,0,0,0,0,0,0,0,0,0,0,0,0,0,0,6,1,0,0
0,0,36,281,1,6,3,3,13,17,36,2,6,5,17,3,1,1,1,1,0,6,2,10,3,5,0,0,0,25,9,0,0
0,0,10,147,0,0,0,0,2,5,10,2,2,1,5,0,0,0,0,0,0,1,0,2,1,1,0,0,0,18,9,0,0
0,0,8,121,0,0,0,0,3,6,8,2,2,1,6,0,0,0,0,0,0,1,0,2,1,2,0,0,0,17,9,0,0
0,0,3,403,2,1,0,1,1,1,3,1,0,3,1,1,1,0,0,0,0,0,0,0,0,0,0,0,0,5,9,0,0
0,0,4,253,1,1,0,1,1,2,4,0,0,0,2,0,0,0,0,0,0,0,0,0,0,0,0,0,0,6,1,0,0
0,0,3,269,1,1,0,1,1,1,3,1,0,4,1,1,2,0,0,0,0,1,0,0,0,0,0,0,0,6,9,0,0
0,0,3,651,2,1,0,1,1,1,3,1,0,3,1,1,1,0,0,0,0,0,0,0,0,0,0,0,0,4,9,0,0
0,0,9,243,0,1,0,1,1,1,9,0,0,5,1,0,0,0,0,0,0,0,0,0,0,0,1,0,0,9,9,0,0
0,0,68,663,2,4,3,1,23,22,68,2,12,4,22,1,0,4,3,1,0,13,3,18,8,7,0,0,0,42,9,0,0
0,0,69,415,2,2,1,1,23,23,69,2,12,4,23,1,0,4,3,1,0,13,4,18,8,7,0,0,0,45,9,0,0
0,0,4,229,0,0,0,0,2,1,4,1,1,1,1,0,0,0,1,0,1,0,1,1,0,0,0,0,0,7,9,0,0
0,0,6,101,0,0,0,0,2,4,6,2,2,1,4,0,0,0,0,0,0,1,0,2,1,1,0,0,0,22,9,0,0
0,0,7,203,0,1,1,0,1,2,7,1,3,2,2,0,0,0,0,0,0,0,0,3,0,0,0,0,0,10,9,0,0
0,0,8,177,0,1,1,0,2,2,8,1,1,2,2,0,0,0,0,0,0,0,0,2,0,1,0,0,0,7,9,0,0
0,0,6,113,0,0,0,0,2,4,6,2,2,1,4,0,0,0,0,0,0,1,0,2,1,1,0,0,0,22,9,0,0
0,0,8,133,0,0,0,0,3,6,8,2,2,1,6,0,0,0,0,0,0,1,0,2,1,2,0,0,0,17,9,0,0
0,0,9,255,0,1,0,1,1,1,9,0,0,5,1,0,0,0,0,0,0,0,0,0,0,0,1,0,0,9,9,0,0
0,0,69,427,2,2,1,1,23,23,69,2,12,4,23,1,0,4,3,1,0,13,4,18,8,7,0,0,0,45,9,0,0
0,0,3,281,1,1,0,1,1,1,3,1,0,4,1,1,2,0,0,0,0,1,0,0,0,0,0,0,0,6,9,0,0
0,0,68,675,2,4,3,1,23,22,68,2,12,4,22,1,0,4,3,1,0,13,3,18,8,7,0,0,0,42,9,0,0
0,0,36,293,1,6,3,3,13,17,36,2,6,5,17,3,1,1,1,1,0,6,2,10,3,5,0,0,0,25,9,0,0
0,0,3,415,2,1,0,1,1,1,3,1,0,3,1,1,1,0,0,0,0,0,0,0,0,0,0,0,0,5,9,0,0
0,0,4,241,0,0,0,0,2,1,4,1,1,1,1,0,0,0,1,0,1,0,1,1,0,0,0,0,0,7,9,0,0
0,0,8,189,0,1,1,0,2,2,8,1,1,2,2,0,0,0,0,0,0,0,0,2,0,1,0,0,0,7,9,0,0
0,0,10,159,0,0,0,0,2,5,10,2,2,1,5,0,0,0,0,0,0,1,0,2,1,1,0,0,0,18,9,0,0
0,0,7,215,0,1,1,0,1,2,7,1,3,2,2,0,0,0,0,0,0,0,0,3,0,0,0,0,0,10,9,0,0
0,0,4,265,1,1,0,1,1,2,4,0,0,0,2,0,0,0,0,0,0,0,0,0,0,0,0,0,0,6,1,0,0
0,0,3,663,2,1,0,1,1,1,3,1,0,3,1,1,1,0,0,0,0,0,0,0,0,0,0,0,0,4,9,0,0
0,0,3,651,2,1,0,1,1,1,3,1,0,3,1,1,1,0,0,0,0,0,0,0,0,0,0,0,0,4,9,0,0
0,0,9,243,0,1,0,1,1,1,9,0,0,5,1,0,0,0,0,0,0,0,0,0,0,0,1,0,0,9,9,0,0
0,0,68,663,2,4,3,1,23,22,68,2,12,4,22,1,0,4,3,1,0,13,3,18,8,7,0,0,0,42,9,0,0
0,0,69,415,2,2,1,1,23,23,69,2,12,4,23,1,0,4,3,1,0,13,4,18,8,7,0,0,0,45,9,0,0
0,0,4,253,1,1,0,1,1,2,4,0,0,0,2,0,0,0,0,0,0,0,0,0,0,0,0,0,0,6,1,0,0
0,0,3,269,1,1,0,1,1,1,3,1,0,4,1,1,2,0,0,0,0,1,0,0,0,0,0,0,0,6,9,0,0
0,0,7,203,0,1,1,0,1,2,7,1,3,2,2,0,0,0,0,0,0,0,0,3,0,0,0,0,0,10,9,0,0
0,0,8,177,0,1,1,0,2,2,8,1,1,2,2,0,0,0,0,0,0,0,0,2,0,1,0,0,0,7,9,0,0
0,0,3,403,2,1,0,1,1,1,3,1,0,3,1,1,1,0,0,0,0,0,0,0,0,0,0,0,0,5,9,0,0
0,0,8,121,0,0,0,0,3,6,8,2,2,1,6,0,0,0,0,0,0,1,0,2,1,2,0,0,0,17,9,0,0
0,0,10,147,0,0,0,0,2,5,10,2,2,1,5,0,0,0,0,0,0,1,0,2,1,1,0,0,0,18,9,0,0
0,0,36,281,1,6,3,3,13,17,36,2,6,5,17,3,1,1,1,1,0,6,2,10,3,5,0,0,0,25,9,0,0
0,0,6,101,0,0,0,0,2,4,6,2,2,1,4,0,0,0,0,0,0,1,0,2,1,1,0,0,0,22,9,0,0
0,0,4,229,0,0,0,0,2,1,4,1,1,1,1,0,0,0,1,0,1,0,1,1,0,0,0,0,0,7,9,0,0
0,0,10,145,0,0,0,0,2,5,10,2,2,1,5,0,0,0,0,0,0,1,0,2,1,1,0,0,0,18,9,0,0
0,0,4,251,1,1,0,1,1,2,4,0,0,0,2,0,0,0,0,0,0,0,0,0,0,0,0,0,0,6,1,0,0
0,0,69,413,2,2,1,1,23,23,69,2,12,4,23,1,0,4,3,1,0,13,4,18,8,7,0,0,0,45,9,0,0
0,0,7,201,0,1,1,0,1,2,7,1,3,2,2,0,0,0,0,0,0,0,0,3,0,0,0,0,0,10,9,0,0
0,0,36,279,1,6,3,3,13,17,36,2,6,5,17,3,1,1,1,1,0,6,2,10,3,5,0,0,0,25,9,0,0
0,0,4,227,0,0,0,0,2,1,4,1,1,1,1,0,0,0,1,0,1,0,1,1,0,0,0,0,0,7,9,0,0
0,0,6,99,0,0,0,0,2,4,6,2,2,1,4,0,0,0,0,0,0,1,0,2,1,1,0,0,0,22,9,0,0
0,0,3,649,2,1,0,1,1,1,3,1,0,3,1,1,1,0,0,0,0,0,0,0,0,0,0,0,0,4,9,0,0
0,0,68,661,2,4,3,1,23,22,68,2,12,4,22,1,0,4,3,1,0,13,3,18,8,7,0,0,0,42,9,0,0
0,0,8,175,0,1,1,0,2,2,8,1,1,2,2,0,0,0,0,0,0,0,0,2,0,1,0,0,0,7,9,0,0
0,0,3,401,2,1,0,1,1,1,3,1,0,3,1,1,1,0,0,0,0,0,0,0,0,0,0,0,0,5,9,0,0
0,0,3,267,1,1,0,1,1,1,3,1,0,4,1,1,2,0,0,0,0,1,0,0,0,0,0,0,0,6,9,0,0
0,0,8,119,0,0,0,0,3,6,8,2,2,1,6,0,0,0,0,0,0,1,0,2,1,2,0,0,0,17,9,0,0
0,0,9,241,0,1,0,1,1,1,9,0,0,5,1,0,0,0,0,0,0,0,0,0,0,0,1,0,0,9,9,0,0
0,0,13,643,0,1,1,0,3,4,13,3,2,0,4,0,0,0,0,0,0,1,0,4,2,1,0,0,0,6,0,0,0
0,0,3,295,0,1,1,0,2,0,3,1,0,2,0,0,0,0,0,0,1,0,0,0,0,0,0,0,0,3,2,0,0
1,1,112,307,17,3,0,3,5,33,112,1,14,1,33,3,2,0,3,0,1,3,3,31,1,3,2,0,0,87,1,0,0
0,0,11,241,1,1,0,1,2,7,11,0,0,0,7,1,1,0,1,0,0,0,0,0,0,1,0,0,0,10,1,0,0
0,0,9,685,1,6,4,2,1,3,9,0,0,0,3,1,1,0,0,0,0,0,0,0,0,0,1,0,0,7,0,0,0
0,0,37,715,3,2,0,2,7,7,37,0,2,1,7,2,2,0,1,0,0,0,0,5,0,2,0,0,0,21,1,0,0
0,0,3,213,2,1,0,1,1,1,3,1,0,1,1,1,1,0,0,0,0,0,0,0,0,0,0,0,0,5,9,0,0
0,0,25,475,5,2,0,2,4,10,25,0,2,4,10,0,0,0,3,0,1,0,3,5,0,1,0,0,0,22,1,0,0
0,0,6,223,1,2,2,0,1,1,6,1,1,2,1,0,0,0,0,0,0,0,0,1,0,0,0,0,0,6,9,0,0
0,0,27,827,4,0,0,0,7,12,27,1,5,2,12,0,0,0,5,0,1,1,1,15,1,1,0,0,0,49,1,0,0
0,0,18,569,7,2,0,2,2,10,18,0,5,4,10,0,0,0,0,0,0,1,0,6,1,1,0,0,0,27,1,0,0
0,0,2,543,1,0,0,0,1,0,2,0,0,1,0,0,0,0,0,0,0,0,0,0,0,0,0,0,0,4,1,0,0
0,0,3,945,1,5,4,1,1,1,3,0,0,0,1,1,0,0,0,0,0,0,0,0,0,0,0,0,0,1,1,0,0
0,0,2,935,1,0,0,0,1,0,2,0,0,1,0,0,0,0,0,0,0,0,0,0,0,0,0,0,0,4,1,0,0
0,0,7,907,4,0,0,0,2,3,7,0,1,2,3,0,0,0,1,0,0,0,1,2,0,1,0,0,0,18,1,0,0
0,0,3,699,0,0,0,0,1,1,3,0,0,0,1,0,0,0,0,0,0,0,0,0,0,0,0,0,0,1,1,0,0
0,0,9,269,1,2,2,0,3,2,9,0,1,0,2,0,0,0,2,0,0,0,0,3,0,1,0,0,0,23,2,0,0
0,0,4,813,1,0,0,0,1,2,4,1,1,0,2,0,0,0,0,0,0,0,0,1,0,0,0,0,0,9,4,0,0
0,0,5,189,0,0,0,0,1,0,5,0,0,0,0,0,0,0,0,0,0,0,0,3,0,0,0,0,0,10,1,0,0
0,0,3,203,2,1,0,1,1,1,3,1,0,1,1,1,1,0,0,0,0,0,0,0,0,0,0,0,0,5,9,0,0
0,0,3,393,1,2,1,1,1,1,3,0,0,0,1,1,0,0,0,0,0,0,0,0,0,0,0,0,0,1,1,0,0
0,0,3,135,2,1,0,1,1,1,3,1,0,1,1,1,1,0,0,0,0,0,0,0,0,0,0,0,0,5,9,0,0
0,0,9,201,1,2,2,0,3,2,9,0,1,0,2,0,0,0,2,0,0,0,0,3,0,1,0,0,0,23,2,0,0
0,0,3,145,2,1,0,1,1,1,3,1,0,1,1,1,1,0,0,0,0,0,0,0,0,0,0,0,0,5,9,0,0
0,0,2,383,1,0,0,0,1,0,2,0,0,1,0,0,0,0,0,0,0,0,0,0,0,0,0,0,0,4,1,0,0
0,0,11,173,1,1,0,1,2,7,11,0,0,0,7,1,1,0,1,0,0,0,0,0,0,1,0,0,0,10,1,0,0
1,153,163,227,6,1,0,1,2,10,11,1,2,1,10,1,1,0,0,0,0,0,0,2,0,1,0,0,0,25,1,0,0
0,0,6,155,1,2,2,0,1,1,6,1,1,2,1,0,0,0,0,0,0,0,0,1,0,0,0,0,0,6,9,0,0
0,0,7,355,4,0,0,0,2,3,7,0,1,2,3,0,0,0,1,0,0,0,1,2,0,1,0,0,0,18,1,0,0
0,0,5,121,0,0,0,0,1,0,5,0,0,0,0,0,0,0,0,0,0,0,0,3,0,0,0,0,0,10,1,0,0
0,0,4,261,1,0,0,0,1,2,4,1,1,0,2,0,0,0,0,0,0,0,0,1,0,0,0,0,0,9,4,0,0
0,0,27,275,4,0,0,0,7,12,27,1,5,2,12,0,0,0,5,0,1,1,1,15,1,1,0,0,0,49,1,0,0
0,0,6,111,0,0,0,0,2,4,6,2,2,1,4,0,0,0,0,0,0,1,0,2,1,1,0,0,0,22,9,0,0
0,0,36,291,1,6,3,3,13,17,36,2,6,5,17,3,1,1,1,1,0,6,2,10,3,5,0,0,0,25,9,0,0
0,0,8,131,0,0,0,0,3,6,8,2,2,1,6,0,0,0,0,0,0,1,0,2,1,2,0,0,0,17,9,0,0
0,0,69,425,2,2,1,1,23,23,69,2,12,4,23,1,0,4,3,1,0,13,4,18,8,7,0,0,0,45,9,0,0
0,0,9,253,0,1,0,1,1,1,9,0,0,5,1,0,0,0,0,0,0,0,0,0,0,0,1,0,0,9,9,0,0
0,0,7,213,0,1,1,0,1,2,7,1,3,2,2,0,0,0,0,0,0,0,0,3,0,0,0,0,0,10,9,0,0
0,0,3,279,1,1,0,1,1,1,3,1,0,4,1,1,2,0,0,0,0,1,0,0,0,0,0,0,0,6,9,0,0
0,0,68,673,2,4,3,1,23,22,68,2,12,4,22,1,0,4,3,1,0,13,3,18,8,7,0,0,0,42,9,0,0
0,0,4,239,0,0,0,0,2,1,4,1,1,1,1,0,0,0,1,0,1,0,1,1,0,0,0,0,0,7,9,0,0
0,0,10,157,0,0,0,0,2,5,10,2,2,1,5,0,0,0,0,0,0,1,0,2,1,1,0,0,0,18,9,0,0
0,0,8,187,0,1,1,0,2,2,8,1,1,2,2,0,0,0,0,0,0,0,0,2,0,1,0,0,0,7,9,0,0
0,0,4,263,1,1,0,1,1,2,4,0,0,0,2,0,0,0,0,0,0,0,0,0,0,0,0,0,0,6,1,0,0
0,0,3,413,2,1,0,1,1,1,3,1,0,3,1,1,1,0,0,0,0,0,0,0,0,0,0,0,0,5,9,0,0
0,0,3,661,2,1,0,1,1,1,3,1,0,3,1,1,1,0,0,0,0,0,0,0,0,0,0,0,0,4,9,0,0
0,0,5,99,1,0,0,0,1,0,5,0,0,2,0,0,0,0,0,0,0,0,0,2,0,0,0,0,0,17,1,0,1
3,1,18,115,0,0,0,0,8,8,20,2,2,0,8,0,0,1,1,1,0,1,0,2,0,5,0,0,0,11,1,0,0
8,3,53,397,5,1,1,0,13,16,58,1,2,3,16,0,0,0,0,0,0,1,7,5,1,2,0,0,0,21,10,0,0
1,1,39,543,11,1,0,1,4,26,39,0,5,3,26,0,0,0,1,0,1,1,7,13,1,1,0,0,0,38,9,0,0
8,6,60,173,6,2,1,1,17,16,62,2,6,2,16,1,1,0,9,0,1,0,1,14,1,5,0,0,0,44,41,0,0
8,6,1,163,1,1,0,1,1,1,3,1,0,1,1,1,2,0,0,0,0,0,0,0,0,0,0,0,0,3,9,0,0
1,1,7,371,0,0,0,0,4,4,7,0,0,0,4,0,0,0,2,0,0,0,1,1,0,1,0,0,0,9,1,0,0
0,0,3,153,2,0,0,0,1,0,3,1,0,1,0,0,0,0,0,0,0,0,0,0,0,0,0,0,0,7,1,0,0
0,0,5,669,2,1,1,0,1,0,5,0,0,3,0,0,0,0,0,0,0,0,0,3,0,0,0,0,0,5,0,0,0
0,0,3,735,0,0,0,0,1,1,3,0,0,0,1,0,0,0,0,0,0,0,0,0,0,0,0,0,0,1,1,0,0
0,0,9,631,2,0,0,0,3,0,9,2,0,3,0,0,0,0,1,0,0,0,0,1,0,2,0,0,0,11,1,0,0
0,0,3,223,2,1,0,1,1,1,3,1,0,1,1,1,1,0,0,0,0,0,0,0,0,0,0,0,0,5,9,0,0
0,0,3,213,2,1,0,1,1,1,3,1,0,1,1,1,1,0,0,0,0,0,0,0,0,0,0,0,0,5,9,0,0
0,0,2,971,1,0,0,0,1,0,2,0,0,1,0,0,0,0,0,0,0,0,0,0,0,0,0,0,0,4,1,0,0
0,0,27,863,4,0,0,0,7,12,27,1,5,2,12,0,0,0,5,0,1,1,1,15,1,1,0,0,0,49,1,0,0
13,0,9,721,1,6,4,2,1,3,9,0,0,0,3,1,1,0,0,0,0,0,0,0,0,0,1,0,0,7,0,0,0
0,0,4,849,1,0,0,0,1,2,4,1,1,0,2,0,0,0,0,0,0,0,0,1,0,0,0,0,0,9,4,0,0
0,0,7,943,4,0,0,0,2,3,7,0,1,2,3,0,0,0,1,0,0,0,1,2,0,1,0,0,0,18,1,0,0
48,0,37,751,3,2,0,2,7,7,37,0,2,1,7,2,2,0,1,0,0,0,0,5,0,2,0,0,0,21,1,0,0
0,0,11,251,1,1,0,1,2,7,11,0,0,0,7,1,1,0,1,0,0,0,0,0,0,1,0,0,0,10,1,0,0
0,0,3,981,1,5,4,1,1,1,3,0,0,0,1,1,0,0,0,0,0,0,0,0,0,0,0,0,0,1,1,0,0
0,0,6,233,1,2,2,0,1,1,6,1,1,2,1,0,0,0,0,0,0,0,0,1,0,0,0,0,0,6,9,0,0
171,2,124,309,18,2,0,2,5,33,124,1,14,1,33,2,2,0,3,0,1,3,1,31,0,3,3,0,0,95,1,0,0
20,0,13,679,0,1,1,0,3,4,13,3,2,0,4,0,0,0,0,0,0,1,0,4,2,1,0,0,0,6,0,0,0
0,0,18,571,7,2,0,2,2,10,18,0,5,4,10,0,0,0,0,0,0,1,0,6,1,1,0,0,0,27,1,0,0
0,0,25,477,5,2,0,2,4,10,25,0,2,4,10,0,0,0,3,0,1,0,3,5,0,1,0,0,0,22,1,0,0
0,0,2,545,1,0,0,0,1,0,2,0,0,1,0,0,0,0,0,0,0,0,0,0,0,0,0,0,0,4,1,0,0
0,0,9,279,1,2,2,0,3,2,9,0,1,0,2,0,0,0,2,0,0,0,0,3,0,1,0,0,0,23,2,0,0
0,0,5,199,0,0,0,0,1,0,5,0,0,0,0,0,0,0,0,0,0,0,0,3,0,0,0,0,0,10,1,0,0
4,0,3,119,2,0,0,0,1,1,3,1,0,3,1,0,0,0,0,0,0,0,0,0,0,0,0,0,0,5,1,0,0
0,0,3,131,1,0,0,0,1,2,3,0,0,2,2,0,0,0,0,0,0,0,0,0,0,0,0,0,0,7,4,0,0
0,0,3,93,1,0,0,0,1,0,3,0,0,3,0,0,0,0,0,0,0,0,0,0,0,0,0,0,0,7,1,0,0
0,0,8,195,1,0,0,0,3,8,8,0,0,2,8,0,0,0,0,0,0,0,0,0,0,1,0,0,0,8,4,0,0
0,0,9,143,2,1,0,1,3,5,9,0,0,2,5,1,1,0,1,0,0,0,0,0,0,1,0,0,0,14,4,0,0
0,0,4,105,1,0,0,0,1,0,4,0,0,4,0,0,0,0,0,0,0,0,0,1,0,0,0,0,0,7,1,0,0
0,0,8,171,1,1,1,0,2,5,8,1,1,2,5,0,0,0,0,0,0,2,0,3,1,1,0,0,0,9,2,0,0
0,0,10,237,2,1,0,1,1,5,10,1,3,1,5,0,0,0,0,0,0,0,0,3,0,0,0,0,0,11,9,0,0
0,0,13,207,3,1,0,1,1,5,13,1,4,3,5,0,0,0,0,0,0,0,0,4,0,0,0,0,0,13,9,0,0
0,0,11,341,2,2,1,1,1,5,11,1,2,2,5,0,0,0,0,0,0,0,0,3,0,0,0,0,0,12,9,0,0
0,0,3,765,0,0,0,0,1,0,3,1,0,0,0,0,0,0,0,0,0,0,0,0,0,0,0,0,0,5,1,0,0
0,0,26,385,2,0,0,0,6,15,26,0,5,0,15,0,0,0,2,0,0,0,0,9,1,1,0,0,0,33,1,0,0
0,0,8,593,3,0,0,0,1,4,8,0,1,3,4,0,0,0,0,0,0,0,0,1,0,0,0,0,0,27,9,0,1
0,0,41,613,7,2,0,2,13,23,41,0,7,2,23,2,1,0,5,1,2,0,1,8,0,4,0,0,0,38,9,0,0
0,0,3,755,1,1,1,0,1,0,3,1,0,0,0,0,0,0,0,0,0,0,0,0,0,0,0,0,0,5,1,0,0
0,0,2,159,0,0,0,0,1,0,2,0,0,0,0,0,0,0,0,0,0,0,0,0,0,0,0,0,0,3,1,0,0
0,0,4,371,1,0,0,0,1,2,4,0,0,1,2,0,0,0,0,0,0,0,0,0,0,0,0,0,0,9,1,0,0
0,0,25,495,6,0,0,0,5,19,25,0,1,2,19,0,0,0,2,0,2,0,0,2,0,2,0,0,0,27,1,0,0
0,0,3,745,1,1,1,0,1,0,3,0,0,1,0,0,0,0,0,0,0,0,0,1,0,0,0,0,0,5,2,0,0
0,0,3,331,1,1,0,1,1,1,3,1,0,1,1,1,1,0,0,0,0,0,0,0,0,0,0,0,0,7,9,0,0
0,0,10,459,4,0,0,0,2,6,10,2,2,2,6,0,0,0,0,0,0,0,0,2,0,1,0,0,0,28,1,0,0
0,0,3,735,2,1,1,0,1,2,3,1,0,2,2,0,0,0,0,0,0,0,0,0,0,0,0,0,0,4,10,0,0
0,0,11,261,2,1,0,1,1,5,11,1,3,1,5,0,0,0,0,0,0,0,0,3,0,0,0,0,0,12,9,0,0
8,1,6,301,3,3,1,2,1,6,13,1,2,5,6,1,1,0,0,0,0,0,0,3,0,0,0,0,0,12,9,0,0
0,0,13,177,3,1,0,1,1,5,13,1,4,3,5,0,0,0,0,0,0,0,0,4,0,0,0,0,0,15,9,0,0
8,1,3,289,2,1,0,1,1,1,3,1,0,4,1,1,2,0,0,0,0,0,0,0,0,0,0,0,0,7,9,0,0
0,0,2,569,2,0,0,0,1,0,2,0,0,1,0,0,0,0,0,0,0,0,0,0,0,0,0,0,0,4,1,0,0
0,0,3,167,0,6,6,0,1,0,3,0,0,1,0,0,0,0,0,0,0,0,0,1,0,0,0,0,0,4,1,0,0
0,0,13,1299,5,2,2,0,2,12,13,0,3,1,12,0,0,0,0,0,0,0,0,3,0,1,0,0,0,16,1,0,0
0,0,3,597,2,4,0,4,1,1,3,0,0,1,1,0,0,0,0,0,0,0,0,0,0,0,0,0,0,5,1,0,0
0,0,3,1905,2,2,1,1,1,1,3,0,0,1,1,1,1,0,0,0,0,0,0,0,0,0,0,0,0,4,1,0,0
0,0,5,1813,1,1,1,0,1,4,5,0,0,3,4,0,0,0,0,0,0,0,0,1,0,0,0,0,0,11,1,0,0
0,0,3,1115,0,0,0,0,1,1,3,0,0,0,1,0,0,0,0,0,0,0,0,0,0,0,0,0,0,1,1,0,0
0,0,3,1841,2,2,1,1,1,1,3,0,0,1,1,1,1,0,0,0,0,0,0,0,0,0,0,0,0,4,1,0,0
0,0,23,305,7,1,0,1,6,12,23,2,1,3,12,1,3,0,5,0,0,0,0,6,0,1,0,0,0,43,1,0,0
0,0,6,367,1,1,0,1,1,5,6,0,0,0,5,1,4,0,0,0,0,0,0,0,0,0,0,0,0,5,1,0,0
0,0,3,1533,2,1,0,1,1,2,3,0,0,1,2,1,1,0,0,0,0,0,0,0,0,0,0,0,0,3,1,0,0
0,0,15,1063,4,1,1,0,3,12,15,0,2,0,12,0,0,0,1,0,0,0,0,3,0,2,0,0,0,17,1,0,0
0,0,5,1827,2,2,2,0,1,4,5,0,1,3,4,0,0,0,0,0,0,0,0,1,0,0,0,0,0,12,1,0,0
0,0,62,849,7,1,1,0,3,12,62,1,4,0,12,0,0,0,0,0,0,0,0,4,0,1,2,0,0,42,1,0,0
0,0,5,1891,2,2,2,0,1,4,5,0,1,3,4,0,0,0,0,0,0,0,0,1,0,0,0,0,0,12,1,0,0
0,0,15,1021,4,1,1,0,3,12,15,0,2,0,12,0,0,0,1,0,0,0,0,3,0,2,0,0,0,18,1,0,0
0,0,3,509,2,4,0,4,1,1,3,0,0,1,1,0,0,0,0,0,0,0,0,0,0,0,0,0,0,5,1,0,0
0,0,4,1179,2,1,0,1,1,2,4,0,0,2,2,0,0,0,0,0,0,0,0,0,0,0,0,0,0,8,1,0,0
0,0,3,769,2,4,0,4,1,1,3,0,0,1,1,0,0,0,0,0,0,0,0,0,0,0,0,0,0,5,1,0,0
0,0,8,895,5,1,0,1,1,5,8,0,2,2,5,0,0,0,0,0,0,0,0,2,0,0,0,0,0,14,1,0,0
0,0,28,921,2,1,0,1,5,14,28,0,6,2,14,0,0,0,2,0,1,4,4,7,0,4,0,0,0,29,1,0,0
0,0,3,1335,0,0,0,0,1,2,3,0,0,0,2,0,0,0,0,0,0,0,0,0,0,0,0,0,0,3,1,0,0
0,0,61,1127,7,1,0,1,13,31,61,0,10,3,31,1,1,0,7,0,2,0,0,11,0,3,2,0,0,41,1,0,0
0,0,3,1381,2,1,0,1,1,3,3,0,0,0,3,1,1,0,0,0,0,0,0,0,0,0,0,0,0,6,1,0,0
0,0,5,1867,2,2,2,0,1,4,5,0,1,3,4,0,0,0,0,0,0,0,0,1,0,0,0,0,0,12,1,0,0
0,0,12,795,1,0,0,0,2,8,12,0,0,0,8,0,0,0,0,0,1,0,0,0,0,1,0,0,0,8,1,0,0
0,0,3,545,1,4,0,4,1,5,3,0,0,1,5,0,0,0,0,0,0,0,0,0,0,0,0,0,0,4,1,0,0
0,0,3,639,2,4,0,4,1,1,3,0,0,1,1,0,0,0,0,0,0,0,0,0,0,0,0,0,0,5,1,0,0
0,0,29,715,4,1,1,0,5,10,29,1,1,4,10,0,0,0,1,0,1,0,0,2,0,3,1,0,0,29,2,0,1
0,0,5,1561,4,0,0,0,1,4,5,1,0,2,4,0,0,0,0,0,0,0,0,0,0,0,0,0,0,19,1,0,0
0,0,3,1345,0,0,0,0,1,2,3,0,0,0,2,0,0,0,0,0,0,0,0,0,0,0,0,0,0,3,1,0,0
0,0,3,1881,2,2,1,1,1,1,3,0,0,1,1,1,1,0,0,0,0,0,0,0,0,0,0,0,0,4,1,0,0
0,0,3,1803,2,2,1,1,1,1,3,0,0,1,1,1,1,0,0,0,0,0,0,0,0,0,0,0,0,4,1,0,0
0,0,5,257,3,1,0,1,1,2,5,1,1,2,2,0,0,0,0,0,0,0,0,1,0,0,0,0,0,10,9,0,0
0,0,6,1355,4,1,1,0,1,6,6,0,1,1,6,0,0,0,0,0,1,0,0,1,0,0,0,0,0,12,1,0,0
0,0,5,829,1,0,0,0,1,4,5,0,0,0,4,0,0,0,0,0,1,0,0,0,0,0,0,0,0,6,1,0,0
0,0,6,1727,1,1,1,0,1,4,6,1,1,3,4,0,0,0,0,0,0,0,0,1,0,0,0,0,0,8,2,0,0
0,0,23,1673,2,2,1,1,8,7,23,2,1,0,7,1,1,0,3,0,2,0,2,1,1,2,0,0,0,12,2,0,0
0,0,3,1371,1,1,0,1,1,3,3,0,0,0,3,1,1,0,0,0,0,0,0,0,0,0,0,0,0,5,1,0,0
0,0,41,1409,7,1,1,0,10,14,41,1,1,4,14,0,0,0,1,0,3,0,1,7,7,2,0,0,0,11,9,0,0
0,0,7,271,2,1,0,1,1,2,7,1,2,1,2,0,0,0,0,0,0,0,0,2,0,0,0,0,0,9,9,0,0
0,0,3,1915,0,0,0,0,1,0,3,0,0,1,0,0,0,0,0,0,0,0,0,1,0,0,0,0,0,5,1,0,0
0,0,3,1391,1,1,0,1,1,3,3,0,0,0,3,1,1,0,0,0,0,0,0,0,0,0,0,0,0,5,1,0,0
0,0,4,291,1,0,0,0,1,3,4,0,0,1,3,0,0,0,0,0,0,0,0,1,0,0,0,0,0,10,1,0,0
0,0,6,1635,1,0,0,0,2,2,6,0,0,1,2,0,0,0,1,0,0,0,0,0,0,1,0,0,0,9,1,0,0
18,0,84,395,11,4,2,2,19,28,102,0,7,2,28,2,2,0,8,0,3,1,3,18,0,2,5,0,0,53,2,0,0
0,0,14,1579,6,0,0,0,4,9,14,0,1,2,9,0,0,0,1,0,2,0,0,3,0,1,0,0,0,16,1,0,0
0,0,2,1617,2,0,0,0,1,0,2,0,0,1,0,0,0,0,0,0,0,0,0,0,0,0,0,0,0,4,1,0,0
0,0,22,1745,2,5,0,5,7,7,22,0,0,1,7,5,5,0,0,0,0,0,5,5,0,1,0,0,0,14,1,0,0
0,0,2,245,0,2,2,0,1,0,2,0,0,0,0,0,0,0,0,0,0,0,0,0,0,0,0,0,0,2,1,0,0
0,0,6,1851,2,1,1,0,1,4,6,0,2,1,4,0,0,0,0,0,0,0,0,2,0,0,0,0,0,12,1,0,0
0,0,3,1543,1,0,0,0,1,0,3,1,0,0,0,0,0,0,0,0,0,0,0,0,0,0,0,0,0,4,1,0,0
18,0,4,383,3,2,1,1,1,3,4,0,1,1,3,1,3,0,0,0,0,0,0,1,0,0,0,0,0,8,2,0,0
0,0,3,1105,0,0,0,0,1,2,3,0,0,0,2,0,0,0,0,0,0,0,0,0,0,0,0,0,0,3,1,0,0
0,0,9,1195,3,1,0,1,2,10,9,0,2,2,10,0,0,0,0,0,0,0,0,2,0,1,0,0,0,11,1,0,0
0,0,3,675,2,4,0,4,1,1,3,0,0,1,1,0,0,0,0,0,0,0,0,0,0,0,0,0,0,6,1,0,0
0,0,14,163,3,1,0,1,3,4,14,1,1,6,4,1,1,0,2,0,0,0,0,1,0,1,0,0,0,11,9,0,0
1,1,48,199,8,3,3,0,9,27,48,1,9,2,27,0,0,0,0,0,4,0,9,12,2,2,0,0,0,38,9,0,0
0,0,12,129,3,1,0,1,3,3,12,1,1,4,3,1,1,0,2,0,0,0,0,1,0,1,0,0,0,10,9,0,0
0,0,11,99,3,1,0,1,3,2,11,1,1,4,2,1,1,0,2,0,0,0,0,1,0,1,0,0,0,10,9,0,0
0,0,3,283,1,1,0,1,1,1,3,1,0,4,1,1,2,0,0,0,0,1,0,0,0,0,0,0,0,6,9,0,0
0,0,7,217,0,1,1,0,1,2,7,1,3,2,2,0,0,0,0,0,0,0,0,3,0,0,0,0,0,10,9,0,0
0,0,10,161,0,0,0,0,2,5,10,2,2,1,5,0,0,0,0,0,0,1,0,2,1,1,0,0,0,18,9,0,0
0,0,6,99,0,0,0,0,2,4,6,2,2,1,4,0,0,0,0,0,0,1,0,2,1,1,0,0,0,22,9,0,0
0,0,8,135,0,0,0,0,3,6,8,2,2,1,6,0,0,0,0,0,0,1,0,2,1,2,0,0,0,17,9,0,0
0,0,3,417,2,1,0,1,1,1,3,1,0,3,1,1,1,0,0,0,0,0,0,0,0,0,0,0,0,5,9,0,0
0,0,36,295,1,6,3,3,13,17,36,2,6,5,17,3,1,1,1,1,0,6,2,10,3,5,0,0,0,25,9,0,0
0,0,4,243,0,0,0,0,2,1,4,1,1,1,1,0,0,0,1,0,1,0,1,1,0,0,0,0,0,7,9,0,0
0,0,68,677,2,4,3,1,23,22,68,2,12,4,22,1,0,4,3,1,0,13,3,18,8,7,0,0,0,42,9,0,0
0,0,3,665,2,1,0,1,1,1,3,1,0,3,1,1,1,0,0,0,0,0,0,0,0,0,0,0,0,4,9,0,0
7,0,6,119,0,0,0,0,2,3,6,2,2,2,3,0,0,0,0,0,0,1,0,2,1,1,0,0,0,10,9,0,0
0,0,9,257,0,1,0,1,1,1,9,0,0,5,1,0,0,0,0,0,0,0,0,0,0,0,1,0,0,9,9,0,0
0,0,8,191,0,1,1,0,2,2,8,1,1,2,2,0,0,0,0,0,0,0,0,2,0,1,0,0,0,7,9,0,0
0,0,69,429,2,2,1,1,23,23,69,2,12,4,23,1,0,4,3,1,0,13,4,18,8,7,0,0,0,45,9,0,0
0,0,4,267,1,1,0,1,1,2,4,0,0,0,2,0,0,0,0,0,0,0,0,0,0,0,0,0,0,6,1,0,0
0,4,11,153,6,0,0,0,1,5,7,1,1,3,5,0,0,0,0,0,0,0,0,4,0,0,0,0,0,31,1,0,0
0,0,12,175,4,0,0,0,3,13,12,0,2,3,13,0,0,0,1,0,0,0,2,2,0,1,0,0,0,17,4,0,0
0,0,2,111,0,1,1,0,1,0,2,0,0,0,0,0,0,0,0,0,0,0,0,0,0,0,0,0,0,3,1,0,0
0,0,4,139,1,0,0,0,1,3,4,0,0,1,3,0,0,0,0,0,0,0,0,1,0,0,0,0,0,10,1,0,0
0,0,7,119,4,1,0,1,1,3,7,1,2,2,3,0,0,0,0,0,0,0,0,2,0,0,0,0,0,11,9,0,0
6,0,4,113,1,0,0,0,1,1,4,0,0,2,1,0,0,0,0,0,0,0,0,1,0,0,0,0,0,5,1,0,0
24,0,15,129,1,0,0,0,2,6,15,1,2,0,6,0,0,0,0,1,0,2,0,3,0,2,0,0,0,8,1,0,0
0,0,2,59,0,0,0,0,1,0,2,0,0,0,0,0,0,0,0,0,0,0,0,0,0,0,0,0,0,2,2,0,0
0,0,8,91,3,0,0,0,2,2,8,2,0,1,2,0,0,0,0,0,1,0,0,0,0,1,0,0,0,6,9,0,0
0,0,3,115,2,0,0,0,1,2,3,1,0,2,2,0,0,0,0,0,0,0,0,0,0,0,0,0,0,7,9,0,0
0,0,8,67,3,0,0,0,2,2,8,2,0,1,2,0,0,0,0,0,1,0,0,0,0,1,0,0,0,7,9,0,0
0,0,3,375,1,0,0,0,1,0,3,1,0,1,0,0,0,0,0,0,0,0,0,0,0,0,0,0,0,7,1,0,0
0,0,3,385,1,0,0,0,1,0,3,1,0,1,0,0,0,0,0,0,0,0,0,0,0,0,0,0,0,3,1,0,0
0,0,3,313,0,0,0,0,1,0,3,1,0,1,0,0,0,0,0,0,0,0,0,0,0,0,0,0,0,5,1,0,0
0,0,3,325,0,0,0,0,1,0,3,1,0,0,0,0,0,0,0,0,0,0,0,0,0,0,0,0,0,3,1,0,0
2,2,6,119,1,1,0,1,2,1,6,2,0,0,1,1,2,0,1,0,0,0,1,0,0,1,0,0,0,14,1,0,0
0,0,6,289,2,5,4,1,2,2,6,2,0,1,2,1,1,0,1,0,0,1,0,0,0,1,0,0,0,7,1,0,0
0,0,5,105,1,0,0,0,1,1,5,0,0,3,1,0,0,0,0,0,0,0,0,0,0,0,0,0,0,8,1,0,0
0,0,3,203,0,0,0,0,1,0,3,1,0,0,0,0,0,0,0,0,0,0,0,0,0,0,0,0,0,3,1,0,0
0,0,3,275,1,0,0,0,1,0,3,1,0,0,0,0,0,0,0,0,0,0,0,0,0,0,0,0,0,3,1,0,0
0,0,3,167,1,1,0,1,1,1,3,1,0,0,1,1,2,0,0,0,0,0,0,0,0,0,0,0,0,8,1,0,0
0,0,3,191,0,0,0,0,1,0,3,1,0,0,0,0,0,0,0,0,0,0,0,0,0,0,0,0,0,3,1,0,0
0,0,3,179,0,0,0,0,1,0,3,1,0,0,0,0,0,0,0,0,0,0,0,0,0,0,0,0,0,3,1,0,0
0,0,3,399,0,0,0,0,1,0,3,1,0,0,0,0,0,0,0,0,0,0,1,0,0,0,0,0,0,2,1,0,0
0,0,3,215,0,0,0,0,1,0,3,1,0,0,0,0,0,0,0,0,0,0,0,0,0,0,0,0,0,4,1,0,0
0,0,5,91,2,0,0,0,1,1,5,0,0,1,1,0,0,0,0,0,0,0,1,1,0,0,0,0,0,7,1,0,0
0,0,3,411,1,0,0,0,1,1,3,0,0,2,1,0,0,0,0,0,0,0,0,0,0,0,0,0,0,5,1,0,0
0,0,3,361,0,0,0,0,1,0,3,1,0,0,0,0,0,0,0,0,0,0,0,0,0,0,0,0,0,3,1,0,0
0,0,3,349,0,0,0,0,1,0,3,1,0,0,0,0,0,0,0,0,0,0,0,0,0,0,0,0,0,3,1,0,0
0,0,3,155,1,1,0,1,1,1,3,1,0,0,1,1,2,0,0,0,0,0,0,0,0,0,0,0,0,8,1,0,0
0,0,3,337,0,0,0,0,1,0,3,1,0,0,0,0,0,0,0,0,0,0,0,0,0,0,0,0,0,4,1,0,0
0,0,3,227,0,0,0,0,1,0,3,1,0,0,0,0,0,0,0,0,0,0,0,0,0,0,0,0,0,6,1,0,0
2,2,6,141,1,1,0,1,2,1,6,2,0,0,1,1,2,0,1,0,0,0,1,0,0,1,0,0,0,12,1,0,0
0,0,4,421,2,0,0,0,1,3,4,0,0,1,3,0,0,0,0,0,0,0,0,1,0,0,0,0,0,5,1,0,0
0,0,4,129,2,0,0,0,1,1,4,1,0,1,1,0,0,0,0,0,0,0,0,0,0,0,0,0,0,8,1,0,0
0,0,3,263,1,0,0,0,1,0,3,1,0,1,0,0,0,0,0,0,0,0,0,0,0,0,0,0,0,4,1,0,0
0,0,3,239,0,0,0,0,1,0,3,1,0,0,0,0,0,0,0,0,0,0,0,0,0,0,0,0,0,4,1,0,0
0,0,3,251,0,0,0,0,1,0,3,1,0,0,0,0,0,0,0,0,0,0,0,0,0,0,0,0,0,6,1,0,0
0,0,3,301,1,1,1,0,2,1,3,1,0,1,1,0,0,0,1,0,1,0,0,0,0,0,0,0,0,6,2,0,0
0,0,3,133,0,2,2,0,2,2,3,1,0,0,2,0,0,0,1,0,1,0,1,0,0,0,0,0,0,4,10,0,0
0,0,3,123,2,1,0,1,1,2,3,1,0,2,2,1,1,0,0,0,1,0,0,0,0,0,0,0,0,9,9,0,0
0,0,4,91,1,1,1,0,1,3,4,1,1,2,3,0,0,0,0,0,1,0,0,1,0,0,0,0,0,9,9,0,0
1,0,4,103,2,1,0,1,4,7,5,2,1,2,7,1,3,0,3,0,1,0,1,1,0,1,0,0,0,10,9,0,0
0,0,13,333,2,0,0,0,3,10,13,1,1,1,10,0,0,0,0,1,0,0,1,3,0,2,0,0,0,14,9,0,0
0,0,3,163,2,1,0,1,1,1,3,1,0,3,1,1,2,0,0,0,0,0,0,0,0,0,0,0,0,7,9,0,0
0,0,18,235,3,6,4,2,7,5,18,1,1,4,5,2,1,0,2,1,0,0,2,4,1,3,0,0,0,19,9,0,0
0,0,12,199,3,1,0,1,5,3,12,1,1,2,3,1,1,0,1,1,0,0,0,2,0,2,0,0,0,33,9,0,1
0,0,3,173,2,1,0,1,1,1,3,1,0,1,1,1,2,0,0,0,0,0,0,0,0,0,0,0,0,7,9,0,0
0,0,3,153,2,2,1,1,1,1,3,1,0,3,1,1,2,0,0,0,0,0,0,0,0,0,0,0,0,7,9,0,0
0,0,3,143,3,1,0,1,1,3,3,1,0,2,3,1,2,0,0,0,0,0,0,0,0,0,0,0,0,7,9,0,0
0,0,11,295,0,1,1,0,2,3,11,1,2,2,3,0,0,0,0,1,0,1,0,3,1,1,0,0,0,14,10,0,0
0,0,4,255,1,1,0,1,1,2,4,0,0,0,2,0,0,0,0,0,0,0,0,0,0,0,0,0,0,6,1,0,0
0,0,4,231,0,0,0,0,2,1,4,1,1,1,1,0,0,0,1,0,1,0,1,1,0,0,0,0,0,7,9,0,0
0,0,6,103,0,0,0,0,2,4,6,2,2,1,4,0,0,0,0,0,0,1,0,2,1,1,0,0,0,22,9,0,0
3,3,69,423,2,2,1,1,23,23,69,2,12,4,23,1,0,4,3,1,0,13,4,18,8,7,0,0,0,56,9,0,0
3,3,68,671,2,4,3,1,23,22,68,2,12,4,22,1,0,4,3,1,0,13,3,18,8,7,0,0,0,54,9,0,0
3,3,3,411,2,1,0,1,1,1,3,1,0,3,1,1,1,0,0,0,0,0,0,0,0,0,0,0,0,5,9,0,0
5,2,35,283,1,6,3,3,13,17,38,2,6,5,17,3,1,1,1,1,0,5,2,10,3,5,0,0,0,25,9,0,0
0,0,3,271,1,1,0,1,1,1,3,1,0,4,1,1,2,0,0,0,0,1,0,0,0,0,0,0,0,6,9,0,0
0,0,9,245,0,1,0,1,1,1,9,0,0,5,1,0,0,0,0,0,0,0,0,0,0,0,1,0,0,9,9,0,0
0,0,7,205,0,1,1,0,1,2,7,1,3,2,2,0,0,0,0,0,0,0,0,3,0,0,0,0,0,10,9,0,0
3,3,3,659,2,1,0,1,1,1,3,1,0,3,1,1,1,0,0,0,0,0,0,0,0,0,0,0,0,4,9,0,0
3,3,4,891,0,0,0,0,3,3,4,1,1,1,3,0,0,0,0,0,1,0,2,1,1,0,0,0,0,8,9,0,0
0,0,10,149,0,0,0,0,2,5,10,2,2,1,5,0,0,0,0,0,0,1,0,2,1,1,0,0,0,18,9,0,0
1,1,10,123,0,0,0,0,3,6,10,2,2,1,6,0,0,0,0,0,0,1,0,2,1,2,0,0,0,17,9,0,0
0,0,8,179,0,1,1,0,2,2,8,1,1,2,2,0,0,0,0,0,0,0,0,2,0,1,0,0,0,7,9,0,0
0,0,8,677,4,0,0,0,2,4,8,0,1,3,4,0,0,0,1,0,0,0,0,1,0,1,0,0,0,9,9,0,0
0,0,18,239,5,2,1,1,3,13,18,0,3,3,13,1,0,0,0,1,0,0,0,4,0,2,0,0,0,14,9,0,0
0,0,5,699,3,0,0,0,1,3,5,0,1,2,3,0,0,0,0,0,0,0,0,1,0,0,0,0,0,7,9,0,0
0,0,8,365,3,0,0,0,2,5,8,0,1,2,5,0,0,0,1,0,0,0,0,1,0,1,0,0,0,10,9,0,0
0,0,11,525,2,2,2,0,2,9,11,0,1,2,9,0,0,0,0,1,0,0,0,1,0,1,0,0,0,12,9,0,0
0,0,8,387,3,0,0,0,2,5,8,0,1,2,5,0,0,0,1,0,0,0,0,1,0,1,0,0,0,9,9,0,0
0,0,5,447,2,0,0,0,1,3,5,0,1,1,3,0,0,0,0,0,0,1,0,1,0,0,0,0,0,7,9,0,0
0,0,8,783,3,0,0,0,1,7,8,1,1,4,7,0,0,0,0,0,0,1,0,1,0,0,0,0,0,9,9,0,0
0,0,7,345,2,0,0,0,2,4,7,0,1,2,4,0,0,0,1,0,0,0,0,1,0,1,0,0,0,8,9,0,0
0,0,13,409,4,0,0,0,2,6,13,2,3,2,6,0,0,0,0,0,0,1,2,3,0,1,0,0,0,15,9,0,0
0,0,20,135,4,1,0,1,4,13,20,1,3,2,13,1,2,1,1,1,0,1,2,3,0,2,0,0,0,17,9,0,0
0,0,8,615,3,0,0,0,2,4,8,0,1,3,4,0,0,0,1,0,0,0,0,1,0,1,0,0,0,10,9,0,0
0,0,4,597,2,0,0,0,1,1,4,0,1,1,1,0,0,0,0,0,0,0,0,1,0,0,0,0,0,7,9,0,0
23,0,17,805,4,1,0,1,3,11,17,0,3,2,11,1,1,0,0,1,0,0,0,3,0,2,0,0,0,15,9,0,0
0,0,11,565,2,0,0,0,2,7,11,0,1,2,7,0,0,0,0,1,0,1,0,1,0,1,0,0,0,19,9,0,1
0,0,16,471,5,0,0,0,3,7,16,0,3,1,7,0,0,1,0,0,0,4,1,4,0,2,0,0,0,27,9,0,1
0,0,23,715,3,0,0,0,5,17,23,2,1,5,17,0,0,0,0,1,0,1,0,1,0,2,0,0,0,16,9,0,0
0,0,7,657,3,0,0,0,2,4,7,0,1,2,4,0,0,0,1,0,0,0,0,1,0,1,0,0,0,8,9,0,0
0,0,8,291,3,0,0,0,2,3,8,0,2,2,3,0,0,0,1,0,0,0,0,2,0,1,0,0,0,11,9,0,0
0,0,7,637,3,0,0,0,2,4,7,0,1,2,4,0,0,0,1,0,0,0,0,1,0,1,0,0,0,8,9,0,0
0,0,3,125,2,2,1,1,1,2,3,0,0,2,2,1,1,0,0,0,0,0,0,0,0,0,0,0,0,7,9,0,0
0,0,17,191,4,1,0,1,3,11,17,0,3,2,11,1,1,0,0,1,0,0,0,3,0,2,0,0,0,17,9,0,0
15,0,12,853,3,1,1,0,2,8,12,0,1,2,8,0,0,0,0,1,0,0,0,1,0,1,0,0,0,12,9,0,0
0,0,11,313,4,0,0,0,3,3,11,0,2,2,3,0,0,0,1,0,0,0,0,3,0,1,0,0,0,13,9,0,0
4,0,3,29,1,0,0,0,1,0,3,0,0,0,0,0,0,0,0,0,0,0,0,1,0,0,0,0,0,6,1,0,0
4,0,3,41,0,0,0,0,1,1,3,1,0,1,1,0,0,0,0,0,0,0,0,0,0,0,0,0,0,10,4,0,0
0,0,22,539,5,0,0,0,3,13,22,1,6,2,13,0,0,1,1,0,0,8,2,12,4,2,0,0,0,40,1,0,0
0,0,9,513,0,0,0,0,1,1,9,0,0,0,1,0,0,0,0,0,0,7,0,0,0,0,0,0,0,1,0,0,0
0,0,5,457,0,0,0,0,1,2,5,0,0,0,2,0,0,0,0,0,0,0,0,1,0,0,0,0,0,8,1,0,0
0,0,7,387,2,0,0,0,1,3,7,0,1,1,3,0,0,0,0,0,0,0,0,1,0,0,0,0,0,9,1,0,0
0,0,6,167,5,1,0,1,1,6,6,1,0,3,6,1,1,0,0,0,0,0,0,1,0,0,0,0,0,12,1,0,0
0,0,51,275,6,1,0,1,10,21,51,1,4,4,21,1,1,0,5,0,0,0,2,6,0,2,1,0,0,45,1,0,0
0,0,8,111,2,2,1,1,1,2,8,1,2,2,2,0,0,0,0,0,0,0,0,2,0,0,0,0,0,9,9,0,0
0,0,3,101,1,1,0,1,1,1,3,1,0,1,1,1,1,0,0,0,0,0,0,0,0,0,0,0,0,6,9,0,0
0,0,4,89,0,1,1,0,1,0,4,0,0,0,0,0,0,0,0,0,0,0,0,2,0,0,0,0,0,7,1,0,0
0,0,3,225,0,0,0,0,1,1,3,0,0,0,1,0,0,0,0,0,0,0,0,0,0,0,0,0,0,2,1,0,0
0,0,8,139,3,1,0,1,1,8,8,0,0,1,8,1,1,0,0,0,0,0,1,2,0,0,0,0,0,33,1,0,0
0,0,11,237,0,0,0,0,3,8,11,0,0,0,8,0,0,0,1,0,0,0,0,0,0,1,0,0,0,8,1,0,0
0,0,4,489,1,4,4,0,1,2,4,1,1,0,2,0,0,0,0,0,0,0,0,1,0,0,0,0,0,13,1,0,0
0,0,21,427,5,0,0,0,2,9,21,2,2,4,9,0,0,0,1,0,0,0,0,3,0,1,1,0,0,23,1,0,0
0,1,13,189,1,1,0,1,2,10,12,0,0,0,10,1,1,0,1,0,0,0,0,0,0,1,0,0,0,7,1,0,0
1,0,5,79,3,0,0,0,2,1,6,0,0,2,1,0,0,0,0,0,1,0,0,1,0,1,0,0,0,6,1,0,0
3,0,21,99,1,0,0,0,13,10,24,1,1,0,10,0,0,0,5,1,4,0,0,6,0,2,0,0,0,13,4,0,0
0,0,9,173,2,0,0,0,1,5,9,1,2,0,5,0,0,0,0,0,0,0,0,2,0,0,0,0,0,8,1,0,0
8,0,7,41,3,0,0,0,1,1,7,0,0,1,1,0,0,0,0,0,0,0,0,4,0,0,0,0,0,6,1,0,0
0,0,35,1705,7,0,0,0,12,6,35,7,0,1,6,0,0,0,0,0,6,0,0,0,0,1,0,0,0,22,1,0,0
0,0,6,507,0,0,0,0,2,2,6,0,0,0,2,0,0,0,0,0,0,0,0,0,0,1,0,0,0,5,4,0,0
0,0,4,1005,2,1,0,1,1,3,4,0,0,1,3,1,6,0,0,0,0,0,0,0,0,0,0,0,0,8,1,0,0
0,0,3,839,0,1,1,0,2,2,3,1,0,0,2,0,0,0,1,0,0,0,0,0,0,0,0,0,0,8,2,0,0
0,0,20,527,3,0,0,0,6,11,20,0,3,3,11,0,0,0,5,0,0,1,0,4,0,2,0,0,0,33,4,0,0
0,0,10,1239,4,2,1,1,2,9,10,0,1,3,9,1,1,0,0,0,0,0,0,1,0,1,0,0,0,12,1,0,0
0,0,11,1045,2,1,1,0,5,9,11,1,0,0,9,0,0,0,2,0,0,0,0,0,0,1,0,0,0,13,2,0,0
0,0,20,1379,1,1,1,0,5,16,20,0,6,0,16,0,0,0,0,1,0,2,1,7,2,2,0,0,0,27,1,0,0
0,0,9,1331,3,0,0,0,2,10,9,0,1,1,10,0,0,0,0,0,1,0,0,1,0,1,0,0,0,14,1,0,0
0,0,5,491,1,2,0,2,1,3,5,0,0,0,3,2,1,0,0,0,0,0,0,0,0,0,0,0,0,6,1,0,0
0,0,4,1549,2,2,2,0,1,2,4,0,1,0,2,0,0,0,0,0,0,0,0,1,0,0,0,0,0,4,1,0,0
0,0,5,1171,2,2,0,2,1,3,5,0,0,1,3,2,1,0,0,0,0,0,0,0,0,0,0,0,0,9,1,0,0
0,0,26,1075,2,2,1,1,6,7,26,5,1,1,7,1,1,0,2,0,0,0,0,2,0,2,0,0,0,23,2,0,0
0,0,87,1817,12,2,0,2,28,27,87,23,4,1,27,2,3,0,3,0,16,0,0,6,0,2,0,0,0,40,1,0,0
0,0,4,737,1,0,0,0,1,3,4,0,0,1,3,0,0,0,0,0,0,0,0,0,0,0,0,0,0,6,4,0,0
0,0,9,1355,1,0,0,0,3,6,9,0,2,1,6,0,0,0,0,0,0,0,0,2,0,1,0,0,0,11,1,0,0
0,0,3,2183,1,0,0,0,1,0,3,1,0,0,0,0,0,0,0,0,0,0,0,0,0,0,0,0,0,4,1,0,0
0,0,4,1201,1,0,0,0,1,3,4,0,1,1,3,0,0,0,0,0,0,0,0,1,0,0,0,0,0,8,1,0,0
0,0,6,1185,1,3,1,2,1,4,6,0,0,0,4,2,1,0,0,0,0,0,0,0,0,0,0,0,0,9,1,0,0
0,0,3,759,0,1,1,0,1,1,3,0,0,0,1,0,0,0,0,0,0,0,0,0,0,0,0,0,0,3,2,0,0
0,0,19,1485,3,3,1,2,4,13,19,0,1,0,13,2,1,0,1,0,0,0,0,1,0,2,0,0,0,16,1,0,0
0,0,46,2031,7,2,0,2,11,17,46,0,2,0,17,2,1,0,1,0,3,0,0,7,0,3,0,0,0,28,1,0,0
0,0,6,823,1,4,4,0,1,6,6,0,1,0,6,0,0,0,0,0,0,0,0,1,0,0,0,0,0,12,2,0,0
0,0,6,849,1,1,1,0,1,6,6,0,1,0,6,0,0,0,0,0,0,0,0,1,0,0,0,0,0,12,2,0,0
0,0,11,1267,2,1,0,1,3,9,11,0,2,1,9,1,1,0,0,0,0,0,0,2,0,1,0,0,0,14,1,0,0
0,0,16,785,3,3,1,2,5,7,16,1,2,0,7,2,1,0,3,0,0,0,0,2,0,2,0,0,0,15,1,0,0
0,0,9,2687,1,1,1,0,4,4,9,3,0,1,4,0,0,0,2,0,1,0,0,0,0,1,0,0,0,10,2,0,0
0,0,18,1649,2,1,1,0,4,7,18,0,1,0,7,0,0,0,0,1,0,0,1,1,0,2,0,0,0,8,2,0,0
0,0,11,1587,0,6,6,0,4,8,11,0,0,0,8,0,0,0,0,0,0,0,0,0,0,1,0,0,0,6,1,0,0
0,0,9,1307,3,0,0,0,2,10,9,0,1,1,10,0,0,0,0,0,1,0,0,1,0,1,0,0,0,14,1,0,0
0,0,5,1157,1,2,0,2,1,3,5,0,0,1,3,2,1,0,0,0,0,0,0,0,0,0,0,0,0,8,1,0,0
0,0,3,2265,0,0,0,0,1,0,3,1,0,0,0,0,0,0,0,0,0,0,0,0,0,0,0,0,0,5,1,0,0
0,0,6,1561,3,0,0,0,2,3,6,0,1,0,3,0,0,0,0,0,0,0,0,1,0,1,0,0,0,8,1,0,0
0,0,13,2203,1,1,1,0,2,3,13,2,1,0,3,0,0,0,0,0,0,0,0,1,0,1,0,0,0,6,2,0,0
0,0,42,591,7,2,0,2,16,26,42,5,3,1,26,2,1,0,2,1,1,1,0,3,0,3,0,0,0,29,4,0,0
0,0,3,2193,1,0,0,0,1,0,3,0,0,1,0,0,0,0,0,0,0,0,0,1,0,0,0,0,0,4,1,0,0
0,0,116,2289,11,4,0,4,31,58,116,15,7,2,58,0,0,0,5,0,3,0,3,13,0,3,0,0,0,64,1,0,0
0,0,63,865,4,9,2,7,17,19,63,4,3,1,19,7,5,0,2,0,0,0,0,6,0,2,0,0,0,35,2,0,0
0,0,5,1143,2,2,0,2,1,3,5,0,0,1,3,2,1,0,0,0,0,0,0,0,0,0,0,0,0,9,1,0,0
0,0,9,2239,2,1,1,0,3,3,9,1,0,0,3,0,0,0,2,0,2,0,0,2,0,2,0,0,0,9,1,0,0
2,2,39,301,4,4,0,4,7,30,39,0,3,1,30,4,2,0,3,0,0,0,0,11,0,2,0,0,0,49,1,0,0
0,0,3,769,0,1,1,0,1,1,3,0,0,0,1,0,0,0,0,0,0,0,0,0,0,0,0,0,0,3,2,0,0
0,0,15,1441,3,4,2,2,3,10,15,0,1,0,10,2,1,0,1,0,0,0,0,1,0,2,0,0,0,11,1,0,0
0,0,7,1621,0,10,10,0,2,6,7,0,0,0,6,0,0,0,0,0,0,0,0,0,0,1,0,0,0,7,2,0,0
0,0,9,1215,1,0,0,0,3,6,9,0,2,1,6,0,0,0,0,0,0,0,0,2,0,1,0,0,0,13,1,0,0
0,0,4,1033,0,1,1,0,1,0,4,0,0,1,0,0,0,0,0,0,0,0,0,2,0,0,0,0,0,15,1,0,0
0,0,5,1535,3,2,1,1,1,3,5,0,1,0,3,1,1,0,0,0,0,0,0,1,0,0,0,0,0,7,1,0,0
0,0,3,1023,0,1,1,0,1,0,3,0,0,1,0,0,0,0,0,0,0,0,0,1,0,0,0,0,0,5,1,0,0
0,0,4,1295,2,2,0,2,2,3,4,0,1,1,3,2,2,0,0,0,0,0,0,1,0,0,0,0,0,9,1,0,0
0,0,18,447,2,1,0,1,1,8,18,0,1,0,8,0,0,0,0,0,0,0,0,2,0,0,0,0,0,16,4,0,0
0,0,10,475,1,0,0,0,1,1,10,1,1,0,1,0,0,0,0,0,0,0,0,1,0,0,0,0,0,4,4,0,0
1,0,21,1003,4,1,1,0,1,11,22,1,1,6,11,0,0,0,0,0,0,2,2,1,0,0,0,0,0,6,9,0,0
1,0,3,169,3,2,1,1,1,1,4,0,0,1,1,0,0,0,0,0,0,0,0,0,0,0,0,0,0,8,2,0,0
0,0,6,1131,3,0,0,0,2,3,6,2,0,2,3,0,0,0,0,0,0,0,0,0,0,1,0,0,0,10,1,0,0
1,0,8,141,4,2,1,1,2,3,9,1,0,1,3,0,0,0,1,0,0,1,0,1,0,2,0,0,0,10,9,0,0
1,0,5,389,2,0,0,0,1,3,6,0,1,3,3,0,0,0,0,0,0,0,0,1,0,0,0,0,0,7,1,0,0
1,0,2,361,3,1,1,0,1,1,3,1,0,1,1,0,0,0,0,0,1,0,0,0,0,0,0,0,0,9,10,0,0
1,0,3,405,2,1,1,0,1,2,4,0,1,1,2,0,0,0,0,0,0,0,0,1,0,0,0,0,0,17,1,0,0
1,0,3,443,2,0,0,0,1,2,4,0,1,1,2,0,0,0,0,0,0,0,0,1,0,0,0,0,0,6,1,0,0
0,0,5,1089,3,0,0,0,1,3,5,0,1,1,3,0,0,0,0,0,0,0,0,1,0,0,0,0,0,13,1,0,0
1,0,2,991,5,1,0,1,1,1,3,1,0,5,1,1,1,0,0,0,0,1,0,0,0,0,0,0,0,5,9,0,0
0,0,9,1103,3,0,0,0,3,9,9,2,2,2,9,0,0,0,1,0,1,2,1,2,1,1,0,0,0,15,1,0,0
0,0,3,345,2,1,0,1,1,1,3,0,0,1,1,1,3,0,0,0,0,0,0,0,0,0,0,0,0,2,1,0,0
0,0,48,211,9,4,2,2,9,21,48,0,7,1,21,2,2,2,2,0,2,5,1,14,5,3,0,0,0,26,1,0,0
1,0,2,1063,2,1,0,1,1,1,3,0,0,1,1,1,1,0,0,0,0,0,0,0,0,0,0,0,0,3,1,0,0
0,0,3,501,2,1,0,1,1,0,3,1,0,0,0,0,0,0,0,0,0,0,0,0,0,0,0,0,0,5,4,0,0
1,0,3,431,2,0,0,0,1,2,4,0,1,1,2,0,0,0,0,0,0,0,0,1,0,0,0,0,0,6,1,0,0
0,0,3,1053,1,1,1,0,1,1,3,1,0,1,1,0,0,0,0,0,0,1,0,0,1,0,0,0,0,3,9,0,0
1,0,123,521,9,3,0,3,44,34,124,9,10,2,34,0,0,3,11,2,6,5,2,19,3,4,0,0,0,54,1,0,0
1,0,4,417,2,0,0,0,1,3,5,0,1,2,3,0,0,0,0,0,0,1,0,1,1,0,0,0,0,8,1,0,0
0,0,5,455,1,0,0,0,1,3,5,0,1,1,3,0,0,0,0,0,0,1,0,1,1,0,0,0,0,8,1,0,0
1,0,8,187,3,2,1,1,2,7,9,0,1,1,7,1,1,1,0,0,0,0,0,1,0,1,0,0,0,14,1,0,0
0,0,3,1143,1,1,1,0,1,3,3,1,0,1,3,0,0,0,0,0,2,0,0,0,0,0,0,0,0,7,1,0,0
1,0,7,1073,3,1,1,0,2,3,8,1,1,2,3,0,0,0,1,0,0,0,0,1,0,1,0,0,0,14,1,0,0
1,0,26,905,5,1,0,1,6,8,27,1,5,2,8,0,0,1,2,1,0,1,2,7,1,3,0,0,0,15,1,0,0
0,0,8,625,4,0,0,0,2,5,8,2,2,1,5,0,0,0,1,0,1,0,0,2,1,1,0,0,0,31,9,0,0
0,0,15,259,3,0,0,0,2,9,15,0,4,2,9,0,0,0,0,0,0,0,0,4,0,1,0,0,0,13,1,0,0
0,0,3,305,1,0,0,0,1,1,3,0,0,2,1,0,0,0,0,0,0,0,0,0,0,0,0,0,0,5,1,0,0
0,0,5,521,2,0,0,0,1,5,5,1,1,1,5,0,0,0,0,0,1,0,0,1,1,0,0,0,0,23,1,0,0
0,0,26,435,4,0,0,0,3,12,26,2,2,1,12,0,0,0,0,0,1,0,0,2,1,2,1,0,0,32,1,0,0
0,0,5,375,3,0,0,0,1,3,5,1,1,1,3,0,0,0,0,0,0,0,0,1,0,0,0,0,0,11,1,0,0
0,0,5,469,0,0,0,0,1,8,5,0,0,0,8,0,0,0,0,0,0,0,0,0,1,0,0,0,0,19,1,0,0
2,0,126,177,4,0,0,0,5,17,128,1,10,0,17,0,0,0,1,0,0,0,0,12,2,1,4,0,0,79,1,0,0
0,0,7,585,4,0,0,0,2,7,7,0,2,2,7,0,0,0,1,0,1,0,0,2,1,1,0,0,0,28,9,0,0
0,0,7,545,3,0,0,0,2,3,7,2,1,2,3,0,0,0,1,0,0,0,0,1,1,1,0,0,0,27,9,0,0
0,0,7,605,4,0,0,0,2,7,7,0,2,2,7,0,0,0,1,0,1,0,0,2,1,1,0,0,0,32,9,0,0
0,0,5,157,1,0,0,0,1,3,5,0,0,1,3,0,0,0,0,0,0,0,0,0,0,0,0,0,0,13,1,0,0
0,0,7,565,3,0,0,0,2,3,7,2,1,2,3,0,0,0,1,0,0,0,0,1,1,1,0,0,0,25,9,0,0
0,0,4,485,0,0,0,0,1,5,4,0,0,0,5,0,0,0,0,0,0,0,0,0,1,0,0,0,0,16,1,0,0
0,0,41,231,4,0,0,0,3,12,41,1,5,1,12,0,0,0,1,0,0,1,0,6,0,1,2,0,0,26,1,0,0
0,0,38,283,1,6,3,3,13,17,38,2,6,5,17,3,1,1,1,1,0,5,2,10,3,5,0,0,0,25,9,0,0
0,0,69,423,2,2,1,1,23,23,69,2,12,4,23,1,0,4,3,1,0,13,4,18,8,7,0,0,0,56,9,0,0
0,0,3,271,1,1,0,1,1,1,3,1,0,4,1,1,2,0,0,0,0,1,0,0,0,0,0,0,0,6,9,0,0
0,0,3,909,1,2,1,1,1,1,3,1,0,1,1,1,1,0,0,0,0,1,0,0,1,0,0,0,0,6,10,0,0
0,0,14,921,1,2,1,1,5,4,14,0,1,1,4,1,0,1,1,0,0,2,0,1,2,2,0,0,0,14,9,0,0
0,0,4,977,1,1,0,1,1,3,4,1,0,1,3,1,3,0,0,0,0,0,0,0,0,0,0,0,0,5,9,0,0
1,1,10,949,1,2,1,1,2,5,10,1,3,1,5,1,2,1,0,0,0,3,1,4,1,1,0,0,0,10,10,0,0
0,0,6,103,0,0,0,0,2,4,6,2,2,1,4,0,0,0,0,0,0,1,0,2,1,1,0,0,0,22,9,0,0
0,0,4,231,0,0,0,0,2,1,4,1,1,1,1,0,0,0,1,0,1,0,1,1,0,0,0,0,0,7,9,0,0
0,0,3,659,2,1,0,1,1,1,3,1,0,3,1,1,1,0,0,0,0,0,0,0,0,0,0,0,0,4,9,0,0
0,0,4,255,1,1,0,1,1,2,4,0,0,0,2,0,0,0,0,0,0,0,0,0,0,0,0,0,0,6,1,0,0
0,0,10,123,0,0,0,0,3,6,10,2,2,1,6,0,0,0,0,0,0,1,0,2,1,2,0,0,0,17,9,0,0
0,0,9,245,0,1,0,1,1,1,9,0,0,5,1,0,0,0,0,0,0,0,0,0,0,0,1,0,0,9,9,0,0
0,0,7,205,0,1,1,0,1,2,7,1,3,2,2,0,0,0,0,0,0,0,0,3,0,0,0,0,0,10,9,0,0
0,0,8,179,0,1,1,0,2,2,8,1,1,2,2,0,0,0,0,0,0,0,0,2,0,1,0,0,0,7,9,0,0
0,0,4,891,0,1,1,0,3,3,4,1,1,1,3,0,0,0,0,0,1,0,2,1,1,0,0,0,0,8,9,0,0
0,0,10,149,0,0,0,0,2,5,10,2,2,1,5,0,0,0,0,0,0,1,0,2,1,1,0,0,0,18,9,0,0
0,0,3,411,2,1,0,1,1,1,3,1,0,3,1,1,1,0,0,0,0,0,0,0,0,0,0,0,0,5,9,0,0
0,0,68,671,2,4,3,1,23,22,68,2,12,4,22,1,0,4,3,1,0,13,3,18,8,7,0,0,0,54,9,0,0
0,0,12,177,3,2,0,2,3,8,12,0,0,2,8,0,0,0,1,0,0,1,0,0,3,1,0,0,0,14,1,0,0
0,0,2,217,1,0,0,0,1,0,2,0,0,2,0,0,0,0,0,0,0,0,0,0,0,0,0,0,0,4,1,0,0
0,0,11,309,3,0,0,0,3,3,11,0,1,1,3,0,0,2,0,0,2,0,0,3,0,1,0,0,0,12,4,0,0
1,1,3,229,1,0,0,0,1,2,3,0,0,2,2,0,0,0,0,0,0,0,0,0,0,0,0,0,0,3,1,0,0
0,0,1,339,0,0,0,0,1,0,1,0,0,0,0,0,0,0,0,0,0,0,0,0,0,0,0,0,0,3,1028,0,0
0,0,3,299,1,0,0,0,1,0,3,1,0,0,0,0,0,0,0,0,0,0,0,0,0,0,0,0,0,4,4,0,0
0,0,13,131,3,2,0,2,3,9,13,0,0,1,9,0,0,0,1,0,1,1,0,1,3,1,0,0,0,18,1,0,0
0,0,5,109,1,0,0,0,1,0,5,0,0,3,0,0,0,0,0,0,0,0,0,3,0,0,0,0,0,8,1,0,0
0,0,22,241,4,3,0,3,4,9,22,0,2,1,9,0,0,0,0,0,0,1,0,2,0,1,0,0,0,18,1,0,0
0,0,4,135,0,0,0,0,1,3,4,1,0,0,3,0,0,0,0,0,0,0,0,1,0,0,0,0,0,7,1,0,0
0,0,3,209,1,0,0,0,1,0,3,1,0,1,0,0,0,0,0,0,0,0,0,0,0,0,0,0,0,5,1,0,0
0,0,23,329,3,0,0,0,4,8,23,1,4,4,8,0,0,0,0,0,0,4,1,7,3,2,0,0,0,22,1,0,0
0,0,9,387,0,1,1,0,3,3,9,0,2,1,3,0,0,0,1,0,0,1,0,2,0,2,0,0,0,11,2,0,0
0,0,19,267,5,1,0,1,3,10,19,1,4,5,10,1,1,0,0,0,0,2,0,4,2,1,0,0,0,23,1,0,0
0,0,4,121,0,0,0,0,1,1,4,0,0,0,1,0,0,0,0,0,0,1,0,0,1,0,0,0,0,0,8,0,0
0,0,23,149,2,0,0,0,4,8,23,1,4,3,8,0,0,0,0,0,0,4,1,7,3,2,0,0,0,20,1,0,0
0,0,17,223,3,0,0,0,3,8,17,1,3,2,8,0,0,0,1,0,0,3,2,4,3,1,0,0,0,25,1,0,0
0,0,4,441,0,0,0,0,1,2,4,0,0,0,2,0,0,0,0,0,0,0,0,1,0,0,0,0,0,8,1,0,0
0,0,7,189,2,1,0,1,1,2,7,1,2,1,2,0,0,0,0,0,0,0,0,2,0,0,0,0,0,9,9,0,0
0,0,21,621,5,0,0,0,2,8,21,2,2,4,8,0,0,0,1,0,0,0,0,3,0,1,1,0,0,24,1,0,0
0,0,5,237,0,0,0,0,1,4,5,0,0,0,4,0,0,0,0,0,0,0,0,0,0,0,0,0,0,4,1,0,0
0,0,5,713,1,0,0,0,1,3,5,0,0,1,3,0,0,0,0,0,0,0,0,1,1,0,0,0,0,4,1,0,0
0,0,7,215,3,1,0,1,1,6,7,0,0,1,6,1,1,0,0,0,0,0,1,1,0,0,0,0,0,18,1,0,0
0,0,6,303,0,0,0,0,2,2,6,0,0,0,2,0,0,0,1,0,0,0,0,0,0,1,0,0,0,5,1,0,0
0,0,8,731,1,1,1,0,2,7,8,0,0,0,7,0,0,0,1,0,1,0,0,0,0,1,0,0,0,9,1,0,0
0,0,3,695,0,1,1,0,1,0,3,0,0,1,0,0,0,0,0,0,0,0,0,1,0,0,0,0,0,5,1,0,0
0,0,5,425,1,1,0,1,1,3,5,0,0,0,3,0,0,0,0,0,0,0,0,1,0,0,0,0,0,9,1,0,0
0,0,15,253,3,3,0,3,3,8,15,0,1,0,8,2,2,0,2,0,0,0,0,4,0,1,0,0,0,29,1,0,0
0,0,17,411,2,2,1,1,3,7,17,0,0,0,7,1,1,0,1,0,0,0,0,0,0,1,1,0,0,27,2,0,0
0,0,6,771,2,0,0,0,3,4,6,0,0,2,4,0,0,0,1,0,0,0,0,0,0,1,0,0,0,6,1,0,0
12,3,12,341,3,0,0,0,6,10,21,0,6,3,10,0,0,0,2,0,1,0,0,6,0,3,0,0,0,24,1,0,0
2,1,44,489,6,1,0,1,14,28,45,0,5,4,28,1,1,0,5,0,1,0,2,10,0,2,0,0,0,34,1,0,0
0,0,4,469,4,0,0,0,1,2,4,1,0,2,2,0,0,0,0,0,0,1,0,0,1,0,0,0,0,19,1,0,0
0,0,5,651,0,0,0,0,1,2,5,0,0,0,2,0,0,0,0,0,0,0,0,1,0,0,0,0,0,8,1,0,0
0,0,6,321,0,0,0,0,2,4,6,0,0,0,4,0,0,0,1,0,0,0,0,0,0,1,0,0,0,6,1,0,0
0,0,4,177,0,1,1,0,1,0,4,0,0,0,0,0,0,0,0,0,0,0,0,1,0,0,0,0,0,7,1,0,0
0,0,4,677,1,3,3,0,1,2,4,1,1,0,2,0,0,0,0,0,0,0,0,1,0,0,0,0,0,13,1,0,0
17,11,20,365,3,0,0,0,8,10,26,1,7,1,10,0,0,3,3,0,0,0,4,7,0,6,0,0,0,28,1,0,1
59,31,47,449,4,2,1,1,20,17,75,2,13,1,17,0,0,2,4,0,2,14,4,20,5,6,0,0,0,71,1,0,1
10,5,15,297,3,1,0,1,4,8,20,0,5,2,8,0,0,1,2,0,0,0,3,7,0,3,0,0,0,30,1,0,1
4,2,3,657,2,2,0,2,2,2,5,0,0,1,2,2,1,0,0,0,0,0,0,0,0,1,0,0,0,23,1,0,1
11,8,17,673,1,2,2,0,5,6,20,1,5,0,6,0,0,3,0,0,0,0,3,6,0,3,0,0,0,14,2,0,0
6,3,5,215,2,1,0,1,2,1,8,1,0,1,1,0,0,0,1,0,0,0,0,1,0,2,0,0,0,10,9,0,0
8,4,11,239,2,1,1,0,1,1,15,0,0,1,1,0,0,0,0,0,0,0,0,2,0,0,1,0,0,14,2,0,0
2,1,3,111,2,1,1,0,1,0,4,0,0,2,0,0,0,0,0,0,0,0,0,2,0,0,0,0,0,8,0,0,0
8,4,0,161,2,1,1,0,1,0,4,0,0,2,0,0,0,0,0,0,0,0,0,2,0,0,0,0,0,7,0,0,0
0,0,9,125,0,0,0,0,1,3,9,1,1,0,3,0,0,0,0,0,0,3,1,1,0,0,0,0,0,6,1,0,0
0,0,9,253,2,1,0,1,2,2,9,0,0,1,2,0,0,0,0,0,0,0,0,0,0,1,0,0,0,6,1,0,0
0,0,8,675,3,0,0,0,2,4,8,2,2,1,4,0,0,0,1,0,0,0,0,2,1,1,0,0,0,30,9,0,0
0,0,7,635,3,0,0,0,2,6,7,0,2,2,6,0,0,0,1,0,0,0,0,2,1,1,0,0,0,27,9,0,0
22,4,128,175,4,0,0,0,6,17,146,1,10,0,17,0,0,0,1,0,0,0,0,12,2,1,4,0,0,80,1,0,0
0,0,4,507,0,0,0,0,1,5,4,0,0,0,5,0,0,0,0,0,0,0,0,0,1,0,0,0,0,16,1,0,0
0,0,5,491,0,0,0,0,1,8,5,0,0,0,8,0,0,0,0,0,0,0,0,0,1,0,0,0,0,19,1,0,0
0,0,5,373,3,0,0,0,1,3,5,1,1,1,3,0,0,0,0,0,0,0,0,1,0,0,0,0,0,11,1,0,0
0,0,7,655,3,0,0,0,2,6,7,0,2,2,6,0,0,0,1,0,0,0,0,2,1,1,0,0,0,31,9,0,0
0,0,5,155,1,0,0,0,1,3,5,0,0,1,3,0,0,0,0,0,0,0,0,0,0,0,0,0,0,13,1,0,0
0,0,41,229,4,0,0,0,3,12,41,1,5,1,12,0,0,0,1,0,0,1,0,6,0,1,2,0,0,26,1,0,0
0,0,29,449,4,0,0,0,4,12,29,2,2,1,12,0,0,0,0,0,1,0,0,3,1,2,1,0,0,32,1,0,0
0,0,14,543,2,0,0,0,3,6,14,1,1,1,6,0,0,0,0,0,1,0,0,2,1,1,0,0,0,24,1,0,0
0,0,3,303,1,0,0,0,1,1,3,0,0,2,1,0,0,0,0,0,0,0,0,0,0,0,0,0,0,5,1,0,0
0,0,15,257,3,0,0,0,2,9,15,0,4,2,9,0,0,0,0,0,0,0,0,4,0,1,0,0,0,13,1,0,0
0,0,7,615,3,0,0,0,2,3,7,2,1,2,3,0,0,0,1,0,0,0,0,1,1,1,0,0,0,25,9,0,0
0,0,7,595,3,0,0,0,2,3,7,2,1,2,3,0,0,0,1,0,0,0,0,1,1,1,0,0,0,27,9,0,0
0,9,22,155,3,0,0,0,1,5,13,0,1,2,5,0,0,0,0,0,0,0,0,2,6,0,0,0,0,6,4,0,0
0,0,16,329,3,1,1,0,4,10,16,0,3,1,10,0,0,1,0,0,0,0,0,5,0,2,0,0,0,19,2,0,0
0,4,32,207,3,2,0,2,6,5,28,1,1,2,5,2,1,0,0,0,0,0,0,5,0,1,0,0,0,12,1,0,0
0,0,16,277,4,1,1,0,5,10,16,0,3,1,10,0,0,1,0,0,0,0,0,5,0,2,0,0,0,21,2,0,0
0,0,8,95,1,0,0,0,2,2,8,0,0,2,2,0,0,1,0,0,0,0,0,3,0,1,0,0,0,9,1,0,0
0,0,8,123,0,0,0,0,2,4,8,1,2,0,4,0,0,0,0,0,0,1,1,3,0,1,0,0,0,4,4,0,0
4,0,0,169,0,0,0,0,1,2,4,1,1,1,2,0,0,0,0,0,0,0,0,1,0,0,0,0,0,6,9,0,0
0,0,8,95,2,0,0,0,2,3,8,0,0,2,3,0,0,0,0,0,0,1,0,0,0,1,0,0,0,10,9,0,1
0,0,16,119,4,0,0,0,2,6,16,1,4,1,6,0,0,0,0,0,0,0,2,8,0,1,0,0,0,11,9,0,0
0,0,8,111,2,0,0,0,2,3,8,0,0,2,3,0,0,0,0,0,0,1,0,0,0,1,0,0,0,10,9,0,1
30,0,20,205,2,0,0,0,5,16,20,0,6,1,16,0,0,0,0,1,0,3,1,7,2,2,0,0,0,27,9,0,1
0,0,4,185,0,0,0,0,1,2,4,1,1,1,2,0,0,0,0,0,0,0,0,1,0,0,0,0,0,6,9,0,0
0,0,16,135,4,0,0,0,2,6,16,1,4,1,6,0,0,0,0,0,0,0,2,8,0,1,0,0,0,11,9,0,0
0,0,14,887,4,1,1,0,2,9,14,0,2,4,9,0,0,0,0,0,0,0,0,2,0,1,0,0,0,13,2,0,0
0,0,6,309,2,0,0,0,1,4,6,0,1,1,4,0,0,0,0,0,0,0,0,1,0,0,0,0,0,7,4,0,0
0,0,13,829,4,2,2,0,2,11,13,1,2,3,11,0,0,0,0,0,0,0,0,2,0,1,0,0,0,16,2,0,0
0,0,9,867,5,1,1,0,2,6,9,1,1,4,6,0,0,0,0,0,0,0,0,1,0,1,0,0,0,14,2,0,0
0,0,9,331,1,2,1,1,3,3,9,2,0,0,3,1,2,1,1,0,0,0,1,0,0,2,0,0,0,10,2,0,0
0,0,4,771,1,1,1,0,4,2,4,1,1,2,2,0,0,0,2,0,1,0,1,1,0,0,0,0,0,10,2,0,0
1,1,12,935,3,1,1,0,2,10,12,1,2,2,10,0,0,0,0,0,0,0,0,2,0,1,0,0,0,14,2,0,0
0,0,32,189,3,3,0,3,6,20,32,1,1,0,20,3,5,0,1,1,0,1,0,7,0,3,0,0,0,36,4,0,0
0,0,36,647,2,2,1,1,11,16,36,0,2,0,16,1,1,3,2,0,0,2,2,3,1,4,0,0,0,18,2,0,0
0,0,3,171,2,0,0,0,1,0,3,0,0,2,0,0,0,0,0,0,0,0,0,0,0,0,0,0,0,5,1,0,0
0,0,6,1013,2,1,1,0,1,3,6,0,1,2,3,0,0,0,0,0,0,0,0,1,0,0,0,0,0,9,4,0,0
0,0,73,361,4,8,1,7,16,31,73,0,10,0,31,7,2,1,3,0,0,4,2,22,1,5,0,0,0,39,2,0,0
0,0,3,1003,1,0,0,0,1,0,3,0,0,1,0,0,0,0,0,0,0,0,0,1,0,0,0,0,0,9,1,0,1
0,0,4,809,3,3,2,1,1,4,4,0,1,2,4,1,1,0,0,0,0,0,0,1,0,0,0,0,0,9,2,0,0
0,0,6,785,2,1,1,0,4,5,6,1,3,1,5,0,0,0,2,0,1,0,1,3,0,0,0,0,0,12,2,0,0
0,0,6,1181,3,0,0,0,2,3,6,2,0,2,3,0,0,0,0,0,0,0,0,0,0,1,0,0,0,10,1,0,0
0,0,3,1085,1,1,1,0,1,1,3,1,0,1,1,0,0,0,0,0,0,1,0,0,1,0,0,0,0,3,9,0,0
8,0,6,385,2,0,0,0,1,3,6,0,1,3,3,0,0,0,0,0,0,0,0,1,0,0,0,0,0,7,1,0,0
8,0,0,1121,3,1,1,0,2,3,8,1,1,2,3,0,0,0,1,0,0,0,0,1,0,1,0,0,0,15,1,0,0
8,0,1,187,3,2,1,1,2,7,9,0,1,1,7,1,1,1,0,0,0,0,0,1,0,1,0,0,0,14,1,0,0
8,0,3,357,3,1,1,0,1,1,3,1,0,1,1,0,0,0,0,0,1,0,0,0,0,0,0,0,0,9,10,0,0
8,0,14,1035,4,1,1,0,1,11,22,1,1,6,11,0,0,0,0,0,0,2,2,1,0,0,0,0,0,6,9,0,0
1,1,5,1139,3,0,0,0,1,3,5,0,1,1,3,0,0,0,0,0,0,0,0,1,0,0,0,0,0,13,1,0,0
8,0,4,169,3,2,1,1,1,1,4,0,0,1,1,0,0,0,0,0,0,0,0,0,0,0,0,0,0,8,2,0,0
0,0,9,1153,3,0,0,0,3,9,9,2,2,2,9,0,0,0,1,0,1,2,1,2,1,1,0,0,0,15,1,0,0
0,0,3,499,2,1,0,1,1,0,3,1,0,0,0,0,0,0,0,0,0,0,0,0,0,0,0,0,0,5,4,0,0
8,0,1,141,4,2,1,1,2,3,9,1,0,1,3,0,0,0,1,0,0,1,0,1,0,2,0,0,0,10,9,0,0
8,0,4,401,2,1,1,0,1,2,4,0,1,1,2,0,0,0,0,0,0,0,0,1,0,0,0,0,0,17,1,0,0
8,0,5,413,2,0,0,0,1,3,5,0,1,2,3,0,0,0,0,0,0,1,0,1,1,0,0,0,0,8,1,0,0
8,0,0,1105,3,1,1,0,2,3,8,1,1,2,3,0,0,0,1,0,0,0,0,1,0,1,0,0,0,14,1,0,0
0,0,5,451,1,0,0,0,1,3,5,0,1,1,3,0,0,0,0,0,0,1,0,1,1,0,0,0,0,8,1,0,0
8,0,19,937,5,1,0,1,6,8,27,1,5,2,8,0,0,1,2,1,0,1,2,7,1,3,0,0,0,15,1,0,0
8,0,125,519,9,4,0,4,50,38,133,10,13,2,38,0,0,3,14,2,7,5,2,22,3,4,0,0,0,58,1,0,0
8,0,3,1095,2,1,0,1,1,1,3,0,0,1,1,1,1,0,0,0,0,0,0,0,0,0,0,0,0,3,1,0,0
0,0,47,211,9,4,2,2,9,19,47,0,7,1,19,2,2,2,2,0,2,4,1,14,4,3,0,0,0,26,1,0,0
8,0,4,427,2,0,0,0,1,2,4,0,1,1,2,0,0,0,0,0,0,0,0,1,0,0,0,0,0,6,1,0,0
0,0,3,1193,1,1,1,0,1,3,3,1,0,1,3,0,0,0,0,0,2,0,0,0,0,0,0,0,0,7,1,0,0
8,0,3,1023,5,1,0,1,1,1,3,1,0,5,1,1,1,0,0,0,0,1,0,0,0,0,0,0,0,5,9,0,0
1,0,10,471,1,0,0,0,1,1,11,1,1,0,1,0,0,0,0,0,0,0,0,1,0,0,0,0,0,4,4,0,0
0,0,3,341,2,1,0,1,1,1,3,0,0,1,1,1,3,0,0,0,0,0,0,0,0,0,0,0,0,2,1,0,0
8,0,4,439,2,0,0,0,1,2,4,0,1,1,2,0,0,0,0,0,0,0,0,1,0,0,0,0,0,6,1,0,0
0,0,8,151,0,0,0,0,2,2,8,1,1,2,2,0,0,0,0,0,0,0,0,2,0,1,0,0,0,7,9,0,0
0,0,4,301,1,1,0,1,1,3,4,1,0,1,3,1,3,0,0,0,0,0,0,0,0,0,0,0,0,5,9,0,0
0,0,10,95,0,0,0,0,3,6,10,2,2,1,6,0,0,0,0,0,0,1,0,2,1,2,0,0,0,17,9,0,0
0,0,7,177,0,0,0,0,1,2,7,1,3,2,2,0,0,0,0,0,0,0,0,3,0,0,0,0,0,10,9,0,0
0,0,3,233,1,2,1,1,1,1,3,1,0,1,1,1,1,0,0,0,0,1,0,0,1,0,0,0,0,6,10,0,0
0,0,8,75,0,0,0,0,2,4,8,2,2,1,4,0,0,0,0,0,0,1,0,2,1,1,0,0,0,22,9,0,0
0,0,10,121,0,0,0,0,2,5,10,2,2,1,5,0,0,0,0,0,0,1,0,2,1,1,0,0,0,18,9,0,0
0,0,4,203,0,0,0,0,2,1,4,1,1,1,1,0,0,0,1,0,1,0,1,1,0,0,0,0,0,7,9,0,0
0,0,10,273,1,2,1,1,2,5,10,1,3,1,5,1,2,1,0,0,0,3,1,4,1,1,0,0,0,10,10,0,0
0,0,14,245,1,2,1,1,5,4,14,0,1,1,4,1,0,1,1,0,0,2,0,1,2,2,0,0,0,14,9,0,0
0,0,4,215,0,1,1,0,3,3,4,1,1,1,3,0,0,0,0,0,1,0,2,1,1,0,0,0,0,8,9,0,0
27,0,20,63,2,0,0,0,5,11,20,1,1,3,11,0,0,0,1,0,0,4,0,1,0,4,0,0,0,10,9,0,0
0,0,14,143,0,0,0,0,1,1,14,0,0,0,1,0,0,0,0,0,0,12,12,0,0,0,0,0,0,1,0,0,0
0,0,4,325,1,1,1,0,1,0,4,0,0,4,0,0,0,0,0,0,0,0,0,1,0,0,0,0,0,5,1,0,0
0,0,14,107,0,0,0,0,1,1,14,0,0,0,1,0,0,0,0,0,0,12,12,0,0,0,0,0,0,1,0,0,0
0,0,6,289,3,0,0,0,2,4,6,0,0,4,4,0,0,0,0,0,1,0,0,0,0,1,0,0,0,11,1,0,0
0,0,2,193,0,1,1,0,1,0,2,0,0,0,0,0,0,0,0,0,0,0,0,0,0,0,0,0,0,4,1,0,0
0,0,7,201,2,1,0,1,1,2,7,1,2,1,2,0,0,0,0,0,0,0,0,2,0,0,0,0,0,10,9,0,0
0,0,31,219,9,1,0,1,4,16,31,2,4,1,16,0,0,0,1,0,1,0,0,7,0,1,1,0,0,48,1,0,0
0,0,3,381,1,0,0,0,1,1,3,0,0,2,1,0,0,0,0,0,0,0,0,0,0,0,0,0,0,6,4,0,0
0,0,9,339,2,0,0,0,2,7,9,0,0,2,7,0,0,0,1,0,2,0,0,0,0,1,0,0,0,11,4,0,0
0,0,3,369,1,0,0,0,1,1,3,0,0,2,1,0,0,0,0,0,0,0,0,0,0,0,0,0,0,7,4,0,0
0,0,8,83,3,0,0,0,3,3,8,2,2,1,3,0,0,0,1,0,0,0,0,2,0,1,0,0,0,14,9,0,0
0,0,8,67,3,1,1,0,3,3,8,2,2,1,3,0,0,0,1,0,0,0,0,2,0,1,0,0,0,14,9,0,0
16,0,13,99,3,1,0,1,2,3,13,2,1,1,3,1,1,0,0,0,0,0,0,1,0,1,0,0,0,9,9,0,0
0,0,5,275,5,0,0,0,1,2,5,1,1,2,2,0,0,0,0,0,0,4,0,1,1,0,0,0,0,15,1,0,0
0,0,17,151,3,0,0,0,1,3,17,0,0,2,3,0,0,0,0,0,0,0,0,2,0,0,2,0,0,13,4,0,0
0,0,3,165,2,2,0,2,1,1,3,0,0,1,1,0,0,0,0,0,0,0,0,0,0,0,0,0,0,6,1,0,0
2,0,6,121,2,0,0,0,1,7,8,0,0,1,7,0,0,0,0,0,0,0,1,1,0,0,0,0,0,18,1,0,0
0,0,3,199,0,1,1,0,1,3,3,0,0,0,3,0,0,0,0,0,0,0,0,0,0,0,0,0,0,4,4,0,0
0,0,5,99,0,0,0,0,1,0,5,0,0,0,0,0,0,0,0,0,0,0,0,3,0,0,0,0,0,8,1,0,0
0,0,3,247,2,0,0,0,1,2,3,0,0,4,2,0,0,0,0,0,0,0,0,0,0,0,0,0,0,8,1,0,0
0,0,3,185,2,2,0,2,1,1,3,0,0,1,1,0,0,0,0,0,0,0,0,0,0,0,0,0,0,6,1,0,0
0,0,23,299,2,0,0,0,7,7,23,0,1,2,7,0,0,1,3,0,0,0,2,2,0,3,0,0,0,8,1,0,0
0,0,3,257,2,0,0,0,1,0,3,1,0,4,0,0,0,0,0,0,0,0,0,0,0,0,0,0,0,8,1,0,0
0,0,14,209,2,1,1,0,3,10,14,0,3,0,10,0,0,1,0,0,0,1,2,4,1,1,0,0,0,10,4,0,0
0,0,2,2029,2,0,0,0,1,0,2,0,0,1,0,0,0,0,0,0,0,0,0,0,0,0,0,0,0,4,1,0,0
0,0,5,517,1,0,0,0,1,4,5,0,0,0,4,0,0,0,0,0,1,0,0,0,0,0,0,0,0,6,1,0,0
0,0,6,1699,3,1,1,0,1,7,6,0,1,1,7,0,0,0,0,0,0,0,0,1,0,0,0,0,0,11,1,0,0
0,0,23,2085,2,2,1,1,8,7,23,2,1,0,7,1,1,0,3,0,2,0,2,1,1,2,0,0,0,12,2,0,0
0,0,3,2301,2,2,1,1,1,1,3,0,0,1,1,1,1,0,0,0,0,0,0,0,0,0,0,0,0,4,1,0,0
0,0,3,2335,0,1,1,0,1,0,3,0,0,1,0,0,0,0,0,0,0,0,0,1,0,0,0,0,0,5,1,0,0
0,0,3,1805,1,1,0,1,1,3,3,0,0,0,3,1,1,0,0,0,0,0,0,0,0,0,0,0,0,5,1,0,0
0,0,3,1785,1,1,0,1,1,3,3,0,0,0,3,1,1,0,0,0,0,0,0,0,0,0,0,0,0,5,1,0,0
0,0,2,305,0,2,2,0,1,0,2,0,0,0,0,0,0,0,0,0,0,0,0,0,0,0,0,0,0,2,1,0,0
0,0,5,2311,2,2,2,0,1,4,5,0,1,3,4,0,0,0,0,0,0,0,0,1,0,0,0,0,0,12,1,0,0
0,0,23,367,7,1,0,1,6,12,23,2,1,3,12,1,3,0,5,0,0,0,0,6,0,1,0,0,0,44,1,0,0
0,0,22,2157,2,5,0,5,7,7,22,0,0,1,7,5,5,0,0,0,0,0,5,5,0,1,0,0,0,14,1,0,0
0,0,5,1977,4,0,0,0,1,4,5,1,0,2,4,0,0,0,0,0,0,0,0,0,0,0,0,0,0,19,1,0,0
0,0,3,2325,2,2,1,1,1,1,3,0,0,1,1,1,1,0,0,0,0,0,0,0,0,0,0,0,0,4,1,0,0
0,0,6,2047,1,0,0,0,2,2,6,0,0,1,2,0,0,0,1,0,0,0,0,0,0,1,0,0,0,9,1,0,0
0,0,6,497,0,0,0,0,2,4,6,0,0,0,4,0,0,0,1,0,0,0,0,0,0,1,0,0,0,6,1,0,0
0,0,4,815,3,2,1,1,1,3,4,0,1,1,3,1,3,0,0,0,0,0,0,1,0,0,0,0,0,8,2,0,0
0,0,5,1665,4,2,2,0,1,4,5,0,1,1,4,0,0,0,0,0,0,0,0,1,0,0,0,0,0,14,1,0,0
0,0,4,633,1,1,0,1,1,5,4,0,0,2,5,0,0,0,0,0,0,0,0,0,0,0,0,0,0,7,1,0,0
0,0,3,1959,1,0,0,0,1,0,3,1,0,0,0,0,0,0,0,0,0,0,0,0,0,0,0,0,0,4,1,0,0
0,0,4,1731,0,0,0,0,1,5,4,0,0,0,5,0,0,0,0,0,0,0,0,0,0,0,0,0,0,4,1,0,0
0,0,4,617,2,1,0,1,1,2,4,0,0,2,2,0,0,0,0,0,0,0,0,0,0,0,0,0,0,8,1,0,0
0,0,3,1319,2,4,0,4,1,1,3,0,0,1,1,0,0,0,0,0,0,0,0,0,0,0,0,0,0,5,1,0,0
0,0,3,1689,0,0,0,0,1,2,3,0,0,0,2,0,0,0,0,0,0,0,0,0,0,0,0,0,0,3,1,0,0
0,0,6,2139,1,2,2,0,1,4,6,1,1,3,4,0,0,0,0,0,0,0,0,1,0,0,0,0,0,8,2,0,0
0,0,12,1995,5,0,0,0,4,9,12,0,0,2,9,0,0,0,1,0,2,0,0,2,0,1,0,0,0,27,1,0,0
0,0,6,2271,2,1,1,0,1,4,6,0,2,1,4,0,0,0,0,0,0,0,0,2,0,0,0,0,0,12,1,0,0
0,0,21,1717,4,1,1,0,4,12,21,0,1,1,12,0,0,0,2,0,0,0,0,1,0,1,1,0,0,19,1,0,0
0,0,3,1745,0,0,0,0,1,2,3,0,0,0,2,0,0,0,0,0,0,0,0,0,0,0,0,0,0,4,1,0,0
0,0,79,533,7,1,0,1,21,39,79,1,16,3,39,1,1,0,11,0,3,0,0,19,0,3,2,0,0,54,1,0,0
0,0,5,2247,2,2,2,0,1,4,5,0,1,3,4,0,0,0,0,0,0,0,0,1,0,0,0,0,0,12,1,0,0
0,0,3,2261,2,2,1,1,1,1,3,0,0,1,1,1,1,0,0,0,0,0,0,0,0,0,0,0,0,4,1,0,0
0,0,5,313,3,1,0,1,1,2,5,1,1,2,2,0,0,0,0,0,0,0,0,1,0,0,0,0,0,10,9,0,0
0,0,28,1549,8,2,1,1,3,17,28,0,6,0,17,1,1,0,0,0,0,0,0,6,0,2,1,0,0,28,1,0,0
0,0,3,1949,2,1,0,1,1,2,3,0,0,1,2,1,1,0,0,0,0,0,0,0,0,0,0,0,0,3,1,0,0
0,0,62,1377,7,1,1,0,3,12,62,1,4,0,12,0,0,0,0,0,0,0,0,4,0,1,2,0,0,42,1,0,0
0,0,3,2221,2,2,1,1,1,1,3,0,0,1,1,1,1,0,0,0,0,0,0,0,0,0,0,0,0,4,1,0,0
0,0,5,2231,1,1,1,0,1,4,5,0,0,3,4,0,0,0,0,0,0,0,0,1,0,0,0,0,0,11,1,0,0
0,0,101,827,12,4,2,2,17,27,101,0,8,2,27,2,2,0,8,0,3,0,3,19,0,2,5,0,0,54,2,0,0
0,0,29,1141,4,1,1,0,5,10,29,1,1,4,10,0,0,0,1,0,1,0,0,2,0,3,1,0,0,29,2,0,1
0,0,3,941,2,4,0,4,1,1,3,0,0,1,1,0,0,0,0,0,0,0,0,0,0,0,0,0,0,5,1,0,0
0,0,3,977,1,4,0,4,1,5,3,0,0,1,5,0,0,0,0,0,0,0,0,0,0,0,0,0,0,4,1,0,0
0,0,3,1029,2,4,0,4,1,1,3,0,0,1,1,0,0,0,0,0,0,0,0,0,0,0,0,0,0,5,1,0,0
0,0,134,2367,12,2,0,2,44,41,134,13,21,2,41,0,0,0,22,0,15,0,1,27,0,5,0,0,0,59,1,0,0
0,0,3,1339,2,4,0,4,1,1,3,0,0,1,1,0,0,0,0,0,0,0,0,0,0,0,0,0,0,5,1,0,0
0,0,3,1077,2,4,0,4,1,1,3,0,0,1,1,0,0,0,0,0,0,0,0,0,0,0,0,0,0,5,1,0,0
0,0,8,1423,5,1,0,1,1,5,8,0,2,2,5,0,0,0,0,0,0,0,0,2,0,0,0,0,0,14,1,0,0
0,0,3,1101,2,4,0,4,1,1,3,0,0,1,1,0,0,0,0,0,0,0,0,0,0,0,0,0,0,5,1,0,0
0,0,28,1449,2,1,0,1,5,14,28,0,6,2,14,0,0,0,2,0,1,4,4,7,0,4,0,0,0,29,1,0,0
0,0,3,1195,2,4,0,4,1,1,3,0,0,1,1,0,0,0,0,0,0,0,0,0,0,0,0,0,0,5,1,0,0
0,0,3,1589,1,0,0,0,1,4,3,0,0,1,4,0,0,0,0,0,0,0,0,0,0,0,0,0,0,9,1,0,0
0,0,44,1823,8,1,1,0,11,14,44,2,1,5,14,0,0,0,1,0,3,0,1,7,7,2,0,0,0,17,9,0,0
0,0,5,1639,1,0,0,0,2,2,5,0,0,0,2,0,0,0,0,0,0,0,0,0,0,1,0,0,0,5,1,0,0
0,0,11,785,3,2,1,1,3,5,11,0,0,0,5,1,4,0,0,0,0,0,0,0,0,1,0,0,0,10,2,0,0
0,0,7,327,2,1,0,1,1,2,7,1,2,1,2,0,0,0,0,0,0,0,0,2,0,0,0,0,0,9,9,0,0
0,0,5,2287,2,2,2,0,1,4,5,0,1,3,4,0,0,0,0,0,0,0,0,1,0,0,0,0,0,12,1,0,0
0,0,4,353,1,0,0,0,1,3,4,0,0,1,3,0,0,0,0,0,0,0,0,1,0,0,0,0,0,10,1,0,0
0,0,3,1655,0,0,0,0,1,1,3,0,0,0,1,0,0,0,0,0,0,0,0,0,0,0,0,0,0,1,1,0,0
0,0,12,431,1,0,0,0,2,8,12,0,0,0,8,0,0,0,0,0,1,0,0,0,0,1,0,0,0,8,1,0,0
0,0,3,1679,0,0,0,0,1,2,3,0,0,0,2,0,0,0,0,0,0,0,0,0,0,0,0,0,0,3,1,0,0
0,0,13,465,2,1,0,1,1,5,13,0,1,0,5,0,0,0,0,0,0,0,0,2,0,0,0,0,0,22,1,0,0
0,0,3,1795,2,1,0,1,1,3,3,0,0,0,3,1,1,0,0,0,0,0,0,0,0,0,0,0,0,6,1,0,0
0,0,49,1225,6,1,0,1,9,17,49,1,3,1,17,1,1,0,5,0,3,0,2,9,1,3,2,0,0,29,2,0,0
0,0,3,2345,1,1,1,0,1,3,3,1,0,1,3,0,0,0,0,0,0,0,0,0,0,0,0,0,0,4,4,0,0
0,0,3,367,0,0,0,0,1,0,3,1,0,0,0,0,0,0,0,0,0,0,0,0,0,0,0,0,0,4,1,0,0
3,0,18,277,3,1,1,0,2,16,21,0,5,1,16,0,0,0,0,0,0,2,0,6,0,1,0,0,0,18,2,0,0
2,1,40,127,3,2,0,2,9,24,41,1,5,0,24,2,1,0,3,2,0,1,0,9,0,5,0,0,0,28,4,0,0
9,0,0,343,0,1,1,0,3,3,9,3,0,0,3,0,0,0,1,0,0,0,0,0,0,2,0,0,0,6,2,0,0
0,0,4,107,2,0,0,0,1,0,4,0,0,2,0,0,0,0,0,0,0,0,0,1,0,0,0,0,0,8,1,0,0
0,0,3,137,0,0,0,0,1,0,3,0,0,3,0,0,0,0,0,0,0,0,0,0,0,0,0,0,0,25,1,0,1
0,0,8,197,0,0,0,0,2,1,8,2,0,0,1,0,0,0,1,0,0,0,0,0,0,1,0,0,0,6,1,0,0
1,1,7,149,1,1,0,1,4,3,7,0,0,1,3,0,0,0,2,0,1,0,0,1,1,1,0,0,0,17,1,0,0
0,0,3,111,0,0,0,0,1,0,3,0,0,1,0,0,0,0,0,0,0,0,0,0,0,0,0,0,0,14,1,0,1
0,0,3,91,0,0,0,0,1,0,3,0,0,0,0,0,0,0,0,0,0,0,0,0,0,0,0,0,0,4,1,0,0
0,0,3,185,0,0,0,0,1,0,3,0,0,1,0,0,0,0,0,0,0,0,0,1,0,0,0,0,0,4,1,0,0
0,0,4,243,1,1,0,1,1,3,4,0,0,1,3,0,0,0,0,0,1,0,0,2,1,0,0,0,0,7,1,0,0
0,0,1,235,0,1,1,0,1,0,1,0,0,0,0,0,0,0,0,0,0,0,0,0,0,0,0,0,0,2,0,0,0
0,0,1,231,1,1,1,0,1,0,1,0,0,2,0,0,0,0,0,0,0,0,0,0,0,0,0,0,0,11,0,0,0
0,0,2,175,0,0,0,0,1,0,2,0,0,1,0,0,0,0,0,0,0,0,0,0,0,0,0,0,0,5,1,0,0
0,0,4,111,0,0,0,0,1,0,4,0,0,0,0,0,0,0,0,0,0,0,0,2,0,0,0,0,0,7,1,0,0
0,0,25,177,4,1,0,1,5,16,25,0,3,4,16,1,1,0,0,0,0,0,1,4,0,2,0,0,0,20,1,0,0
10,0,8,273,1,1,0,1,2,6,8,0,0,1,6,1,1,0,0,0,0,0,0,0,0,1,0,0,0,11,1,0,0
10,0,3,263,0,0,0,0,1,1,3,0,0,0,1,0,0,0,0,0,0,0,0,0,0,0,0,0,0,1,1,0,0
0,0,6,321,2,0,0,0,1,3,6,0,1,1,3,0,0,0,0,0,0,0,0,1,1,0,0,0,0,5,9,0,0
0,0,6,295,1,2,2,0,2,3,6,0,0,1,3,0,0,0,0,0,1,0,0,0,0,1,0,0,0,8,2,0,0
0,0,5,247,1,0,0,0,1,4,5,0,1,0,4,0,0,0,0,0,0,0,0,1,0,0,0,0,0,7,1,0,0
0,7,13,153,0,0,0,0,1,5,6,0,0,0,5,0,0,0,0,0,0,0,0,0,0,0,0,0,0,4,1,0,0
0,0,7,131,2,0,0,0,1,6,7,0,0,1,6,0,0,0,0,0,0,0,1,1,0,0,0,0,0,18,1,0,0
0,0,4,349,4,0,0,0,1,2,4,1,0,2,2,0,0,0,0,0,0,0,0,0,0,0,0,0,0,11,1,0,0
17,0,15,187,3,2,0,2,4,7,15,0,0,2,7,2,3,0,0,0,0,0,0,0,0,1,0,0,0,16,4,0,0
36,0,27,223,3,3,1,2,7,11,27,0,2,2,11,2,2,0,0,0,0,0,0,6,0,2,0,0,0,31,2,0,0
42,0,26,455,2,2,1,1,7,9,26,1,1,1,9,1,1,0,1,0,0,11,0,9,4,2,0,0,0,27,2,0,0
12,0,11,541,1,3,3,0,3,1,11,2,1,2,1,0,0,0,2,0,0,2,0,3,0,1,0,0,0,8,2,0,0
22,0,16,297,2,3,2,1,4,7,16,1,2,1,7,1,1,1,0,0,0,0,0,4,0,3,0,0,0,19,2,0,0
6,0,5,129,3,1,0,1,1,5,5,0,0,2,5,1,2,0,0,0,0,0,1,0,0,0,0,0,0,11,4,0,0
8,0,6,111,5,0,0,0,1,1,6,0,0,5,1,0,0,0,0,0,0,0,0,3,0,0,0,0,0,7,1,0,0
19,0,13,145,3,0,0,0,4,10,13,0,1,2,10,0,0,0,2,0,2,1,0,2,0,1,0,0,0,17,4,0,0
0,0,51,573,0,0,0,0,1,1,51,0,0,0,1,0,0,0,0,0,0,49,0,0,0,0,0,0,0,3,0,0,0
0,0,13,397,0,0,0,0,1,1,13,0,0,0,1,0,0,0,0,0,0,0,0,0,0,0,0,0,0,1,0,0,0
0,0,14,221,0,0,0,0,1,1,14,0,0,0,1,0,0,0,0,0,0,0,0,0,0,0,0,0,0,1,0,0,0
0,0,2,79,1,0,0,0,1,0,2,0,0,2,0,0,0,0,0,0,0,0,0,0,0,0,0,0,0,7,4,0,0
0,0,3,67,1,0,0,0,1,0,3,0,0,1,0,0,0,0,0,0,0,0,0,0,0,0,0,0,0,7,1,0,0
3,0,44,99,2,0,0,0,10,10,47,0,1,2,10,0,0,0,1,0,4,0,2,9,0,1,0,0,0,13,4,0,0
0,0,2,89,1,0,0,0,1,0,2,0,0,2,0,0,0,0,0,0,0,0,0,0,0,0,0,0,0,7,4,0,0
0,0,3,207,2,0,0,0,1,1,3,1,0,3,1,0,0,0,0,0,0,0,0,0,0,0,0,0,0,5,1,0,0
1,0,11,267,3,1,0,1,6,9,12,2,0,3,9,0,0,0,4,0,4,0,1,0,0,2,0,0,0,14,1,0,0
0,0,4,509,0,0,0,0,1,3,4,0,0,0,3,0,0,0,0,0,0,0,0,0,0,0,0,0,0,4,1,0,0
0,0,23,447,0,1,1,0,5,10,23,0,3,0,10,0,0,1,3,0,0,4,2,8,2,4,0,0,0,15,2,0,0
1,0,12,539,6,1,0,1,3,9,13,0,0,2,9,1,1,0,1,0,1,1,2,1,1,1,0,0,0,17,1,0,0
1,0,13,313,4,1,1,0,3,6,14,0,1,4,6,0,0,0,1,0,0,1,1,1,0,1,0,0,0,16,4,0,0
0,0,3,577,0,0,0,0,1,1,3,0,0,0,1,0,0,0,0,0,0,0,0,0,0,0,0,0,0,1,1,0,0
1,0,11,151,5,1,0,1,1,6,12,1,3,2,6,0,0,0,0,0,0,1,0,3,0,0,0,0,0,15,9,0,0
0,0,24,357,4,0,0,0,5,15,24,0,2,4,15,0,0,0,0,0,1,0,1,3,0,2,0,0,0,16,1,0,0
0,0,9,589,1,0,0,0,2,4,9,0,0,1,4,0,0,0,1,0,0,0,0,0,0,1,0,0,0,7,1,0,0
11,2,1,179,3,1,0,1,1,5,10,1,3,0,5,0,0,0,0,0,0,1,0,3,0,0,0,0,0,13,9,0,0
0,0,6,431,1,1,0,1,1,6,6,0,0,0,6,1,1,0,0,0,0,0,0,0,0,0,0,0,0,9,1,0,0
1,0,35,205,9,0,0,0,3,12,36,1,3,3,12,0,0,0,2,0,0,0,0,9,0,1,1,0,0,54,1,0,0
0,0,6,521,0,1,1,0,1,6,6,0,0,1,6,0,0,0,0,0,0,0,0,0,0,0,0,0,0,11,1,0,0
0,0,3,815,0,1,1,0,2,2,3,1,0,0,2,0,0,0,1,0,0,0,0,0,0,0,0,0,0,8,2,0,0
0,0,9,1269,3,0,0,0,2,10,9,0,1,1,10,0,0,0,0,0,1,0,0,1,0,1,0,0,0,14,1,0,0
0,0,5,1119,2,2,0,2,1,3,5,0,0,1,3,2,1,0,0,0,0,0,0,0,0,0,0,0,0,9,1,0,0
0,0,38,581,7,2,0,2,15,26,38,4,3,1,26,2,1,0,2,1,1,1,0,3,0,3,0,0,0,29,4,0,0
0,0,16,761,3,3,1,2,5,7,16,1,2,0,7,2,1,0,3,0,0,0,0,2,0,2,0,0,0,15,1,0,0
0,0,4,713,1,0,0,0,1,3,4,0,0,1,3,0,0,0,0,0,0,0,0,0,0,0,0,0,0,6,4,0,0
0,0,3,999,0,1,1,0,1,0,3,0,0,1,0,0,0,0,0,0,0,0,0,1,0,0,0,0,0,5,1,0,0
0,0,6,799,1,4,4,0,1,6,6,0,1,0,6,0,0,0,0,0,0,0,0,1,0,0,0,0,0,12,2,0,0
0,0,11,1229,2,1,0,1,3,9,11,0,2,1,9,1,1,0,0,0,0,0,0,2,0,1,0,0,0,14,1,0,0
0,0,4,1257,2,2,0,2,2,3,4,0,1,1,3,2,2,0,0,0,0,0,0,1,0,0,0,0,0,9,1,0,0
0,0,26,1051,1,1,1,0,6,7,26,5,1,1,7,0,0,0,2,0,0,0,0,2,0,2,0,0,0,21,2,0,0
0,0,9,1317,1,0,0,0,3,6,9,0,2,1,6,0,0,0,0,0,0,0,0,2,0,1,0,0,0,11,1,0,0
0,0,6,1427,3,0,0,0,2,3,6,0,1,0,3,0,0,0,0,0,0,0,0,1,0,1,0,0,0,8,1,0,0
0,0,64,841,4,8,2,6,17,19,64,4,3,1,19,6,1,0,2,0,0,0,0,7,0,2,0,0,0,34,2,0,0
0,0,5,1147,2,2,0,2,1,3,5,0,0,1,3,2,1,0,0,0,0,0,0,0,0,0,0,0,0,9,1,0,0
0,0,46,1919,7,2,0,2,11,17,46,0,2,0,17,2,1,0,1,0,3,0,0,7,0,3,0,0,0,28,1,0,0
0,0,18,1513,1,1,1,0,4,7,18,0,1,0,7,0,0,0,0,1,0,0,0,1,0,2,0,0,0,8,2,0,0
0,0,7,1487,0,7,7,0,2,6,7,0,0,0,6,0,0,0,0,0,0,0,0,0,0,1,0,0,0,7,2,0,0
0,0,9,2541,1,1,1,0,4,4,9,3,0,1,4,0,0,0,2,0,1,0,0,0,0,1,0,0,0,10,2,0,0
0,0,3,2119,0,0,0,0,1,0,3,1,0,0,0,0,0,0,0,0,0,0,0,0,0,0,0,0,0,5,1,0,0
0,0,9,1293,3,0,0,0,2,10,9,0,1,1,10,0,0,0,0,0,1,0,0,1,0,1,0,0,0,14,1,0,0
0,0,116,2143,11,4,0,4,31,58,116,15,7,2,58,0,0,0,5,0,3,0,3,13,0,3,0,0,0,64,1,0,0
0,0,11,1021,2,1,1,0,5,9,11,1,0,0,9,0,0,0,2,0,0,0,0,0,0,1,0,0,0,13,2,0,0
0,0,4,981,2,1,0,1,1,3,4,0,0,1,3,1,2,0,0,0,0,0,0,0,0,0,0,0,0,8,1,0,0
1,1,39,293,4,4,0,4,8,33,39,0,3,1,33,4,2,0,3,0,0,0,0,11,0,2,0,0,0,52,1,0,0
0,0,18,437,2,1,0,1,1,8,18,0,1,0,8,0,0,0,0,0,0,0,0,2,0,0,0,0,0,16,4,0,0
0,0,95,1681,13,2,0,2,30,32,95,23,4,1,32,2,2,0,5,0,16,0,0,6,0,2,0,0,0,37,1,0,0
0,0,4,1175,1,0,0,0,1,3,4,0,1,1,3,0,0,0,0,0,0,0,0,1,0,0,0,0,0,8,1,0,0
0,0,10,1201,4,2,1,1,2,9,10,0,1,3,9,1,1,0,0,0,0,0,0,1,0,1,0,0,0,12,1,0,0
0,0,5,481,1,2,0,2,1,3,5,0,0,0,3,2,1,0,0,0,0,0,0,0,0,0,0,0,0,6,1,0,0
0,0,3,2071,1,0,0,0,1,0,3,1,0,0,0,0,0,0,0,0,0,0,0,0,0,0,0,0,0,4,1,0,0
0,0,35,1569,7,0,0,0,12,6,35,7,0,1,6,0,0,0,0,0,6,0,0,0,0,1,0,0,0,22,1,0,0
0,0,4,1009,0,1,1,0,1,0,4,0,0,1,0,0,0,0,0,0,0,0,0,2,0,0,0,0,0,15,1,0,0
0,0,4,1415,2,2,2,0,1,2,4,0,1,0,2,0,0,0,0,0,0,0,0,1,0,0,0,0,0,4,1,0,0
0,0,3,735,0,1,1,0,1,1,3,0,0,0,1,0,0,0,0,0,0,0,0,0,0,0,0,0,0,3,2,0,0
0,0,11,1453,0,3,3,0,4,8,11,0,0,0,8,0,0,0,0,0,0,0,0,0,0,1,0,0,0,6,1,0,0
0,0,3,745,0,1,1,0,1,1,3,0,0,0,1,0,0,0,0,0,0,0,0,0,0,0,0,0,0,3,2,0,0
0,0,5,1133,1,2,0,2,1,3,5,0,0,1,3,2,1,0,0,0,0,0,0,0,0,0,0,0,0,8,1,0,0
0,0,11,1371,3,1,1,0,2,7,11,0,2,0,7,0,0,0,0,0,0,0,0,2,0,1,0,0,0,9,1,0,0
0,0,4,1161,1,1,1,0,1,3,4,0,1,0,3,0,0,0,0,0,0,0,0,1,0,0,0,0,0,7,1,0,0
0,0,3,2081,1,0,0,0,1,0,3,0,0,1,0,0,0,0,0,0,0,0,0,1,0,0,0,0,0,4,1,0,0
0,0,10,1341,3,2,2,0,2,5,10,0,2,0,5,0,0,0,0,0,0,0,0,2,0,1,0,0,0,7,1,0,0
0,0,5,1401,3,2,1,1,1,3,5,0,1,0,3,1,1,0,0,0,0,0,0,1,0,0,0,0,0,7,1,0,0
0,0,9,2093,2,1,1,0,3,3,9,1,0,0,3,0,0,0,2,0,2,0,0,2,0,2,0,0,0,9,1,0,0
0,0,6,825,1,1,1,0,1,6,6,0,1,0,6,0,0,0,0,0,0,0,0,1,0,0,0,0,0,12,2,0,0
0,0,4,1189,1,0,0,0,1,3,4,0,1,1,3,0,0,0,0,0,0,0,0,1,0,0,0,0,0,9,1,0,0
0,0,19,517,1,0,0,0,7,9,19,0,1,3,9,0,0,0,5,0,0,1,0,2,0,2,0,0,0,30,4,0,0
0,0,6,497,0,0,0,0,2,2,6,0,0,0,2,0,0,0,0,0,0,0,0,0,0,1,0,0,0,5,4,0,0
0,0,11,87,3,1,0,1,2,10,11,0,1,1,10,0,0,0,0,0,0,1,0,1,1,1,0,0,0,12,1,0,0
0,0,3,69,1,0,0,0,1,0,3,0,0,3,0,0,0,0,0,0,0,0,0,0,0,0,0,0,0,7,1,0,0
1,1,3,133,0,0,0,0,1,0,3,1,0,0,0,0,0,0,0,0,0,0,0,0,0,0,0,0,0,3,4,0,0
2,2,31,565,3,0,0,0,13,11,31,0,5,2,11,0,0,1,2,0,0,1,0,5,1,3,0,0,0,22,1,0,0
0,0,3,497,1,0,0,0,1,1,3,0,0,1,1,0,0,0,0,0,0,0,0,0,0,0,0,0,0,5,1,0,0
0,0,16,473,5,1,0,1,2,9,16,0,2,1,9,0,0,0,0,0,0,0,0,2,0,1,1,0,0,15,1,0,0
0,0,3,183,2,0,0,0,1,0,3,0,0,3,0,0,0,0,0,0,0,0,0,0,0,0,0,0,0,6,1,0,0
0,0,7,165,4,1,0,1,1,5,7,0,0,6,5,1,1,0,0,0,0,0,0,2,0,0,0,0,0,11,1,0,0
1,0,35,323,3,0,0,0,9,8,36,0,2,2,8,0,0,0,2,0,0,0,0,4,0,3,0,0,0,16,4,0,0
12,1,34,201,5,0,0,0,6,16,45,0,5,2,16,0,0,0,4,0,6,0,6,5,2,5,0,0,0,18,4,0,0
0,0,25,727,5,0,0,0,4,11,25,1,2,1,11,0,0,0,0,0,2,0,4,6,0,1,0,0,0,18,1,0,0
0,0,25,791,0,1,1,0,6,9,25,1,0,0,9,0,0,2,1,0,0,5,3,7,2,3,0,0,0,20,1,0,0
0,0,4,543,5,0,0,0,1,2,4,1,1,2,2,0,0,0,0,0,0,6,0,1,1,0,0,0,0,13,1,0,0
0,0,14,671,4,1,1,0,3,9,14,0,2,2,9,0,0,0,0,0,0,0,0,4,3,1,0,0,0,8,1,0,0
0,0,40,419,5,0,0,0,4,13,40,1,0,2,13,0,0,0,1,0,3,0,0,0,0,2,1,0,0,21,4,0,0
0,0,2,653,1,0,0,0,1,0,2,0,0,1,0,0,0,0,0,0,0,0,0,0,0,0,0,0,0,4,1,0,0
19,9,40,599,3,6,2,4,11,17,50,2,9,4,17,4,2,1,4,0,2,6,5,13,9,4,0,0,0,46,9,0,0
0,0,68,349,2,3,1,2,21,21,68,2,12,3,21,2,3,3,3,1,0,13,3,18,8,7,0,0,0,51,9,0,0
0,0,28,1175,2,3,3,0,4,8,28,2,6,2,8,0,0,0,2,1,0,2,1,10,1,1,0,0,0,35,10,0,0
0,0,23,1001,1,1,1,0,5,10,23,3,7,2,10,0,0,0,0,1,0,0,2,7,0,2,0,0,0,34,10,0,0
14,6,38,199,3,5,2,3,10,15,46,2,9,3,15,3,2,1,4,0,2,9,5,13,9,4,0,0,0,45,9,0,0
0,0,15,139,2,4,2,2,3,6,15,2,2,2,6,2,1,0,1,1,0,0,0,3,0,1,0,0,0,19,9,0,0
0,0,69,769,2,4,1,3,21,22,69,2,12,3,22,3,3,3,3,1,0,13,4,18,8,7,0,0,0,54,9,0,0
19,9,3,579,2,1,0,1,1,1,3,1,0,3,1,1,3,0,0,0,0,0,0,0,0,0,0,0,0,5,9,0,0
0,0,12,1071,1,1,1,0,1,8,12,1,6,2,8,0,0,0,0,0,0,0,0,6,0,0,0,0,0,35,9,0,0
14,6,3,189,2,1,0,1,1,1,3,1,0,2,1,1,3,0,0,0,0,0,0,0,0,0,0,0,0,5,9,0,0
2,2,13,1261,1,2,2,0,3,4,13,0,4,2,4,0,0,1,0,0,1,0,3,5,3,1,0,0,0,23,9,0,0
0,0,16,1115,1,1,1,0,3,8,16,1,7,2,8,0,0,0,0,0,0,1,2,7,0,1,0,0,0,32,10,0,0
0,0,10,1967,1,2,2,0,3,5,10,0,2,0,5,0,0,0,2,0,0,0,0,3,0,2,0,0,0,29,2,0,1
0,0,3,1937,1,0,0,0,1,0,3,1,0,0,0,0,0,0,0,0,0,0,0,0,0,0,0,0,0,4,1,0,0
0,0,3,1911,0,0,0,0,1,3,3,0,0,1,3,0,0,0,0,0,0,0,0,0,0,0,0,0,0,6,1,0,0
0,0,23,795,0,2,2,0,7,7,23,1,5,2,7,0,0,2,1,0,0,4,9,8,4,2,0,0,0,9,2,0,0
0,0,3,293,3,1,0,1,1,1,3,1,0,2,1,1,1,0,0,0,0,0,0,0,0,0,0,0,0,7,9,0,0
0,0,11,303,5,5,4,1,2,6,11,1,3,3,6,0,0,0,1,0,0,0,0,3,0,0,0,0,0,17,10,0,0
5,0,4,1393,1,0,0,0,3,5,9,1,0,0,5,0,0,0,1,0,0,0,0,1,0,1,0,0,0,7,1,0,0
0,0,46,873,8,1,0,1,15,21,46,2,2,4,21,1,1,0,4,0,2,0,2,4,0,2,0,0,0,38,1,0,0
0,0,20,1011,6,1,0,1,4,8,20,2,2,4,8,1,1,0,1,0,0,0,0,4,0,2,0,0,0,30,1,0,0
0,0,44,441,5,4,0,4,10,18,44,0,2,0,18,3,2,0,4,0,1,1,1,8,1,3,0,0,0,48,1,0,0
0,0,3,1647,4,2,1,1,1,1,3,0,0,3,1,1,1,0,0,0,0,0,0,0,0,0,0,0,0,6,9,0,0
0,0,4,1925,0,0,0,0,1,1,4,0,0,1,1,0,0,0,0,0,0,0,0,2,0,0,0,0,0,4,1,0,0
0,0,18,1061,3,1,1,0,2,5,18,2,0,1,5,0,0,0,1,0,0,0,0,1,0,1,1,0,0,19,2,0,0
0,0,3,1997,0,1,1,0,1,2,3,1,0,0,2,0,0,0,0,0,0,0,0,0,0,0,0,0,0,17,1,0,0
0,0,6,633,0,0,0,0,2,4,6,0,0,0,4,0,0,0,1,0,0,0,0,0,0,1,0,0,0,6,1,0,0
5,0,3,1881,1,1,1,0,2,4,8,0,0,0,4,0,0,0,0,0,1,0,1,0,0,1,0,0,0,7,2,0,0
0,0,6,1707,1,0,0,0,3,3,6,0,0,0,3,0,0,0,2,0,1,0,0,0,0,1,0,0,0,9,1,0,0
0,0,3,1663,0,1,1,0,1,1,3,0,0,0,1,0,0,0,0,0,0,0,0,0,0,0,0,0,0,1,1,0,0
0,0,13,573,1,0,0,0,3,7,13,0,1,0,7,0,0,0,1,0,0,0,0,2,0,1,0,0,0,10,1,0,0
0,0,3,283,2,1,0,1,1,1,3,1,0,1,1,1,1,0,0,0,0,0,0,0,0,0,0,0,0,7,9,0,0
0,0,43,657,5,3,2,1,4,7,43,0,5,0,7,1,1,0,3,0,0,0,0,7,0,2,1,0,0,41,2,0,0
0,0,3,1949,0,0,0,0,1,0,3,1,0,0,0,0,0,0,0,0,0,0,0,0,0,0,0,0,0,3,1,0,0
0,0,18,385,7,0,0,0,2,12,18,1,2,3,12,0,0,0,0,0,0,0,1,5,0,1,0,0,0,21,1,0,0
0,0,28,1207,4,1,0,1,10,15,28,0,3,3,15,1,2,1,5,0,0,0,0,4,0,3,0,0,0,26,1,0,0
0,0,3,1725,1,0,0,0,1,1,3,0,0,1,1,0,0,0,0,0,0,0,0,0,0,0,0,0,0,3,1,0,0
0,0,9,1365,2,0,0,0,2,7,9,0,2,0,7,0,0,0,1,0,0,0,0,2,0,1,0,0,0,10,1,0,0
0,0,23,1115,9,3,0,3,6,15,23,0,0,2,15,3,2,0,2,0,4,0,1,3,0,1,0,0,0,30,1,0,0
0,0,8,1683,2,1,1,0,3,4,8,0,0,1,4,0,0,0,1,0,1,0,0,0,0,2,0,0,0,24,1,0,1
0,0,14,337,2,0,0,0,4,6,14,0,0,1,6,0,0,0,1,0,0,0,0,2,0,1,0,0,0,29,1,0,0
0,0,3,273,1,1,0,1,1,1,3,1,0,1,1,1,1,0,0,0,0,0,0,0,0,0,0,0,0,7,9,0,0
0,0,3,263,2,1,0,1,1,1,3,1,0,1,1,1,1,0,0,0,0,0,0,0,0,0,0,0,0,7,9,0,0
0,0,16,1427,6,1,0,1,5,9,16,1,2,1,9,1,2,0,1,0,0,0,0,2,1,2,0,0,0,14,1,0,0
0,0,53,1473,6,1,1,0,13,12,53,2,3,4,12,0,0,0,1,1,0,0,0,9,12,2,0,0,0,17,9,0,0
0,0,6,613,0,0,0,0,2,2,6,0,0,0,2,0,0,0,1,0,0,0,0,0,0,1,0,0,0,5,1,0,0
0,0,2,255,0,1,1,0,1,0,2,0,0,0,0,0,0,0,0,0,0,0,0,0,0,0,0,0,0,3,1,0,0
0,0,53,1747,9,2,0,2,14,16,53,4,9,2,16,1,1,0,3,0,7,0,0,9,0,4,0,0,0,28,1,0,0
0,0,4,1187,0,1,1,0,1,3,4,0,0,1,3,0,0,0,0,0,0,0,0,0,0,0,0,0,0,10,1,0,0
0,0,6,1291,1,2,2,0,2,4,6,0,1,1,4,0,0,0,1,0,1,0,0,3,0,0,0,0,0,12,1,0,0
0,0,3,2007,3,1,1,0,1,2,3,0,0,2,2,0,0,0,0,0,1,0,0,0,0,0,0,0,0,8,2,0,0
0,0,5,1085,1,1,0,1,1,2,5,0,0,0,2,0,0,0,0,0,0,0,0,1,0,0,0,0,0,9,1,0,0
0,0,18,1311,5,2,1,1,4,10,18,1,1,1,10,1,1,1,1,0,0,0,2,3,0,2,0,0,0,20,1,0,0
0,0,26,705,3,2,0,2,6,12,26,2,6,2,12,0,0,2,2,0,1,1,3,8,1,2,0,0,0,30,1,0,0
0,0,6,885,1,0,0,0,3,3,6,0,0,0,3,0,0,0,2,0,1,0,0,0,0,1,0,0,0,9,1,0,0
0,0,13,799,2,0,0,0,3,7,13,0,1,1,7,0,0,0,1,0,0,0,0,1,5,2,0,0,0,17,1,0,0
0,0,3,209,1,2,1,1,1,1,3,1,0,1,1,1,1,0,0,0,0,0,1,0,0,0,0,0,0,6,9,0,0
0,0,13,219,3,2,1,1,1,7,13,1,3,4,7,0,0,0,0,0,0,0,0,3,0,0,0,0,0,18,9,0,0
0,0,52,587,5,1,0,1,10,20,52,2,3,4,20,1,3,0,5,0,0,0,2,5,0,3,1,0,0,43,1,0,0
0,0,8,1111,1,1,1,0,2,4,8,0,0,0,4,0,0,0,0,0,1,0,1,0,0,1,0,0,0,7,2,0,0
0,0,7,191,0,1,1,0,1,0,7,0,0,0,0,0,0,0,0,0,0,0,0,5,0,0,0,0,0,14,1,0,0
0,0,8,923,1,1,1,0,3,4,8,0,0,1,4,0,0,0,1,0,1,0,0,0,0,2,0,0,0,24,1,0,1
1,3,33,257,3,0,0,0,8,14,31,2,3,1,14,0,0,0,6,0,1,0,0,6,0,3,0,0,0,36,1,0,0
0,0,5,767,0,0,0,0,1,2,5,0,0,0,2,0,0,0,0,0,0,0,0,1,0,0,0,0,0,8,1,0,0
0,0,20,739,4,0,0,0,2,7,20,2,1,4,7,0,0,0,1,0,0,0,0,2,0,1,1,0,0,21,1,0,0
0,0,3,903,0,2,2,0,1,0,3,1,0,0,0,0,0,0,0,0,0,0,0,0,0,0,0,0,0,4,1,0,0
0,0,4,873,0,0,0,0,1,1,4,0,0,1,1,0,0,0,0,0,0,0,0,2,0,0,0,0,0,4,1,0,0
0,0,3,717,1,0,0,0,1,4,3,0,0,1,4,0,0,0,0,0,0,0,0,0,0,0,0,0,0,8,1,0,0
0,0,4,565,2,2,1,1,1,4,4,0,1,2,4,1,2,0,0,0,0,0,0,1,0,0,0,0,0,10,2,0,0
0,0,9,519,0,0,0,0,2,7,9,0,0,0,7,0,0,0,1,0,0,0,0,0,0,1,0,0,0,8,1,0,0
0,0,9,947,3,1,0,1,2,8,9,0,2,0,8,1,1,0,1,0,0,0,0,2,0,1,0,0,0,10,1,0,0
0,0,29,379,2,1,0,1,7,20,29,0,1,0,20,0,0,0,3,0,0,0,1,2,0,2,0,0,0,37,1,0,0
0,0,16,473,1,0,0,0,5,4,16,0,0,3,4,0,0,0,1,0,0,0,1,0,0,3,0,0,0,13,1,0,0
0,0,50,989,8,3,0,3,14,19,50,6,5,2,19,1,1,0,5,0,5,0,0,5,0,4,0,0,0,26,1,0,0
0,0,10,345,4,0,0,0,3,4,10,2,0,3,4,0,0,0,1,0,0,0,0,1,0,1,0,0,0,17,1,0,0
0,0,6,547,0,0,0,0,2,4,6,0,0,0,4,0,0,0,1,0,0,0,0,0,0,1,0,0,0,6,1,0,0
0,0,4,171,3,2,1,1,1,1,4,0,0,1,1,0,0,0,0,0,0,0,0,0,0,0,0,0,0,8,2,0,0
0,0,133,521,9,4,0,4,50,38,133,10,13,2,38,0,0,3,14,2,7,5,2,22,3,4,0,0,0,58,1,0,0
0,0,9,1193,4,0,0,0,3,5,9,3,0,2,5,0,0,0,0,0,0,0,0,0,0,1,0,0,0,13,1,0,0
0,0,9,189,3,2,1,1,2,7,9,0,1,1,7,1,1,1,0,0,0,0,0,1,0,1,0,0,0,14,1,0,0
0,0,22,1037,4,1,1,0,1,11,22,1,1,6,11,0,0,0,0,0,0,2,2,1,0,0,0,0,0,6,9,0,0
0,0,5,415,2,0,0,0,1,3,5,0,1,2,3,0,0,0,0,0,0,1,0,1,1,0,0,0,0,8,1,0,0
0,0,27,939,5,1,0,1,6,8,27,1,5,2,8,0,0,1,2,1,0,1,2,7,1,3,0,0,0,15,1,0,0
0,0,4,441,2,0,0,0,1,2,4,0,1,1,2,0,0,0,0,0,0,0,0,1,0,0,0,0,0,6,1,0,0
0,0,6,1181,3,1,0,1,2,3,6,2,0,2,3,1,1,0,0,0,0,0,0,0,0,1,0,0,0,5,1,0,0
0,0,6,1155,2,1,1,0,2,7,6,1,2,2,7,0,0,0,1,0,1,2,1,2,1,0,0,0,0,15,1,0,0
0,0,5,1141,3,0,0,0,1,3,5,0,1,1,3,0,0,0,0,0,0,0,0,1,0,0,0,0,0,13,1,0,0
0,0,3,1239,1,1,1,0,1,3,3,1,0,1,3,0,0,0,0,0,2,0,0,0,0,0,0,0,0,7,1,0,0
0,0,6,387,2,0,0,0,1,3,6,0,1,3,3,0,0,0,0,0,0,0,0,1,0,0,0,0,0,7,1,0,0
0,0,3,343,2,1,0,1,1,1,3,0,0,1,1,1,3,0,0,0,0,0,0,0,0,0,0,0,0,2,1,0,0
0,0,11,473,1,0,0,0,1,1,11,1,1,0,1,0,0,0,0,0,0,0,0,1,0,0,0,0,0,4,4,0,0
0,0,3,1025,5,1,0,1,1,1,3,1,0,5,1,1,1,0,0,0,0,1,0,0,0,0,0,0,0,5,9,0,0
0,0,8,1123,3,1,1,0,2,3,8,1,1,2,3,0,0,0,1,0,0,0,0,1,0,1,0,0,0,15,1,0,0
0,0,3,359,3,1,1,0,1,1,3,1,0,1,1,0,0,0,0,0,1,0,0,0,0,0,0,0,0,9,10,0,0
0,0,4,429,2,0,0,0,1,2,4,0,1,1,2,0,0,0,0,0,0,0,0,1,0,0,0,0,0,6,1,0,0
0,0,3,1097,2,1,0,1,1,1,3,0,0,1,1,1,1,0,0,0,0,0,0,0,0,0,0,0,0,3,1,0,0
0,0,9,1207,3,0,0,0,3,8,9,1,2,2,8,0,0,0,1,0,0,3,1,3,2,1,0,0,0,13,1,0,0
0,0,9,143,4,2,1,1,2,3,9,1,0,1,3,0,0,0,1,0,0,1,0,1,0,2,0,0,0,10,9,0,0
0,0,3,1087,1,1,1,0,1,1,3,1,0,1,1,0,0,0,0,0,0,1,0,0,1,0,0,0,0,3,9,0,0
0,0,8,1107,3,1,1,0,2,3,8,1,1,2,3,0,0,0,1,0,0,0,0,1,0,1,0,0,0,14,1,0,0
0,0,47,213,9,4,2,2,9,19,47,0,7,1,19,2,2,2,2,0,2,4,1,14,4,3,0,0,0,26,1,0,0
0,0,3,501,2,1,0,1,1,0,3,1,0,0,0,0,0,0,0,0,0,0,0,0,0,0,0,0,0,5,4,0,0
0,0,4,403,2,1,1,0,1,2,4,0,1,1,2,0,0,0,0,0,0,0,0,1,0,0,0,0,0,17,1,0,0
0,0,5,453,1,0,0,0,1,3,5,0,1,1,3,0,0,0,0,0,0,1,0,1,1,0,0,0,0,8,1,0,0
0,0,10,121,0,0,0,0,2,5,10,2,2,1,5,0,0,0,0,0,0,1,0,2,1,1,0,0,0,18,9,0,0
0,0,8,75,0,0,0,0,2,4,8,2,2,1,4,0,0,0,0,0,0,1,0,2,1,1,0,0,0,22,9,0,0
0,0,4,203,0,0,0,0,2,1,4,1,1,1,1,0,0,0,1,0,1,0,1,1,0,0,0,0,0,7,9,0,0
1,1,10,273,1,2,1,1,2,5,10,1,3,1,5,1,2,1,0,0,0,3,1,4,1,1,0,0,0,10,10,0,0
0,0,4,215,0,1,1,0,3,3,4,1,1,1,3,0,0,0,0,0,1,0,2,1,1,0,0,0,0,8,9,0,0
0,0,3,233,1,2,1,1,1,1,3,1,0,1,1,1,1,0,0,0,0,1,0,0,1,0,0,0,0,6,10,0,0
0,0,14,245,1,2,1,1,5,4,14,0,1,1,4,1,0,1,1,0,0,2,0,1,2,2,0,0,0,14,9,0,0
0,0,7,177,0,0,0,0,1,2,7,1,3,2,2,0,0,0,0,0,0,0,0,3,0,0,0,0,0,10,9,0,0
0,0,4,301,1,1,0,1,1,3,4,1,0,1,3,1,3,0,0,0,0,0,0,0,0,0,0,0,0,5,9,0,0
0,0,10,95,0,0,0,0,3,6,10,2,2,1,6,0,0,0,0,0,0,1,0,2,1,2,0,0,0,17,9,0,0
0,0,8,151,0,0,0,0,2,2,8,1,1,2,2,0,0,0,0,0,0,0,0,2,0,1,0,0,0,7,9,0,0
0,0,9,379,2,0,0,0,1,4,9,1,2,0,4,0,0,0,0,0,0,0,0,2,0,0,0,0,0,8,1,0,0
0,0,9,357,2,0,0,0,1,5,9,1,2,0,5,0,0,0,0,0,0,0,0,2,0,0,0,0,0,8,1,0,0
0,0,8,113,3,0,0,0,2,3,8,0,0,2,3,0,0,0,0,0,3,0,0,3,0,1,0,0,0,6,1,0,0
1,1,11,251,1,3,1,2,2,3,11,1,4,0,3,2,1,1,0,0,0,3,1,5,1,1,0,0,0,13,2,0,0
0,0,12,295,1,1,1,0,3,3,12,3,1,1,3,0,0,0,1,1,0,0,0,1,0,2,0,0,0,12,2,0,0
0,0,3,285,0,1,1,0,1,1,3,1,0,1,1,0,0,0,0,0,0,1,0,0,1,0,0,0,0,5,10,0,0
0,0,3,331,0,0,0,0,1,0,3,1,0,0,0,0,0,0,0,0,0,0,0,0,0,0,0,0,0,2,1,0,0
0,0,33,143,4,1,0,1,8,21,33,1,4,0,21,1,2,0,3,1,0,0,0,7,0,3,0,0,0,29,4,0,0
0,0,3,341,0,0,0,0,1,0,3,1,0,0,0,0,0,0,0,0,0,0,0,0,0,0,0,0,0,3,1,0,0
0,0,20,203,2,0,0,0,5,16,20,0,6,1,16,0,0,0,0,1,0,3,1,7,2,2,0,0,0,27,9,0,1
0,0,16,133,4,0,0,0,2,6,16,1,4,1,6,0,0,0,0,0,0,0,2,8,0,1,0,0,0,11,9,0,0
0,0,8,109,2,0,0,0,2,3,8,0,0,2,3,0,0,0,0,0,0,1,0,0,0,1,0,0,0,10,9,0,1
0,0,4,183,0,0,0,0,1,2,4,1,1,1,2,0,0,0,0,0,0,0,0,1,0,0,0,0,0,6,9,0,0
0,0,10,471,2,1,0,1,4,2,10,1,0,3,2,1,1,0,2,1,0,0,1,0,0,2,0,0,0,11,9,0,0
0,0,13,205,4,1,0,1,3,4,13,1,1,3,4,1,1,0,1,0,0,0,0,1,0,1,0,0,0,20,1,0,0
0,0,18,155,4,1,0,1,4,6,18,1,2,3,6,1,1,1,1,0,0,0,0,4,0,2,0,0,0,24,1,0,0
0,0,5,257,3,1,1,0,1,3,5,0,1,2,3,0,0,0,0,0,0,0,0,1,0,0,0,0,0,12,1,0,0
0,0,3,401,1,1,1,0,1,5,3,1,0,2,5,0,0,0,0,0,1,0,0,0,0,0,0,0,0,7,2,0,0
0,0,3,385,2,4,2,2,1,2,3,1,0,2,2,2,1,0,0,0,0,0,0,0,0,0,0,0,0,10,1,0,0
0,0,6,297,3,0,0,0,1,4,6,0,2,1,4,0,0,0,0,0,0,1,0,2,0,0,0,0,0,14,1,0,0
0,0,10,325,4,3,1,2,4,6,10,1,1,3,6,2,2,0,1,0,0,0,0,1,0,1,0,0,0,18,1,0,0
0,0,3,315,2,1,0,1,1,1,3,0,0,2,1,1,3,0,0,0,0,0,0,0,0,0,0,0,0,5,1,0,0
0,0,3,131,1,1,1,0,1,0,3,0,0,1,0,0,0,0,0,0,0,0,0,1,0,0,0,0,0,7,2,0,0
0,0,8,273,2,3,0,3,4,4,8,1,0,2,4,3,2,0,1,0,0,0,0,0,0,1,0,0,0,10,1,0,0
0,0,7,499,2,1,0,1,2,3,7,0,0,3,3,1,1,0,0,1,0,0,0,0,0,1,0,0,0,11,9,0,0
0,0,4,373,1,3,3,0,1,2,4,1,1,0,2,0,0,0,0,0,0,0,0,1,0,0,0,0,0,9,1,0,0
0,0,21,419,3,2,2,0,5,8,21,1,2,3,8,0,0,0,1,0,0,0,0,5,0,1,0,0,0,12,10,0,0
0,0,6,239,3,0,0,0,1,4,6,0,2,1,4,0,0,0,0,0,0,1,0,2,0,0,0,0,0,14,1,0,0
0,0,8,105,2,1,0,1,2,1,8,1,0,1,1,0,0,0,1,0,0,0,0,1,0,2,0,0,0,13,9,0,0
0,0,8,349,0,2,2,0,2,1,8,2,0,1,1,0,0,0,0,1,0,0,0,0,0,1,0,0,0,9,1,0,0
0,0,3,213,1,1,0,1,1,1,3,0,0,1,1,0,0,0,0,0,0,0,0,0,0,0,0,0,0,4,1,0,0
0,0,3,233,2,1,0,1,1,1,3,0,0,1,1,0,0,0,0,0,0,0,0,0,0,0,0,0,0,6,1,0,0
0,0,8,251,3,1,0,1,2,1,8,1,1,3,1,0,0,0,1,0,0,0,0,2,0,1,0,0,0,13,1,0,0
110,2,81,173,13,0,0,0,6,24,81,1,9,3,24,0,0,0,3,0,3,0,0,12,0,2,4,0,0,70,1,0,0
0,0,2,385,0,0,0,0,1,0,2,0,0,4,0,0,0,0,0,0,0,0,0,0,0,0,0,0,0,6,1,0,0
0,0,7,139,4,1,0,1,1,3,7,1,2,2,3,0,0,0,0,0,0,0,0,2,0,0,0,0,0,11,9,0,0
0,0,2,131,0,1,1,0,1,0,2,0,0,0,0,0,0,0,0,0,0,0,0,0,0,0,0,0,0,3,1,0,0
0,0,4,159,1,0,0,0,1,3,4,0,0,1,3,0,0,0,0,0,0,0,0,1,0,0,0,0,0,10,1,0,0
0,0,2,393,0,0,0,0,1,0,2,0,0,4,0,0,0,0,0,0,0,0,0,0,0,0,0,0,0,6,1,0,0
0,0,17,339,1,0,0,0,3,7,17,0,0,1,7,0,0,0,0,0,0,0,1,0,0,2,0,0,0,7,1,0,0
1,1,12,411,4,2,2,0,3,14,12,0,2,3,14,0,0,0,1,0,0,0,2,2,0,1,0,0,0,17,4,0,0
5,7,22,281,3,1,1,0,3,17,20,0,6,1,17,0,0,0,0,0,0,0,0,7,0,1,0,0,0,19,2,0,0
0,0,4,109,2,0,0,0,1,0,4,0,0,2,0,0,0,0,0,0,0,0,0,1,0,0,0,0,0,8,1,0,0
0,0,3,369,0,0,0,0,1,0,3,1,0,0,0,0,0,0,0,0,0,0,0,0,0,0,0,0,0,4,1,0,0
0,0,9,343,0,1,1,0,3,3,9,3,0,0,3,0,0,0,1,0,0,0,0,0,0,2,0,0,0,6,2,0,0
2,1,41,129,4,2,0,2,9,26,42,1,5,0,26,2,1,0,3,2,1,1,0,9,0,5,0,0,0,33,4,0,0
0,0,7,499,2,1,0,1,2,3,7,0,0,3,3,1,1,0,0,1,0,0,0,0,0,1,0,0,0,11,9,0,0
0,0,3,131,1,1,1,0,1,0,3,0,0,1,0,0,0,0,0,0,0,0,0,1,0,0,0,0,0,7,2,0,0
0,0,3,401,1,1,1,0,1,5,3,1,0,2,5,0,0,0,0,0,1,0,0,0,0,0,0,0,0,7,2,0,0
0,0,8,273,2,3,0,3,4,4,8,1,0,2,4,3,2,0,1,0,0,0,0,0,0,1,0,0,0,10,1,0,0
0,0,5,257,3,1,1,0,1,3,5,0,1,2,3,0,0,0,0,0,0,0,0,1,0,0,0,0,0,12,1,0,0
0,0,6,239,3,0,0,0,1,4,6,0,2,1,4,0,0,0,0,0,0,1,0,2,0,0,0,0,0,14,1,0,0
0,0,8,105,2,1,0,1,2,1,8,1,0,1,1,0,0,0,1,0,0,0,0,1,0,2,0,0,0,13,9,0,0
1,1,21,419,3,2,2,0,5,8,21,1,2,3,8,0,0,0,1,0,0,0,0,5,0,1,0,0,0,12,10,0,0
0,0,13,205,4,1,0,1,3,4,13,1,1,3,4,1,1,0,1,0,0,0,0,1,0,1,0,0,0,20,1,0,0
0,0,4,373,1,3,3,0,1,2,4,1,1,0,2,0,0,0,0,0,0,0,0,1,0,0,0,0,0,9,1,0,0
0,0,3,385,2,4,2,2,1,2,3,1,0,2,2,2,1,0,0,0,0,0,0,0,0,0,0,0,0,10,1,0,0
0,0,6,297,3,0,0,0,1,4,6,0,2,1,4,0,0,0,0,0,0,1,0,2,0,0,0,0,0,14,1,0,0
0,0,3,315,2,1,0,1,1,1,3,0,0,2,1,1,3,0,0,0,0,0,0,0,0,0,0,0,0,5,1,0,0
0,0,10,325,4,3,1,2,4,6,10,1,1,3,6,2,2,0,1,0,0,0,0,1,0,1,0,0,0,18,1,0,0
0,0,8,349,0,2,2,0,2,1,8,2,0,1,1,0,0,0,0,1,0,0,0,0,0,1,0,0,0,9,1,0,0
0,0,18,155,4,1,0,1,4,6,18,1,2,3,6,1,1,1,1,0,0,0,0,4,0,2,0,0,0,24,1,0,0
0,0,10,471,2,1,0,1,4,2,10,1,0,3,2,1,1,0,2,1,0,0,1,0,0,2,0,0,0,11,9,0,0
0,0,13,105,3,1,0,1,2,3,13,2,1,1,3,1,1,0,0,0,0,0,0,1,0,1,0,0,0,9,9,0,0
13,0,10,139,3,0,0,0,2,2,10,2,2,1,2,0,0,0,1,0,0,0,0,2,0,1,0,0,0,13,9,0,0
2,1,1,65,0,0,0,0,1,0,2,0,0,0,0,0,0,0,0,0,0,0,0,0,0,0,0,0,0,2,2,0,0
0,0,8,89,3,0,0,0,3,3,8,2,2,1,3,0,0,0,1,0,0,0,0,2,0,1,0,0,0,14,9,0,0
0,0,8,73,3,1,1,0,3,3,8,2,2,1,3,0,0,0,1,0,0,0,0,2,0,1,0,0,0,14,9,0,0
0,0,14,235,2,1,1,0,3,10,14,0,3,0,10,0,0,1,0,0,0,1,2,4,1,1,0,0,0,10,4,0,0
0,0,23,359,2,0,0,0,7,7,23,0,1,2,7,0,0,1,3,0,0,0,2,2,0,3,0,0,0,8,1,0,0
0,0,3,211,2,2,0,2,1,1,3,0,0,1,1,0,0,0,0,0,0,0,0,0,0,0,0,0,0,6,1,0,0
0,0,3,191,2,2,0,2,1,1,3,0,0,1,1,0,0,0,0,0,0,0,0,0,0,0,0,0,0,6,1,0,0
0,0,3,225,0,1,1,0,1,3,3,0,0,0,3,0,0,0,0,0,0,0,0,0,0,0,0,0,0,4,4,0,0
0,0,2,153,2,0,0,0,1,0,2,0,0,4,0,0,0,0,0,0,0,0,0,0,0,0,0,0,0,6,1,0,0
1,1,8,123,2,0,0,0,1,7,8,0,0,1,7,0,0,0,0,0,0,0,1,1,0,0,0,0,0,18,1,0,0
1,1,5,101,0,0,0,0,1,0,5,0,0,0,0,0,0,0,0,0,0,0,0,3,0,0,0,0,0,8,1,0,0
0,0,21,301,5,0,0,0,4,5,21,1,3,2,5,0,0,0,1,0,0,0,1,6,0,1,0,0,0,31,1,0,0
0,0,17,177,3,0,0,0,1,3,17,0,0,2,3,0,0,0,0,0,0,0,0,2,0,0,2,0,0,12,4,0,0
0,0,3,161,2,0,0,0,1,0,3,1,0,4,0,0,0,0,0,0,0,0,0,0,0,0,0,0,0,8,1,0,0
0,0,6,379,0,0,0,0,2,2,6,0,0,0,2,0,0,0,0,0,0,0,0,0,0,1,0,0,0,5,4,0,0
0,0,3,539,0,0,0,0,1,0,3,0,0,1,0,0,0,0,0,0,0,0,0,1,0,0,0,0,0,5,1,0,0
0,0,3,425,1,0,0,0,1,1,3,0,0,1,1,0,0,0,0,0,0,0,0,0,0,0,0,0,0,5,1,0,0
0,0,48,569,7,0,0,0,17,19,48,5,3,2,19,0,0,0,10,0,1,0,2,7,0,2,0,0,0,33,1,0,0
0,0,39,179,5,0,0,0,7,26,39,2,9,1,26,0,0,0,0,0,1,2,8,16,3,2,0,0,0,38,1,0,1
0,0,11,305,1,0,0,0,3,2,11,0,0,3,2,0,0,0,2,0,0,0,0,1,0,2,0,0,0,23,4,0,0
0,0,3,549,0,0,0,0,1,0,3,0,0,1,0,0,0,0,0,0,0,0,0,1,0,0,0,0,0,4,1,0,0
0,0,9,453,2,0,0,0,2,6,9,2,0,1,6,0,0,0,0,0,1,0,0,0,0,1,0,0,0,15,1,0,0
0,0,20,483,4,0,0,0,5,10,20,3,1,1,10,0,0,0,1,0,1,0,0,1,0,2,0,0,0,17,1,0,0
0,0,3,435,2,0,0,0,1,2,3,0,0,1,2,0,0,0,0,0,1,0,0,0,0,0,0,0,0,10,1,0,0
0,0,14,341,2,1,0,1,2,8,14,0,1,0,8,0,0,0,1,0,0,1,0,3,0,1,0,0,0,18,4,0,0
0,0,7,399,0,0,0,0,2,3,7,0,0,0,3,0,0,0,1,0,0,1,0,0,0,1,0,0,0,4,4,0,0
0,0,14,159,1,2,1,1,5,4,14,0,1,1,4,1,0,1,1,0,0,2,0,1,2,2,0,0,0,14,9,0,0
0,0,4,215,1,1,0,1,1,3,4,1,0,1,3,1,3,0,0,0,0,0,0,0,0,0,0,0,0,5,9,0,0
0,0,10,187,1,2,1,1,2,5,10,1,3,1,5,1,2,1,0,0,0,3,1,4,1,1,0,0,0,10,10,0,0
0,0,2,57,0,0,0,0,1,0,2,0,0,0,0,0,0,0,0,0,0,0,0,0,0,0,0,0,0,3,2,0,0
0,0,8,65,0,0,0,0,2,2,8,1,1,2,2,0,0,0,0,0,0,0,0,2,0,1,0,0,0,7,9,0,0
0,0,7,91,0,0,0,0,1,2,7,1,3,2,2,0,0,0,0,0,0,0,0,3,0,0,0,0,0,10,9,0,0
0,0,4,117,0,0,0,0,2,1,4,1,1,1,1,0,0,0,1,0,1,0,1,1,0,0,0,0,0,7,9,0,0
0,0,3,147,1,2,1,1,1,1,3,1,0,1,1,1,1,0,0,0,0,1,0,0,1,0,0,0,0,6,10,0,0
0,0,4,129,0,1,1,0,3,3,4,1,1,1,3,0,0,0,0,0,1,0,2,1,1,0,0,0,0,8,9,0,0
0,0,9,1251,4,0,0,0,3,5,9,3,0,2,5,0,0,0,0,0,0,0,0,0,0,1,0,0,0,13,1,0,0
0,0,3,373,3,1,1,0,1,1,3,1,0,1,1,0,0,0,0,0,1,0,0,0,0,0,0,0,0,9,10,0,0
0,0,24,1117,4,1,1,0,2,11,24,1,1,6,11,0,0,0,1,0,0,2,2,1,0,1,0,0,0,7,9,0,0
0,0,4,447,2,0,0,0,1,2,4,0,1,1,2,0,0,0,0,0,0,0,0,1,0,0,0,0,0,6,1,0,0
0,0,3,519,2,1,0,1,1,0,3,1,0,0,0,0,0,0,0,0,0,0,0,0,0,0,0,0,0,5,4,0,0
0,0,4,459,2,0,0,0,1,2,4,0,1,1,2,0,0,0,0,0,0,0,0,1,0,0,0,0,0,6,1,0,0
0,0,47,227,9,4,2,2,9,19,47,0,7,1,19,2,2,2,2,0,2,4,1,14,4,3,0,0,0,26,1,0,0
0,0,27,1019,5,1,0,1,6,8,27,1,5,2,8,0,0,1,2,1,0,1,2,7,1,3,0,0,0,15,1,0,0
7,0,6,1323,3,0,0,0,1,5,6,0,2,1,5,0,0,0,0,0,0,0,0,2,0,0,0,0,0,15,9,0,1
0,0,9,1267,3,0,0,0,3,9,9,1,2,2,9,0,0,0,1,0,0,4,1,3,2,1,0,0,0,17,1,0,0
0,0,5,433,2,0,0,0,1,3,5,0,1,2,3,0,0,0,0,0,0,1,0,1,1,0,0,0,0,8,1,0,0
0,0,11,491,1,0,0,0,1,1,11,1,1,0,1,0,0,0,0,0,0,0,0,1,0,0,0,0,0,4,4,0,0
0,0,6,405,2,0,0,0,1,3,6,0,1,3,3,0,0,0,0,0,0,0,0,1,0,0,0,0,0,7,1,0,0
0,0,3,1105,5,1,0,1,1,1,3,1,0,5,1,1,1,0,0,0,0,1,0,0,0,0,0,0,0,5,9,0,0
0,0,151,539,11,4,0,4,50,36,151,9,17,2,36,0,0,7,10,4,8,5,4,26,3,4,0,0,0,58,1,0,0
0,0,3,357,2,1,0,1,1,1,3,0,0,1,1,1,3,0,0,0,0,0,0,0,0,0,0,0,0,2,1,0,0
0,0,9,157,4,2,1,1,2,3,9,1,0,1,3,0,0,0,1,0,0,1,0,1,0,2,0,0,0,10,9,0,0
0,0,3,1173,1,1,1,0,1,1,3,1,0,1,1,0,0,0,0,0,0,1,0,0,1,0,0,0,0,3,9,0,0
0,0,6,1239,3,1,0,1,2,3,6,2,0,2,3,1,1,0,0,0,0,0,0,0,0,1,0,0,0,5,1,0,0
0,0,4,185,3,2,1,1,1,1,4,0,0,1,1,0,0,0,0,0,0,0,0,0,0,0,0,0,0,8,2,0,0
0,0,3,1299,1,2,2,0,1,3,3,1,0,1,3,0,0,0,0,0,2,0,0,0,0,0,0,0,0,7,1,0,0
0,0,8,1183,3,2,2,0,2,3,8,1,1,1,3,0,0,0,1,0,0,0,0,1,0,1,0,0,0,13,1,0,0
0,0,5,1199,3,0,0,0,1,3,5,0,1,1,3,0,0,0,0,0,0,0,0,1,0,0,0,0,0,13,1,0,0
0,0,4,421,2,1,1,0,1,2,4,0,1,1,2,0,0,0,0,0,0,0,0,1,0,0,0,0,0,17,1,0,0
0,0,6,1213,2,1,1,0,2,8,6,1,2,2,8,0,0,0,1,0,1,3,1,2,1,0,0,0,0,19,1,0,0
10,0,8,1345,3,2,0,2,3,5,8,0,3,1,5,2,1,0,0,0,1,0,1,3,1,1,0,0,0,25,1,0,1
0,0,9,203,3,2,1,1,2,7,9,0,1,1,7,1,1,1,0,0,0,0,0,1,0,1,0,0,0,14,1,0,0
0,0,5,471,1,0,0,0,1,3,5,0,1,1,3,0,0,0,0,0,0,1,0,1,1,0,0,0,0,8,1,0,0
0,0,8,615,3,0,0,0,2,4,8,2,2,1,4,0,0,0,1,0,0,0,0,2,1,1,0,0,0,30,9,0,0
0,0,5,297,3,0,0,0,1,3,5,1,1,1,3,0,0,0,0,0,0,0,0,1,0,0,0,0,0,11,1,0,0
0,0,7,575,3,0,0,0,2,6,7,0,2,2,6,0,0,0,1,0,0,0,0,2,1,1,0,0,0,27,9,0,0
0,0,29,375,4,0,0,0,4,12,29,2,2,1,12,0,0,0,0,0,1,0,0,3,1,2,1,0,0,33,1,0,0
0,0,5,417,0,0,0,0,1,8,5,0,0,0,8,0,0,0,0,0,0,0,0,0,1,0,0,0,0,19,1,0,0
0,0,4,433,0,0,0,0,1,5,4,0,0,0,5,0,0,0,0,0,0,0,0,0,1,0,0,0,0,16,1,0,0
0,0,14,483,2,0,0,0,3,6,14,1,1,1,6,0,0,0,0,0,1,0,0,2,1,1,0,0,0,24,1,0,0
1,0,119,173,5,0,0,0,7,22,120,1,11,0,22,0,0,0,1,0,0,0,0,13,2,1,4,0,0,70,1,0,0
0,0,7,535,3,0,0,0,2,3,7,2,1,2,3,0,0,0,1,0,0,0,0,1,1,1,0,0,0,27,9,0,0
0,0,7,595,3,0,0,0,2,6,7,0,2,2,6,0,0,0,1,0,0,0,0,2,1,1,0,0,0,31,9,0,0
0,0,7,555,3,0,0,0,2,3,7,2,1,2,3,0,0,0,1,0,0,0,0,1,1,1,0,0,0,25,9,0,0
0,0,5,153,1,0,0,0,1,3,5,0,0,1,3,0,0,0,0,0,0,0,0,0,0,0,0,0,0,13,1,0,0
0,0,10,227,1,0,0,0,2,7,10,1,1,1,7,0,0,0,1,0,0,1,0,1,0,1,0,0,0,10,1,0,0
0,0,1,191,0,1,1,0,1,0,1,0,0,0,0,0,0,0,0,0,0,0,0,0,0,0,0,0,0,2,0,0,0
6,4,24,115,6,0,0,0,1,13,26,1,7,1,13,0,0,0,0,0,0,0,0,7,0,0,2,0,0,29,1,0,0
0,0,2,81,0,1,1,0,1,0,2,0,0,0,0,0,0,0,0,0,0,0,0,0,0,0,0,0,0,4,1,0,0
0,0,5,89,2,2,0,2,1,1,5,1,1,1,1,1,1,0,0,0,0,0,0,1,0,0,0,0,0,11,9,0,0
0,0,8,205,1,0,0,0,2,5,8,0,1,0,5,0,0,0,1,0,0,0,0,1,0,1,0,0,0,8,1,0,0
0,0,3,103,1,1,1,0,1,0,3,0,0,1,0,0,0,0,0,0,0,0,0,1,0,0,0,0,0,7,2,0,0
0,0,6,163,2,2,0,2,2,2,6,0,0,2,2,0,0,0,1,0,0,0,0,0,0,1,0,0,0,10,1,0,0
0,0,6,143,2,2,0,2,2,2,6,0,0,2,2,0,0,0,1,0,0,0,0,0,0,1,0,0,0,10,1,0,0
0,0,1,195,0,1,1,0,1,0,1,0,0,0,0,0,0,0,0,0,0,0,0,0,0,0,0,0,0,2,0,0,0
50,0,3,281,2,1,0,1,1,2,3,0,0,2,2,1,1,0,0,0,0,0,0,0,0,0,0,0,0,5,9,0,0
2,1,3,191,0,0,0,0,1,2,4,1,1,1,2,0,0,0,0,0,0,0,0,1,0,0,0,0,0,6,9,0,0
0,0,16,141,4,0,0,0,2,6,16,1,4,1,6,0,0,0,0,0,0,0,2,8,0,1,0,0,0,11,9,0,0
6,3,17,213,2,0,0,0,5,16,20,0,6,1,16,0,0,0,0,1,0,3,1,7,2,2,0,0,0,27,9,0,1
50,0,33,291,5,1,1,0,7,20,33,0,4,2,20,0,0,0,4,0,0,0,0,6,0,2,0,0,0,18,9,0,0
0,0,8,117,2,0,0,0,2,3,8,0,0,2,3,0,0,0,0,0,0,1,0,0,0,1,0,0,0,10,9,0,1
0,0,4,455,2,0,0,0,1,2,4,0,1,1,2,0,0,0,0,0,0,0,0,1,0,0,0,0,0,6,1,0,0
0,0,9,199,3,2,1,1,2,7,9,0,1,1,7,1,1,1,0,0,0,0,0,1,0,1,0,0,0,14,1,0,0
0,0,5,1195,3,0,0,0,1,3,5,0,1,1,3,0,0,0,0,0,0,0,0,1,0,0,0,0,0,13,1,0,0
0,0,4,181,3,2,1,1,1,1,4,0,0,1,1,0,0,0,0,0,0,0,0,0,0,0,0,0,0,8,2,0,0
0,0,8,1341,3,2,0,2,3,5,8,0,3,1,5,2,1,0,0,0,1,0,1,3,1,1,0,0,0,25,1,0,1
0,0,9,1247,4,0,0,0,3,5,9,3,0,2,5,0,0,0,0,0,0,0,0,0,0,1,0,0,0,13,1,0,0
0,0,6,1235,3,1,0,1,2,3,6,2,0,2,3,1,1,0,0,0,0,0,0,0,0,1,0,0,0,5,1,0,0
0,0,151,535,11,4,0,4,50,36,151,9,17,2,36,0,0,7,10,4,8,5,4,26,3,4,0,0,0,58,1,0,0
0,0,27,1015,5,1,0,1,6,8,27,1,5,2,8,0,0,1,2,1,0,1,2,7,1,3,0,0,0,15,1,0,0
0,0,47,223,9,4,2,2,9,19,47,0,7,1,19,2,2,2,2,0,2,4,1,14,4,3,0,0,0,26,1,0,0
0,0,4,443,2,0,0,0,1,2,4,0,1,1,2,0,0,0,0,0,0,0,0,1,0,0,0,0,0,6,1,0,0
0,0,9,153,4,2,1,1,2,3,9,1,0,1,3,0,0,0,1,0,0,1,0,1,0,2,0,0,0,10,9,0,0
0,0,5,467,1,0,0,0,1,3,5,0,1,1,3,0,0,0,0,0,0,1,0,1,1,0,0,0,0,8,1,0,0
0,0,3,1101,5,1,0,1,1,1,3,1,0,5,1,1,1,0,0,0,0,1,0,0,0,0,0,0,0,5,9,0,0
0,0,3,353,2,1,0,1,1,1,3,0,0,1,1,1,3,0,0,0,0,0,0,0,0,0,0,0,0,2,1,0,0
0,0,11,487,1,0,0,0,1,1,11,1,1,0,1,0,0,0,0,0,0,0,0,1,0,0,0,0,0,4,4,0,0
0,0,3,515,2,1,0,1,1,0,3,1,0,0,0,0,0,0,0,0,0,0,0,0,0,0,0,0,0,5,4,0,0
0,0,8,1179,3,2,2,0,2,3,8,1,1,1,3,0,0,0,1,0,0,0,0,1,0,1,0,0,0,13,1,0,0
0,0,3,1169,1,1,1,0,1,1,3,1,0,1,1,0,0,0,0,0,0,1,0,0,1,0,0,0,0,3,9,0,0
0,0,4,417,2,1,1,0,1,2,4,0,1,1,2,0,0,0,0,0,0,0,0,1,0,0,0,0,0,17,1,0,0
0,0,6,1319,3,0,0,0,1,5,6,0,2,1,5,0,0,0,0,0,0,0,0,2,0,0,0,0,0,15,9,0,1
0,0,24,1113,4,1,1,0,2,11,24,1,1,6,11,0,0,0,1,0,0,2,2,1,0,1,0,0,0,7,9,0,0
0,0,5,429,2,0,0,0,1,3,5,0,1,2,3,0,0,0,0,0,0,1,0,1,1,0,0,0,0,8,1,0,0
0,0,9,1263,3,0,0,0,3,9,9,1,2,2,9,0,0,0,1,0,0,4,1,3,2,1,0,0,0,17,1,0,0
0,0,3,369,3,1,1,0,1,1,3,1,0,1,1,0,0,0,0,0,1,0,0,0,0,0,0,0,0,9,10,0,0
0,0,6,1209,2,1,1,0,2,8,6,1,2,2,8,0,0,0,1,0,1,3,1,2,1,0,0,0,0,19,1,0,0
0,0,6,401,2,0,0,0,1,3,6,0,1,3,3,0,0,0,0,0,0,0,0,1,0,0,0,0,0,7,1,0,0
0,0,3,1295,1,2,2,0,1,3,3,1,0,1,3,0,0,0,0,0,2,0,0,0,0,0,0,0,0,7,1,0,0
0,0,16,141,4,0,0,0,2,6,16,1,4,1,6,0,0,0,0,0,0,0,2,8,0,1,0,0,0,11,9,0,0
0,0,8,117,2,0,0,0,2,3,8,0,0,2,3,0,0,0,0,0,0,1,0,0,0,1,0,0,0,10,9,0,1
0,0,3,281,2,1,0,1,1,2,3,0,0,2,2,1,1,0,0,0,0,0,0,0,0,0,0,0,0,5,9,0,0
0,0,33,291,5,1,1,0,7,20,33,0,4,2,20,0,0,0,4,0,0,0,0,6,0,2,0,0,0,18,9,0,0
1,0,3,191,0,0,0,0,1,2,4,1,1,1,2,0,0,0,0,0,0,0,0,1,0,0,0,0,0,6,9,0,0
0,0,20,213,2,0,0,0,5,16,20,0,6,1,16,0,0,0,0,1,0,3,1,7,2,2,0,0,0,27,9,0,1
0,0,11,131,4,1,0,1,3,12,11,0,0,2,12,1,1,0,2,0,3,2,2,1,2,2,0,0,0,14,1,0,0
0,0,6,67,1,0,0,0,1,2,6,0,0,3,2,0,0,0,0,0,0,0,0,3,0,0,0,0,0,13,1,0,0
0,0,2,231,1,0,0,0,1,0,2,0,0,2,0,0,0,0,0,0,0,0,0,0,0,0,0,0,0,3,1,0,0
1,1,9,85,3,1,0,1,2,13,9,0,0,1,13,1,1,0,1,0,1,3,3,1,3,1,0,0,0,12,1,0,0
0,0,3,243,0,3,3,0,1,0,3,1,0,0,0,0,0,0,0,0,0,0,0,0,0,0,0,0,0,3,4,0,0
1,1,12,175,4,1,0,1,3,15,12,0,0,2,15,1,1,0,2,0,1,3,1,1,3,1,0,0,0,14,1,0,0
0,0,7,117,2,1,0,1,1,2,7,1,2,1,2,0,0,0,0,0,0,0,0,2,0,0,0,0,0,12,9,0,0
0,0,8,251,1,0,0,0,2,5,8,0,1,0,5,0,0,0,1,0,0,0,0,1,0,1,0,0,0,8,1,0,0
0,0,23,299,1,0,0,0,4,12,23,0,2,0,12,0,0,0,1,0,0,0,0,5,0,2,0,0,0,16,1,0,0
0,0,6,193,2,2,0,2,2,2,6,0,0,2,2,0,0,0,1,0,0,0,0,0,0,1,0,0,0,10,1,0,0
0,0,6,361,0,0,0,0,2,3,6,0,0,0,3,0,0,0,0,0,0,0,0,0,0,1,0,0,0,4,1,0,0
0,0,2,109,0,1,1,0,1,0,2,0,0,0,0,0,0,0,0,0,0,0,0,0,0,0,0,0,0,5,1,0,0
0,0,6,221,2,2,0,2,2,2,6,0,0,2,2,0,0,0,1,0,0,0,0,0,0,1,0,0,0,10,1,0,0
0,0,1,281,0,1,1,0,1,0,1,0,0,0,0,0,0,0,0,0,0,0,0,0,0,0,0,0,0,2,0,0,0
0,0,1,285,0,1,1,0,1,0,1,0,0,0,0,0,0,0,0,0,0,0,0,0,0,0,0,0,0,2,0,0,0
0,0,35,143,5,0,0,0,6,14,35,1,7,1,14,0,0,0,2,0,2,0,1,11,0,1,2,0,0,43,1,0,0
0,0,3,369,3,1,1,0,1,1,3,1,0,1,1,0,0,0,0,0,1,0,0,0,0,0,0,0,0,9,10,0,0
0,0,8,1351,3,2,0,2,3,5,8,0,3,1,5,2,1,0,0,0,1,0,1,3,1,1,0,0,0,25,1,0,1
0,0,156,535,11,4,0,4,50,37,156,9,17,2,37,0,0,7,10,4,8,5,4,25,3,4,0,0,0,58,1,0,0
0,0,6,1245,3,1,0,1,2,3,6,2,0,2,3,1,1,0,0,0,0,0,0,0,0,1,0,0,0,5,1,0,0
0,0,4,443,2,0,0,0,1,2,4,0,1,1,2,0,0,0,0,0,0,0,0,1,0,0,0,0,0,6,1,0,0
0,0,9,1257,4,0,0,0,3,5,9,3,0,2,5,0,0,0,0,0,0,0,0,0,0,1,0,0,0,13,1,0,0
0,0,47,223,9,4,2,2,9,19,47,0,7,1,19,2,2,2,2,0,2,4,1,14,4,3,0,0,0,26,1,0,0
0,0,27,1025,5,1,0,1,6,8,27,1,5,2,8,0,0,1,2,1,0,1,2,7,1,3,0,0,0,15,1,0,0
0,0,4,455,2,0,0,0,1,2,4,0,1,1,2,0,0,0,0,0,0,0,0,1,0,0,0,0,0,6,1,0,0
0,0,9,199,3,2,1,1,2,7,9,0,1,1,7,1,1,1,0,0,0,0,0,1,0,1,0,0,0,14,1,0,0
0,0,3,353,2,1,0,1,1,1,3,0,0,1,1,1,3,0,0,0,0,0,0,0,0,0,0,0,0,2,1,0,0
0,0,3,1111,5,1,0,1,1,1,3,1,0,5,1,1,1,0,0,0,0,1,0,0,0,0,0,0,0,5,9,0,0
0,0,6,1219,2,1,1,0,2,8,6,1,2,2,8,0,0,0,1,0,1,3,1,2,1,0,0,0,0,19,1,0,0
0,0,9,153,4,2,1,1,2,3,9,1,0,1,3,0,0,0,1,0,0,1,0,1,0,2,0,0,0,10,9,0,0
0,0,8,1189,3,2,2,0,2,3,8,1,1,1,3,0,0,0,1,0,0,0,0,1,0,1,0,0,0,13,1,0,0
0,0,5,467,1,0,0,0,1,3,5,0,1,1,3,0,0,0,0,0,0,1,0,1,1,0,0,0,0,8,1,0,0
0,0,24,1123,4,1,1,0,2,11,24,1,1,6,11,0,0,0,1,0,0,2,2,1,0,1,0,0,0,7,9,0,0
0,0,6,1329,3,0,0,0,1,5,6,0,2,1,5,0,0,0,0,0,0,0,0,2,0,0,0,0,0,15,9,0,1
0,0,3,515,2,1,0,1,1,0,3,1,0,0,0,0,0,0,0,0,0,0,0,0,0,0,0,0,0,5,4,0,0
0,0,11,487,1,0,0,0,1,1,11,1,1,0,1,0,0,0,0,0,0,0,0,1,0,0,0,0,0,4,4,0,0
0,0,6,401,2,0,0,0,1,3,6,0,1,3,3,0,0,0,0,0,0,0,0,1,0,0,0,0,0,7,1,0,0
0,0,3,1305,1,2,2,0,1,3,3,1,0,1,3,0,0,0,0,0,2,0,0,0,0,0,0,0,0,7,1,0,0
0,0,5,1205,3,0,0,0,1,3,5,0,1,1,3,0,0,0,0,0,0,0,0,1,0,0,0,0,0,13,1,0,0
0,0,4,417,2,1,1,0,1,2,4,0,1,1,2,0,0,0,0,0,0,0,0,1,0,0,0,0,0,17,1,0,0
0,0,9,1273,3,0,0,0,3,9,9,1,2,2,9,0,0,0,1,0,0,4,1,3,2,1,0,0,0,17,1,0,0
0,0,5,429,2,0,0,0,1,3,5,0,1,2,3,0,0,0,0,0,0,1,0,1,1,0,0,0,0,8,1,0,0
0,0,3,1179,1,1,1,0,1,1,3,1,0,1,1,0,0,0,0,0,0,1,0,0,1,0,0,0,0,3,9,0,0
0,0,4,181,3,2,1,1,1,1,4,0,0,1,1,0,0,0,0,0,0,0,0,0,0,0,0,0,0,8,2,0,0
0,0,22,335,3,4,2,2,6,8,22,4,2,2,8,2,2,0,3,1,0,0,1,3,0,3,0,0,0,18,1,0,0
0,0,3,325,2,3,2,1,1,1,3,1,0,1,1,1,3,0,0,0,0,0,0,0,0,0,0,0,0,6,1,0,0
0,0,11,591,1,2,2,0,4,1,11,1,5,3,1,0,0,0,0,0,0,0,1,6,2,1,0,0,0,11,9,0,0
0,0,22,793,3,2,2,0,3,4,22,3,2,2,4,0,0,0,1,1,0,0,0,7,0,1,0,0,0,14,9,0,0
0,0,10,1315,4,3,2,1,3,2,10,2,2,1,2,0,0,0,1,0,0,0,0,2,0,2,0,0,0,11,10,0,0
0,0,13,1275,3,2,1,1,4,3,13,2,2,2,3,1,1,0,2,0,0,0,0,2,0,2,0,0,0,16,9,0,0
0,0,3,1121,1,1,1,0,1,1,3,1,0,2,1,0,0,0,0,0,0,0,0,0,0,0,0,0,0,9,9,0,0
0,0,3,505,2,1,0,1,1,1,3,0,0,3,1,1,3,0,0,0,0,0,0,0,0,0,0,0,0,5,1,0,0
4,0,3,465,3,1,0,1,1,2,3,0,0,3,2,1,3,0,0,0,0,0,0,0,0,0,0,0,0,15,1,0,1
0,0,3,441,0,1,1,0,1,0,3,1,0,1,0,0,0,0,0,0,0,1,0,0,1,0,0,0,0,5,2,0,0
0,0,7,311,1,3,3,0,3,3,7,2,1,1,3,0,0,0,1,0,0,0,0,1,0,1,0,0,0,9,1,0,0
1,1,11,883,2,1,1,0,3,0,11,0,0,5,0,0,0,0,2,0,0,0,0,5,0,1,0,0,0,20,1,0,0
0,0,9,919,0,1,1,0,3,0,9,3,0,0,0,0,0,0,2,0,0,0,0,0,0,1,0,0,0,6,2,0,0
0,0,65,943,8,7,0,7,21,16,65,4,4,0,16,1,1,0,12,3,3,1,0,14,1,5,0,0,0,40,1,0,0
0,0,4,1251,3,1,1,0,1,0,4,0,0,3,0,0,0,0,0,0,0,0,0,1,0,0,0,0,0,8,1,0,0
0,0,3,1263,1,1,1,0,1,1,3,1,0,0,1,0,0,0,0,0,0,0,0,0,0,0,0,0,0,5,1,0,0
0,0,3,209,1,0,0,0,1,2,3,1,0,2,2,0,0,0,0,0,0,0,0,0,1,0,0,0,0,3,4,0,0
0,0,31,711,5,3,1,2,2,10,31,1,6,4,10,2,1,0,0,1,0,3,2,16,1,1,0,0,0,30,9,0,0
0,0,18,1175,3,2,0,2,10,8,18,0,1,0,8,0,0,0,8,0,2,0,0,3,0,3,0,0,0,15,1,0,0
1,1,3,873,2,0,0,0,1,0,3,0,0,4,0,0,0,0,0,0,0,0,0,0,0,0,0,0,0,5,1,0,0
1,6,12,1157,3,1,1,0,1,1,7,0,0,4,1,0,0,0,0,0,0,0,0,5,0,0,0,0,0,12,1,0,0
0,0,16,269,2,1,1,0,6,10,16,1,2,2,10,0,0,0,3,1,0,0,1,2,0,2,0,0,0,16,1,0,0
0,0,23,173,5,0,0,0,2,10,23,0,3,2,10,0,0,0,0,1,2,0,7,9,2,1,1,0,0,26,1,0,0
4,0,3,475,2,1,0,1,1,1,3,0,0,3,1,1,3,0,0,0,0,0,0,0,0,0,0,0,0,4,1,0,0
0,0,3,495,3,1,0,1,1,2,3,0,0,4,2,1,3,0,0,0,0,0,0,0,0,0,0,0,0,5,1,0,0
0,0,21,391,1,3,0,3,5,7,21,1,3,1,7,3,4,0,3,1,0,0,0,3,0,2,0,0,0,18,1,0,0
4,0,3,485,2,1,0,1,1,1,3,0,0,3,1,1,3,0,0,0,0,0,0,0,0,0,0,0,0,6,1,0,0
4,0,22,515,5,10,5,5,8,10,26,0,5,5,10,3,2,0,6,0,0,1,0,6,1,2,0,0,0,25,2,0,0
0,0,9,247,2,2,1,1,4,3,9,1,1,2,3,1,1,0,3,0,0,0,0,1,0,1,0,0,0,13,1,0,0
9,0,8,1349,3,2,2,0,1,6,8,0,1,2,6,0,0,0,0,0,0,0,0,3,0,0,0,0,0,6,2,0,0
0,0,29,629,3,1,0,1,2,6,29,1,5,3,6,1,1,0,0,1,0,0,0,15,0,1,0,0,0,23,9,0,0
0,0,2,131,0,1,1,0,1,0,2,0,0,0,0,0,0,0,0,0,0,0,0,0,0,0,0,0,0,3,1,0,0
0,0,17,339,1,0,0,0,3,7,17,0,0,1,7,0,0,0,0,0,0,0,1,0,0,2,0,0,0,7,1,0,0
0,0,2,385,0,0,0,0,1,0,2,0,0,4,0,0,0,0,0,0,0,0,0,0,0,0,0,0,0,6,1,0,0
0,0,2,393,0,0,0,0,1,0,2,0,0,4,0,0,0,0,0,0,0,0,0,0,0,0,0,0,0,6,1,0,0
0,0,4,159,1,0,0,0,1,3,4,0,0,1,3,0,0,0,0,0,0,0,0,1,0,0,0,0,0,10,1,0,0
0,0,7,139,4,1,0,1,1,3,7,1,2,2,3,0,0,0,0,0,0,0,0,2,0,0,0,0,0,11,9,0,0
0,0,12,429,4,2,2,0,3,14,12,0,2,3,14,0,0,0,1,0,0,0,2,2,0,1,0,0,0,17,4,0,0
2,3,82,173,13,0,0,0,6,24,81,1,9,3,24,0,0,0,3,0,3,0,0,12,0,2,4,0,0,70,1,0,0
8,0,6,411,0,0,0,0,2,3,6,0,0,0,3,0,0,0,1,0,0,0,0,0,0,1,0,0,0,5,1,0,0
0,0,3,213,1,1,0,1,1,1,3,0,0,1,1,0,0,0,0,0,0,0,0,0,0,0,0,0,0,4,1,0,0
0,0,8,251,3,1,0,1,2,1,8,1,1,3,1,0,0,0,1,0,0,0,0,2,0,1,0,0,0,13,1,0,0
0,0,3,233,2,1,0,1,1,1,3,0,0,1,1,0,0,0,0,0,0,0,0,0,0,0,0,0,0,6,1,0,0
0,0,9,401,1,2,1,1,5,3,9,2,0,0,3,1,2,1,3,0,1,0,1,0,0,2,0,0,0,15,2,0,0
0,0,37,719,2,2,1,1,12,17,37,1,2,0,17,1,1,3,3,0,0,3,2,3,1,4,0,0,0,23,2,0,0
0,0,73,433,4,8,1,7,16,32,73,0,10,0,32,7,3,1,3,0,0,5,2,22,1,5,0,0,0,43,2,0,0
0,0,6,173,3,0,0,0,2,1,6,0,0,2,1,0,0,0,0,0,1,0,0,1,0,1,0,0,0,6,1,0,0
0,0,7,911,3,3,2,1,2,7,7,0,1,2,7,1,1,0,1,0,0,0,0,2,0,1,0,0,0,11,2,0,0
4,0,45,199,7,4,0,4,8,31,49,1,4,0,31,4,6,1,1,1,0,6,0,12,0,4,0,0,0,62,4,0,0
0,0,11,879,3,2,1,1,3,6,11,3,2,1,6,1,1,0,1,0,0,0,0,2,0,2,0,0,0,10,2,0,0
0,0,3,1113,1,0,0,0,1,0,3,0,0,1,0,0,0,0,0,0,0,0,0,1,0,0,0,0,0,9,1,0,1
0,0,13,935,4,2,2,0,2,11,13,1,2,2,11,0,0,0,0,0,0,0,0,2,0,1,0,0,0,14,2,0,0
0,0,9,973,5,1,1,0,2,6,9,1,1,4,6,0,0,0,0,0,0,0,0,1,0,1,0,0,0,14,2,0,0
0,0,14,1041,3,1,1,0,3,11,14,1,2,2,11,0,0,0,1,0,0,0,0,2,0,1,0,0,0,14,2,0,0
0,0,6,1123,2,1,1,0,1,3,6,0,1,2,3,0,0,0,0,0,0,0,0,1,0,0,0,0,0,9,4,0,0
0,0,14,993,3,1,1,0,2,9,14,0,2,3,9,0,0,0,0,0,0,0,0,2,0,1,0,0,0,13,2,0,0
0,0,6,379,2,0,0,0,1,4,6,0,1,1,4,0,0,0,0,0,0,0,0,1,0,0,0,0,0,7,4,0,0
0,0,12,1153,1,1,1,0,3,3,12,0,1,3,3,0,0,1,0,0,0,2,0,2,1,2,0,0,0,19,10,0,1
0,0,10,851,1,2,2,0,6,4,10,3,1,2,4,0,0,0,3,0,1,0,1,1,0,2,0,0,0,12,2,0,0
0,0,2,227,2,0,0,0,1,0,2,0,0,1,0,0,0,0,0,0,0,0,0,0,0,0,0,0,0,4,1,0,0
0,0,6,323,3,0,0,0,1,4,6,0,2,1,4,0,0,0,0,0,0,0,0,2,0,0,0,0,0,38,9,0,1
0,0,5,145,3,0,0,0,1,0,5,0,0,3,0,0,0,0,0,0,0,0,0,3,0,0,0,0,0,9,1,0,0
0,0,5,381,4,1,0,1,3,3,5,0,0,2,3,1,1,0,0,0,0,0,0,0,0,1,0,0,0,15,9,0,1
11,8,11,237,2,1,1,0,4,17,14,0,1,1,17,0,0,0,0,0,0,0,2,2,0,1,0,0,0,9,2,0,0
0,0,6,295,3,1,1,0,1,5,6,0,2,1,5,0,0,0,0,0,0,0,0,2,0,0,0,0,0,32,9,0,1
0,0,18,179,3,2,0,2,4,9,18,0,0,2,9,2,1,0,0,0,0,0,0,0,0,2,0,0,0,10,1,0,0
0,0,9,349,2,1,1,0,3,3,9,2,3,1,3,0,0,0,1,0,1,0,0,3,1,1,0,0,0,35,9,0,1
0,0,5,161,4,0,0,0,1,4,5,1,0,2,4,0,0,0,0,0,0,0,0,0,0,0,0,0,0,9,1,0,0
0,0,6,2355,2,1,1,0,1,4,6,0,2,1,4,0,0,0,0,0,0,0,0,2,0,0,0,0,0,12,1,0,0
0,0,3,1889,1,1,0,1,1,3,3,0,0,0,3,1,1,0,0,0,0,0,0,0,0,0,0,0,0,5,1,0,0
0,0,7,327,2,1,0,1,1,2,7,1,2,1,2,0,0,0,0,0,0,0,0,2,0,0,0,0,0,9,9,0,0
0,0,29,1141,4,1,1,0,5,10,29,1,1,4,10,0,0,0,1,0,1,0,0,2,0,3,1,0,0,29,2,0,1
0,0,134,2451,12,2,0,2,44,41,134,13,21,2,41,0,0,0,22,0,15,0,1,27,0,5,0,0,0,59,1,0,0
0,0,4,353,1,0,0,0,1,3,4,0,0,1,3,0,0,0,0,0,0,0,0,1,0,0,0,0,0,10,1,0,0
0,0,3,2305,2,2,1,1,1,1,3,0,0,1,1,1,1,0,0,0,0,0,0,0,0,0,0,0,0,4,1,0,0
0,0,62,1471,7,1,1,0,3,12,62,1,4,0,12,0,0,0,0,0,0,0,0,4,0,1,2,0,0,42,1,0,0
0,0,2,305,0,2,2,0,1,0,2,0,0,0,0,0,0,0,0,0,0,0,0,0,0,0,0,0,0,2,1,0,0
0,0,5,2331,2,2,2,0,1,4,5,0,1,3,4,0,0,0,0,0,0,0,0,1,0,0,0,0,0,12,1,0,0
47,0,38,1225,8,1,0,1,14,24,85,1,8,1,24,1,1,0,8,0,4,0,4,17,1,3,4,0,0,44,2,0,0
7,94,166,511,6,1,0,1,19,39,79,0,12,3,39,1,1,0,9,0,2,0,0,18,0,4,2,0,0,49,1,0,0
0,0,3,1869,1,1,0,1,1,3,3,0,0,0,3,1,1,0,0,0,0,0,0,0,0,0,0,0,0,5,1,0,0
0,0,12,2079,5,0,0,0,4,9,12,0,0,2,9,0,0,0,1,0,2,0,0,2,0,1,0,0,0,27,1,0,0
0,0,3,2409,2,2,1,1,1,1,3,0,0,1,1,1,1,0,0,0,0,0,0,0,0,0,0,0,0,4,1,0,0
0,0,22,2241,2,5,0,5,7,7,22,0,0,1,7,5,5,0,0,0,0,0,5,5,0,1,0,0,0,14,1,0,0
0,0,5,2315,1,1,1,0,1,4,5,0,0,3,4,0,0,0,0,0,0,0,0,1,0,0,0,0,0,11,1,0,0
0,0,6,475,0,0,0,0,2,4,6,0,0,0,4,0,0,0,1,0,0,0,0,0,0,1,0,0,0,6,1,0,0
0,0,6,2131,1,0,0,0,2,2,6,0,0,1,2,0,0,0,1,0,0,0,0,0,0,1,0,0,0,9,1,0,0
0,0,5,2395,2,2,2,0,1,4,5,0,1,3,4,0,0,0,0,0,0,0,0,1,0,0,0,0,0,12,1,0,0
0,0,28,1633,8,2,1,1,3,17,28,0,6,0,17,1,1,0,0,0,0,0,0,6,0,2,1,0,0,28,1,0,0
0,0,3,2345,2,2,1,1,1,1,3,0,0,1,1,1,1,0,0,0,0,0,0,0,0,0,0,0,0,4,1,0,0
0,0,5,313,3,1,0,1,1,2,5,1,1,2,2,0,0,0,0,0,0,0,0,1,0,0,0,0,0,10,9,0,0
0,0,3,2429,1,1,1,0,1,3,3,1,0,1,3,0,0,0,0,0,0,0,0,0,0,0,0,0,0,4,4,0,0
0,0,5,495,1,0,0,0,1,4,5,0,0,0,4,0,0,0,0,0,1,0,0,0,0,0,0,0,0,6,1,0,0
0,0,3,1763,0,0,0,0,1,2,3,0,0,0,2,0,0,0,0,0,0,0,0,0,0,0,0,0,0,3,1,0,0
0,0,2,2113,2,0,0,0,1,0,2,0,0,1,0,0,0,0,0,0,0,0,0,0,0,0,0,0,0,4,1,0,0
0,0,3,1879,2,1,0,1,1,3,3,0,0,0,3,1,1,0,0,0,0,0,0,0,0,0,0,0,0,6,1,0,0
47,0,54,827,12,4,2,2,17,27,101,0,8,2,27,2,2,0,8,0,3,0,3,19,0,2,5,0,0,54,2,0,0
0,0,3,2385,2,2,1,1,1,1,3,0,0,1,1,1,1,0,0,0,0,0,0,0,0,0,0,0,0,4,1,0,0
0,0,6,2223,1,2,2,0,1,4,6,1,1,3,4,0,0,0,0,0,0,0,0,1,0,0,0,0,0,8,2,0,0
0,0,5,2061,4,0,0,0,1,4,5,1,0,2,4,0,0,0,0,0,0,0,0,0,0,0,0,0,0,19,1,0,0
0,0,21,1801,4,1,1,0,4,12,21,0,1,1,12,0,0,0,2,0,0,0,0,1,0,1,1,0,0,21,1,0,0
0,0,3,2043,1,0,0,0,1,0,3,1,0,0,0,0,0,0,0,0,0,0,0,0,0,0,0,0,0,4,1,0,0
0,0,3,941,2,4,0,4,1,1,3,0,0,1,1,0,0,0,0,0,0,0,0,0,0,0,0,0,0,5,1,0,0
0,0,5,2371,2,2,2,0,1,4,5,0,1,3,4,0,0,0,0,0,0,0,0,1,0,0,0,0,0,12,1,0,0
0,0,23,367,7,1,0,1,6,12,23,2,1,3,12,1,3,0,5,0,0,0,0,6,0,1,0,0,0,44,1,0,0
0,0,23,2169,2,2,1,1,8,7,23,2,1,0,7,1,1,0,3,0,2,0,2,1,1,2,0,0,0,12,2,0,0
0,0,3,1373,2,4,0,4,1,1,3,0,0,1,1,0,0,0,0,0,0,0,0,0,0,0,0,0,0,5,1,0,0
0,0,4,667,2,1,0,1,1,2,4,0,0,2,2,0,0,0,0,0,0,0,0,0,0,0,0,0,0,8,1,0,0
0,0,28,1541,2,1,0,1,5,14,28,0,6,2,14,0,0,0,2,0,1,4,4,7,0,4,0,0,0,29,1,0,0
0,0,4,683,1,1,0,1,1,5,4,0,0,2,5,0,0,0,0,0,0,0,0,0,0,0,0,0,0,7,1,0,0
47,0,4,815,3,2,1,1,1,3,4,0,1,1,3,1,3,0,0,0,0,0,0,1,0,0,0,0,0,8,2,0,0
0,0,18,431,3,1,0,1,2,9,18,0,1,0,9,0,0,0,0,0,1,0,0,2,0,1,0,0,0,24,1,0,0
0,0,5,1723,1,0,0,0,2,2,5,0,0,0,2,0,0,0,0,0,0,0,0,0,0,1,0,0,0,5,1,0,0
0,0,8,1517,5,1,0,1,1,5,8,0,2,2,5,0,0,0,0,0,0,0,0,2,0,0,0,0,0,14,1,0,0
0,0,3,1195,2,4,0,4,1,1,3,0,0,1,1,0,0,0,0,0,0,0,0,0,0,0,0,0,0,5,1,0,0
0,0,3,1449,2,4,0,4,1,1,3,0,0,1,1,0,0,0,0,0,0,0,0,0,0,0,0,0,0,5,1,0,0
0,0,3,1101,2,4,0,4,1,1,3,0,0,1,1,0,0,0,0,0,0,0,0,0,0,0,0,0,0,5,1,0,0
0,0,3,1431,2,4,0,4,1,1,3,0,0,1,1,0,0,0,0,0,0,0,0,0,0,0,0,0,0,5,1,0,0
0,0,3,1077,2,4,0,4,1,1,3,0,0,1,1,0,0,0,0,0,0,0,0,0,0,0,0,0,0,5,1,0,0
0,0,3,1393,2,4,0,4,1,1,3,0,0,1,1,0,0,0,0,0,0,0,0,0,0,0,0,0,0,5,1,0,0
0,0,3,2419,0,1,1,0,1,0,3,0,0,1,0,0,0,0,0,0,0,0,0,1,0,0,0,0,0,5,1,0,0
0,0,3,2033,2,1,0,1,1,2,3,0,0,1,2,1,1,0,0,0,0,0,0,0,0,0,0,0,0,3,1,0,0
0,0,3,1029,2,4,0,4,1,1,3,0,0,1,1,0,0,0,0,0,0,0,0,0,0,0,0,0,0,5,1,0,0
0,0,11,785,3,2,1,1,3,5,11,0,0,0,5,1,4,0,0,0,0,0,0,0,0,1,0,0,0,10,2,0,0
0,0,3,1829,0,0,0,0,1,2,3,0,0,0,2,0,0,0,0,0,0,0,0,0,0,0,0,0,0,4,1,0,0
0,0,4,1815,0,0,0,0,1,5,4,0,0,0,5,0,0,0,0,0,0,0,0,0,0,0,0,0,0,4,1,0,0
0,0,3,1773,0,0,0,0,1,2,3,0,0,0,2,0,0,0,0,0,0,0,0,0,0,0,0,0,0,3,1,0,0
0,0,44,1907,8,1,1,0,11,14,44,2,1,5,14,0,0,0,1,0,3,0,1,7,7,2,0,0,0,17,9,0,0
0,0,3,977,1,4,0,4,1,5,3,0,0,1,5,0,0,0,0,0,0,0,0,0,0,0,0,0,0,4,1,0,0
0,0,3,1739,0,0,0,0,1,1,3,0,0,0,1,0,0,0,0,0,0,0,0,0,0,0,0,0,0,1,1,0,0
0,0,6,1783,3,1,1,0,1,7,6,0,1,1,7,0,0,0,0,0,0,0,0,1,0,0,0,0,0,11,1,0,0
0,0,5,1749,4,2,2,0,1,4,5,0,1,1,4,0,0,0,0,0,0,0,0,1,0,0,0,0,0,14,1,0,0
0,0,3,1673,1,0,0,0,1,4,3,0,0,1,4,0,0,0,0,0,0,0,0,0,0,0,0,0,0,9,1,0,0
0,0,5,297,3,0,0,0,1,3,5,1,1,1,3,0,0,0,0,0,0,0,0,1,0,0,0,0,0,11,1,0,0
0,0,5,153,1,0,0,0,1,3,5,0,0,1,3,0,0,0,0,0,0,0,0,0,0,0,0,0,0,13,1,0,0
0,0,7,609,3,0,0,0,2,6,7,0,2,2,6,0,0,0,1,0,0,0,0,2,1,1,0,0,0,31,9,0,0
0,0,7,549,3,0,0,0,2,3,7,2,1,2,3,0,0,0,1,0,0,0,0,1,1,1,0,0,0,27,9,0,0
0,0,7,589,3,0,0,0,2,6,7,0,2,2,6,0,0,0,1,0,0,0,0,2,1,1,0,0,0,27,9,0,0
34,27,117,173,5,0,0,0,10,22,124,1,11,0,22,0,0,0,4,0,0,0,0,13,2,2,4,0,0,70,1,0,0
0,0,4,441,0,0,0,0,1,5,4,0,0,0,5,0,0,0,0,0,0,0,0,0,1,0,0,0,0,16,1,0,0
0,0,29,383,4,0,0,0,4,12,29,2,2,1,12,0,0,0,0,0,1,0,0,3,1,2,1,0,0,33,1,0,0
0,0,8,629,3,0,0,0,2,4,8,2,2,1,4,0,0,0,1,0,0,0,0,2,1,1,0,0,0,30,9,0,0
0,0,7,569,3,0,0,0,2,3,7,2,1,2,3,0,0,0,1,0,0,0,0,1,1,1,0,0,0,25,9,0,0
0,0,10,227,1,0,0,0,2,7,10,1,1,1,7,0,0,0,1,0,0,1,0,1,0,1,0,0,0,10,1,0,0
0,0,14,495,2,0,0,0,3,6,14,1,1,1,6,0,0,0,0,0,1,0,0,2,1,1,0,0,0,24,1,0,0
0,0,5,425,0,0,0,0,1,8,5,0,0,0,8,0,0,0,0,0,0,0,0,0,1,0,0,0,0,19,1,0,0
0,0,47,223,9,4,2,2,9,19,47,0,7,1,19,2,2,2,2,0,2,4,1,14,4,3,0,0,0,26,1,0,0
0,0,9,199,3,2,1,1,2,7,9,0,1,1,7,1,1,1,0,0,0,0,0,1,0,1,0,0,0,14,1,0,0
0,0,4,443,2,0,0,0,1,2,4,0,1,1,2,0,0,0,0,0,0,0,0,1,0,0,0,0,0,6,1,0,0
0,0,8,1359,3,2,0,2,3,5,8,0,3,1,5,2,1,0,0,0,1,0,1,3,1,1,0,0,0,25,1,0,1
0,0,9,1261,4,0,0,0,3,5,9,3,0,2,5,0,0,0,0,0,0,0,0,0,0,1,0,0,0,13,1,0,0
0,0,27,1025,5,1,0,1,6,8,27,1,5,2,8,0,0,1,2,1,0,1,2,7,1,3,0,0,0,15,1,0,0
0,0,3,369,3,1,1,0,1,1,3,1,0,1,1,0,0,0,0,0,1,0,0,0,0,0,0,0,0,9,10,0,0
2,0,4,1249,3,1,0,1,2,3,6,2,0,2,3,1,1,0,0,0,0,0,0,0,0,1,0,0,0,5,1,0,0
0,0,156,535,11,4,0,4,50,37,156,9,17,2,37,0,0,7,10,4,8,5,4,25,3,4,0,0,0,58,1,0,0
0,0,5,1205,3,0,0,0,1,3,5,0,1,1,3,0,0,0,0,0,0,0,0,1,0,0,0,0,0,13,1,0,0
0,0,4,417,2,1,1,0,1,2,4,0,1,1,2,0,0,0,0,0,0,0,0,1,0,0,0,0,0,17,1,0,0
0,0,12,1277,3,0,0,0,4,9,12,2,2,2,9,0,0,0,2,0,0,4,1,3,2,1,0,0,0,17,1,0,0
0,0,4,455,2,0,0,0,1,2,4,0,1,1,2,0,0,0,0,0,0,0,0,1,0,0,0,0,0,6,1,0,0
0,0,6,401,2,0,0,0,1,3,6,0,1,3,3,0,0,0,0,0,0,0,0,1,0,0,0,0,0,7,1,0,0
0,0,3,1313,1,2,2,0,1,3,3,1,0,1,3,0,0,0,0,0,2,0,0,0,0,0,0,0,0,7,1,0,0
0,0,3,1111,5,1,0,1,1,1,3,1,0,5,1,1,1,0,0,0,0,1,0,0,0,0,0,0,0,5,9,0,0
0,0,5,429,2,0,0,0,1,3,5,0,1,2,3,0,0,0,0,0,0,1,0,1,1,0,0,0,0,8,1,0,0
0,0,11,487,1,0,0,0,1,1,11,1,1,0,1,0,0,0,0,0,0,0,0,1,0,0,0,0,0,4,4,0,0
2,0,1,1179,1,1,1,0,1,1,3,1,0,1,1,0,0,0,0,0,0,1,0,0,1,0,0,0,0,3,9,0,0
0,0,4,181,3,2,1,1,1,1,4,0,0,1,1,0,0,0,0,0,0,0,0,0,0,0,0,0,0,8,2,0,0
0,0,3,515,2,1,0,1,1,0,3,1,0,0,0,0,0,0,0,0,0,0,0,0,0,0,0,0,0,5,4,0,0
0,0,3,353,2,1,0,1,1,1,3,0,0,1,1,1,3,0,0,0,0,0,0,0,0,0,0,0,0,2,1,0,0
2,0,7,1219,2,1,1,0,3,8,9,2,2,2,8,0,0,0,2,0,1,3,1,2,1,1,0,0,0,21,1,0,0
0,0,8,1189,3,2,2,0,2,3,8,1,1,1,3,0,0,0,1,0,0,0,0,1,0,1,0,0,0,13,1,0,0
0,0,5,467,1,0,0,0,1,3,5,0,1,1,3,0,0,0,0,0,0,1,0,1,1,0,0,0,0,8,1,0,0
0,0,24,1123,4,1,1,0,2,11,24,1,1,6,11,0,0,0,1,0,0,2,2,1,0,1,0,0,0,7,9,0,0
0,0,9,153,4,2,1,1,2,3,9,1,0,1,3,0,0,0,1,0,0,1,0,1,0,2,0,0,0,10,9,0,0
0,0,6,1337,3,0,0,0,1,5,6,0,2,1,5,0,0,0,0,0,0,0,0,2,0,0,0,0,0,15,9,0,1
0,0,5,399,4,1,0,1,3,3,5,0,0,2,3,1,1,0,0,0,0,0,0,0,0,1,0,0,0,15,9,0,1
1,0,5,149,3,0,0,0,1,1,6,0,0,3,1,0,0,0,0,0,0,0,0,4,0,0,0,0,0,9,1,0,0
0,0,6,341,3,0,0,0,1,4,6,0,2,1,4,0,0,0,0,0,0,0,0,2,0,0,0,0,0,38,9,0,1
6,3,4,167,4,0,0,0,2,4,7,1,0,2,4,0,0,0,1,0,0,0,0,0,0,1,0,0,0,11,1,0,0
0,0,9,367,2,1,1,0,3,3,9,2,3,1,3,0,0,0,1,0,1,0,0,3,1,1,0,0,0,35,9,0,1
5,2,17,191,3,2,0,2,5,9,20,0,0,2,9,2,1,0,1,0,0,0,0,0,0,2,0,0,0,11,1,0,0
0,0,6,313,3,1,1,0,1,5,6,0,2,1,5,0,0,0,0,0,0,0,0,2,0,0,0,0,0,32,9,0,1
0,0,2,245,2,0,0,0,1,0,2,0,0,1,0,0,0,0,0,0,0,0,0,0,0,0,0,0,0,4,1,0,0
2,2,14,255,2,1,1,0,4,17,14,0,1,1,17,0,0,0,0,0,0,0,2,2,0,1,0,0,0,10,2,0,0
2,4,19,185,5,1,0,1,6,17,17,0,3,2,17,1,1,0,1,0,6,2,0,5,3,3,0,0,0,24,1,0,0
0,0,6,165,4,0,0,0,3,5,6,0,0,2,5,0,0,0,0,0,2,0,0,0,0,1,0,0,0,10,1,0,0
0,0,3,253,0,2,2,0,1,0,3,1,0,0,0,0,0,0,0,0,0,0,0,0,0,0,0,0,0,3,4,0,0
0,0,6,95,1,0,0,0,1,2,6,0,0,3,2,0,0,0,0,0,0,0,0,3,0,0,0,0,0,13,1,0,0
0,0,11,119,4,1,0,1,3,12,11,0,0,2,12,1,1,0,2,0,4,2,1,1,2,2,0,0,0,17,1,0,0
0,0,7,219,0,0,0,0,2,4,7,0,0,1,4,0,0,0,0,0,0,0,0,0,0,1,0,0,0,5,4,0,0
0,0,4,93,1,0,0,0,1,0,4,0,0,1,0,0,0,0,0,0,0,0,0,1,0,0,0,0,0,4,1,0,0
11,0,26,107,3,1,0,1,5,17,37,2,6,1,17,1,1,1,0,1,0,0,2,8,0,4,0,0,0,27,4,0,0
0,0,23,239,1,3,2,1,7,4,23,4,3,1,4,1,0,1,1,0,0,0,1,3,0,4,0,0,0,10,2,0,0
0,0,5,1209,2,2,0,2,1,3,5,0,0,1,3,2,1,0,0,0,0,0,0,0,0,0,0,0,0,9,1,0,0
0,0,6,1489,3,0,0,0,2,3,6,0,1,0,3,0,0,0,0,0,0,0,0,1,0,1,0,0,0,8,1,0,0
0,0,9,2103,2,1,1,0,3,3,9,1,0,0,3,0,0,0,2,0,2,0,0,2,0,2,0,0,0,9,1,0,0
0,0,9,2609,1,1,1,0,4,4,9,3,0,1,4,0,0,0,2,0,1,0,0,0,0,1,0,0,0,10,2,0,0
0,0,5,1463,3,2,1,1,1,3,5,0,1,0,3,1,1,0,0,0,0,0,0,1,0,0,0,0,0,7,1,0,0
0,0,72,879,5,8,2,6,19,22,72,4,3,1,22,6,1,0,3,0,0,0,0,7,0,2,0,0,0,37,2,0,0
0,0,7,497,0,0,0,0,2,2,7,0,0,0,2,0,0,0,0,0,0,0,0,0,0,1,0,0,0,5,4,0,0
0,0,4,1251,1,0,0,0,1,3,4,0,1,1,3,0,0,0,0,0,0,0,0,1,0,0,0,0,0,9,1,0,0
0,0,10,1403,3,2,2,0,2,5,10,0,2,0,5,0,0,0,0,0,0,0,0,2,0,1,0,0,0,7,1,0,0
0,0,3,2091,1,0,0,0,1,0,3,0,0,1,0,0,0,0,0,0,0,0,0,1,0,0,0,0,0,4,1,0,0
0,0,19,519,1,0,0,0,7,9,19,0,1,3,9,0,0,0,5,0,0,1,0,2,0,2,0,0,0,30,4,0,0
0,0,26,1113,1,1,1,0,6,7,26,5,1,1,7,0,0,0,2,0,0,0,0,2,0,2,0,0,0,21,2,0,0
0,0,4,1223,1,1,1,0,1,3,4,0,1,0,3,0,0,0,0,0,0,0,0,1,0,0,0,0,0,7,1,0,0
0,0,11,1433,3,1,1,0,2,7,11,0,2,0,7,0,0,0,0,0,0,0,0,2,0,1,0,0,0,9,1,0,0
0,0,5,1181,2,2,0,2,1,3,5,0,0,1,3,2,1,0,0,0,0,0,0,0,0,0,0,0,0,9,1,0,0
0,0,3,1061,0,1,1,0,1,0,3,0,0,1,0,0,0,0,0,0,0,0,0,1,0,0,0,0,0,5,1,0,0
0,0,10,1263,4,2,1,1,2,9,10,0,1,3,9,1,1,0,0,0,0,0,0,1,0,1,0,0,0,12,1,0,0
0,0,4,1043,2,1,0,1,1,3,4,0,0,1,3,1,2,0,0,0,0,0,0,0,0,0,0,0,0,8,1,0,0
0,0,3,827,0,0,0,0,1,1,3,0,0,0,1,0,0,0,0,0,0,0,0,0,0,0,0,0,0,4,1,0,0
0,0,133,2153,11,4,0,4,37,62,133,17,9,2,62,0,0,0,6,0,4,0,3,15,0,3,0,0,0,65,1,0,0
0,0,37,1577,8,1,0,1,14,6,37,8,0,1,6,1,1,0,0,0,6,0,0,0,0,1,0,0,0,20,1,0,0
0,0,11,1083,2,1,1,0,6,9,11,1,0,0,9,0,0,0,3,0,1,0,0,0,0,1,0,0,0,15,2,0,0
0,0,38,287,4,3,0,3,8,32,38,0,3,1,32,3,2,0,3,0,0,0,0,11,0,2,0,0,0,50,1,0,0
0,0,4,1071,0,1,1,0,1,0,4,0,0,1,0,0,0,0,0,0,0,0,0,2,0,0,0,0,0,15,1,0,0
0,0,3,851,0,2,2,0,2,2,3,1,0,0,2,0,0,0,1,0,0,0,0,0,0,0,0,0,0,8,2,0,0
0,0,4,1237,1,0,0,0,1,3,4,0,1,1,3,0,0,0,0,0,0,0,0,1,0,0,0,0,0,8,1,0,0
0,0,3,2129,0,0,0,0,1,0,3,1,0,0,0,0,0,0,0,0,0,0,0,0,0,0,0,0,0,5,1,0,0
0,0,3,737,0,1,1,0,1,1,3,0,0,0,1,0,0,0,0,0,0,0,0,0,0,0,0,0,0,3,2,0,0
0,0,5,481,1,2,0,2,1,3,5,0,0,0,3,2,1,0,0,0,0,0,0,0,0,0,0,0,0,6,1,0,0
0,0,95,1691,13,2,0,2,30,32,95,23,4,1,32,2,2,0,5,0,16,0,0,6,0,2,0,0,0,37,1,0,0
0,0,4,1477,2,2,2,0,1,2,4,0,1,0,2,0,0,0,0,0,0,0,0,1,0,0,0,0,0,4,1,0,0
0,0,3,2081,1,0,0,0,1,0,3,1,0,0,0,0,0,0,0,0,0,0,0,0,0,0,0,0,0,4,1,0,0
0,0,3,747,0,1,1,0,1,1,3,0,0,0,1,0,0,0,0,0,0,0,0,0,0,0,0,0,0,3,2,0,0
0,0,7,1549,0,7,7,0,2,6,7,0,0,0,6,0,0,0,0,0,0,0,0,0,0,1,0,0,0,7,2,0,0
0,0,9,1331,3,0,0,0,2,10,9,0,1,1,10,0,0,0,0,0,1,0,0,1,0,1,0,0,0,14,1,0,0
0,0,4,1319,2,2,0,2,2,3,4,0,1,1,3,2,2,0,0,0,0,0,0,1,0,0,0,0,0,9,1,0,0
0,0,17,801,2,5,4,1,2,9,17,0,1,0,9,0,0,0,0,0,0,0,1,1,0,1,1,0,0,17,2,0,0
0,0,38,583,7,2,0,2,15,26,38,4,3,1,26,2,1,0,2,1,1,1,0,3,0,3,0,0,0,29,4,0,0
0,0,46,1929,7,2,0,2,11,17,46,0,2,0,17,2,1,0,1,0,3,0,0,7,0,3,0,0,0,28,1,0,0
0,0,16,763,3,3,1,2,5,7,16,1,2,0,7,2,1,0,3,0,0,0,0,2,0,2,0,0,0,15,1,0,0
0,0,21,429,2,1,0,1,1,10,21,0,1,0,10,0,0,0,0,0,0,0,0,2,0,0,0,0,0,18,4,0,0
0,0,4,715,1,0,0,0,1,3,4,0,0,1,3,0,0,0,0,0,0,0,0,0,0,0,0,0,0,6,4,0,0
0,0,7,861,1,1,1,0,1,7,7,0,1,0,7,0,0,0,0,0,0,0,0,1,0,0,0,0,0,14,2,0,0
0,0,9,1379,1,0,0,0,3,6,9,0,2,1,6,0,0,0,0,0,0,0,0,2,0,1,0,0,0,11,1,0,0
0,0,11,1291,2,1,0,1,3,9,11,0,2,1,9,1,1,0,0,0,0,0,0,2,0,1,0,0,0,14,1,0,0
0,0,9,1355,3,0,0,0,2,10,9,0,1,1,10,0,0,0,0,0,1,0,0,1,0,1,0,0,0,14,1,0,0
0,0,11,1515,0,3,3,0,4,8,11,0,0,0,8,0,0,0,0,0,0,0,0,0,0,1,0,0,0,6,1,0,0
0,0,5,1195,1,2,0,2,1,3,5,0,0,1,3,2,1,0,0,0,0,0,0,0,0,0,0,0,0,8,1,0,0
0,0,6,251,2,1,0,1,1,3,6,1,1,1,3,1,1,0,0,0,0,0,0,1,0,0,0,0,0,5,1,0,0
2,3,11,161,2,1,0,1,2,6,10,0,1,1,6,1,1,0,0,0,0,0,0,4,0,1,0,0,0,26,1,0,0
2,3,7,109,1,0,0,0,1,5,6,0,0,1,5,0,0,0,0,0,0,0,0,1,0,0,0,0,0,9,1,0,0
4,0,0,187,0,2,2,0,1,1,4,0,0,0,1,0,0,0,0,0,0,0,0,1,0,0,0,0,0,3,2,0,0
2,3,7,127,2,0,0,0,1,5,6,0,0,2,5,0,0,0,0,0,0,0,0,1,0,0,0,0,0,9,1,0,0
2,3,5,97,0,0,0,0,1,0,4,0,0,2,0,0,0,0,0,0,0,0,0,1,0,0,0,0,0,14,1,0,0
0,0,8,229,2,1,0,1,2,3,8,1,1,1,3,1,1,0,1,0,0,0,1,1,0,1,0,0,0,5,1,0,0
2,3,6,147,3,1,0,1,1,1,5,0,0,3,1,1,1,0,0,0,0,0,0,1,0,0,0,0,0,5,1,0,0
0,0,3,213,0,0,0,0,1,0,3,1,0,0,0,0,0,0,0,0,0,0,0,0,0,0,0,0,0,3,1,0,0
0,0,3,203,0,2,2,0,1,0,3,1,0,0,0,0,0,0,0,0,0,0,0,0,0,0,0,0,0,5,1,0,0
0,0,9,447,3,1,0,1,1,5,9,1,2,0,5,1,1,0,0,0,0,0,0,2,0,0,0,0,0,8,1,0,0
0,0,7,237,1,2,1,1,4,2,7,0,0,1,2,1,1,0,2,0,1,0,0,0,1,1,0,0,0,12,4,0,0
0,0,3,421,1,1,1,0,1,0,3,1,0,0,0,0,0,0,0,0,0,0,0,0,0,0,0,0,0,3,1,0,0
0,0,5,397,1,1,1,0,3,4,5,0,0,1,4,0,0,0,1,0,1,0,0,0,0,1,0,0,0,7,2,0,0
0,0,8,141,3,0,0,0,2,1,8,0,0,2,1,0,0,0,0,0,1,0,2,3,0,1,0,0,0,9,1,0,0
0,0,3,431,0,0,0,0,1,0,3,1,0,0,0,0,0,0,0,0,0,0,0,0,0,0,0,0,0,4,1,0,0
0,0,13,359,0,1,1,0,6,3,13,1,2,0,3,0,0,0,4,0,0,0,0,4,0,3,0,0,0,11,2,0,0
1,1,38,257,2,2,1,1,7,7,38,1,4,3,7,1,2,1,1,1,1,0,3,11,3,3,0,0,0,47,2,0,0
0,0,20,171,6,2,0,2,2,14,20,1,3,0,14,2,3,0,0,1,1,0,1,8,2,1,0,0,0,29,4,0,0
0,0,2,63,0,0,0,0,1,0,2,0,0,0,0,0,0,0,0,0,0,0,0,0,0,0,0,0,0,2,2,0,0
0,0,8,71,3,0,0,0,2,2,8,2,0,1,2,0,0,0,0,0,1,0,0,0,0,1,0,0,0,7,9,0,0
0,0,3,119,2,0,0,0,1,2,3,1,0,2,2,0,0,0,0,0,0,0,0,0,0,0,0,0,0,7,9,0,0
0,0,8,95,3,0,0,0,2,2,8,2,0,1,2,0,0,0,0,0,1,0,0,0,0,1,0,0,0,6,9,0,0
7,0,5,129,2,0,0,0,2,2,5,0,0,2,2,0,0,0,1,0,0,0,0,0,0,1,0,0,0,5,9,0,0
3,3,4,73,3,0,0,0,1,6,4,0,0,3,6,0,0,0,0,0,0,0,0,1,0,0,0,0,0,16,1,0,0
3,3,4,87,1,0,0,0,1,4,4,0,0,4,4,0,0,0,0,0,0,0,0,1,0,0,0,0,0,15,1,0,0
0,0,3,121,0,0,0,0,1,0,3,1,0,0,0,0,0,0,0,0,0,0,0,0,0,0,0,0,0,4,1,0,0
3,3,4,101,1,0,0,0,1,0,4,0,0,1,0,0,0,0,0,0,0,0,0,1,0,0,0,0,0,15,1,0,0
0,0,6,237,1,0,0,0,1,2,6,1,1,1,2,0,0,0,0,0,0,0,0,1,0,0,0,0,0,5,1,0,0
0,0,3,179,0,0,0,0,1,0,3,1,0,0,0,0,0,0,0,0,0,0,0,0,0,0,0,0,0,5,1,0,0
0,0,3,169,0,0,0,0,1,0,3,1,0,0,0,0,0,0,0,0,0,0,0,0,0,0,0,0,0,5,1,0,0
1,1,9,137,3,0,0,0,1,7,9,0,1,1,7,0,0,0,0,0,0,0,0,4,0,0,0,0,0,17,1,0,0
0,0,3,189,0,0,0,0,1,0,3,1,0,0,0,0,0,0,0,0,0,0,0,0,0,0,0,0,0,4,1,0,0
1,1,8,115,0,0,0,0,1,2,8,0,0,6,2,0,0,0,0,0,0,0,0,3,0,0,0,0,0,17,1,0,0
1,1,3,103,0,0,0,0,1,0,3,0,0,5,0,0,0,0,0,0,0,0,0,0,0,0,0,0,0,6,1,0,0
0,0,12,205,1,0,0,0,4,4,12,1,1,1,4,0,0,0,2,0,0,0,1,1,0,1,0,0,0,8,1,0,0
0,0,3,145,0,0,0,0,1,0,3,1,0,0,0,0,0,0,0,0,0,0,0,0,0,0,0,0,0,4,1,0,0
8,7,3,93,2,0,0,0,1,6,4,0,0,3,6,0,0,0,0,0,0,0,0,1,0,0,0,0,0,15,1,0,0
8,7,4,109,1,0,0,0,1,4,5,0,0,5,4,0,0,0,0,0,0,0,0,2,0,0,0,0,0,16,1,0,0
0,0,3,155,0,0,0,0,1,0,3,1,0,0,0,0,0,0,0,0,0,0,0,0,0,0,0,0,0,2,1,0,0
8,7,3,79,3,0,0,0,1,6,4,0,0,3,6,0,0,0,0,0,0,0,0,1,0,0,0,0,0,16,1,0,0
8,7,3,125,1,0,0,0,1,0,4,0,0,1,0,0,0,0,0,0,0,0,0,1,0,0,0,0,0,15,1,0,0
0,0,4,129,2,0,0,0,1,0,4,0,0,2,0,0,0,0,0,0,0,0,0,2,0,0,0,0,0,6,1,0,0
0,0,6,239,1,0,0,0,2,1,6,1,0,0,1,0,0,0,1,0,0,0,0,1,0,1,0,0,0,4,1,0,0
0,0,3,257,1,0,0,0,1,0,3,1,0,0,0,0,0,0,0,0,0,0,0,0,0,0,0,0,0,4,1,0,0
0,0,4,117,4,0,0,0,1,0,4,0,0,3,0,0,0,0,0,0,0,0,0,1,0,0,0,0,0,8,1,0,0
0,0,3,107,1,0,0,0,1,1,3,0,0,2,1,0,0,0,0,0,0,0,0,0,0,0,0,0,0,6,1,0,0
0,0,3,229,1,0,0,0,1,0,3,1,0,0,0,0,0,0,0,0,0,0,0,0,0,0,0,0,0,5,1,0,0
1,1,26,141,3,0,0,0,6,18,26,2,3,0,18,0,0,0,2,0,0,0,0,8,0,3,0,0,0,23,1,0,0
0,0,16,489,1,1,1,0,4,1,16,1,2,1,1,0,0,1,1,1,0,2,0,3,0,2,0,0,0,19,2,0,0
0,0,32,403,2,1,1,0,9,11,32,0,4,1,11,0,0,2,1,0,0,1,4,11,1,3,0,0,0,32,2,0,0
0,0,3,647,1,0,0,0,1,0,3,1,0,0,0,0,0,0,0,0,0,0,0,0,0,0,0,0,0,4,1,0,0
0,0,22,585,0,1,1,0,8,9,22,4,2,1,9,0,0,1,0,0,0,2,1,5,1,3,0,0,0,14,9,0,0
0,0,3,637,1,0,0,0,1,0,3,1,0,0,0,0,0,0,0,0,0,0,0,0,0,0,0,0,0,4,1,0,0
2,7,11,179,3,0,0,0,1,0,6,0,0,4,0,0,0,0,0,0,0,0,0,3,0,0,0,0,0,8,1,0,0
0,0,3,657,1,0,0,0,1,0,3,1,0,0,0,0,0,0,0,0,0,0,0,0,0,0,0,0,0,3,1,0,0
0,0,4,573,0,0,0,0,1,1,4,0,0,0,1,0,0,0,0,0,0,0,0,0,0,0,0,0,0,8,8,0,0
0,1,43,197,7,5,0,5,9,24,42,1,8,0,24,5,2,0,2,2,0,0,1,12,0,3,0,0,0,38,1,0,0
0,0,9,529,1,1,1,0,2,2,9,2,1,1,2,0,0,0,1,0,0,0,0,1,0,1,0,0,0,7,4,0,0
0,0,10,341,4,2,1,1,3,4,10,1,1,1,4,1,1,0,1,0,0,2,0,2,1,1,0,0,0,20,2,0,0
0,0,14,363,2,1,1,0,3,10,14,0,2,1,10,0,0,0,1,0,0,1,0,4,1,1,0,0,0,22,2,0,0
1,1,11,271,3,2,0,2,2,8,11,0,1,0,8,1,1,0,1,0,0,0,0,2,0,1,0,0,0,16,1,0,0
0,0,7,459,3,1,0,1,2,5,7,0,0,2,5,1,1,0,0,0,0,0,1,1,0,1,0,0,0,9,1,0,0
0,0,2,431,1,0,0,0,1,0,2,0,0,1,0,0,0,0,0,0,0,0,0,0,0,0,0,0,0,4,1,0,0
0,0,9,235,1,0,0,0,5,12,9,0,0,0,12,0,0,0,2,0,1,0,0,0,0,1,0,0,0,10,1,0,0
0,0,9,305,0,0,0,0,4,9,9,0,0,0,9,0,0,0,1,0,0,0,0,0,0,1,0,0,0,10,1,0,0
0,0,7,673,3,1,0,1,2,3,7,1,0,2,3,0,0,0,1,0,0,0,0,0,0,1,0,0,0,8,1,0,0
0,0,3,481,1,0,0,0,1,1,3,0,0,1,1,0,0,0,0,0,0,0,0,0,0,0,0,0,0,5,1,0,0
0,1,5,339,1,2,0,2,1,2,4,0,0,0,2,2,1,0,0,0,0,0,0,0,0,0,0,0,0,5,1,0,0
0,0,22,359,7,1,0,1,6,15,22,0,3,4,15,1,1,0,2,0,2,0,1,3,0,2,0,0,0,21,1,0,0
0,1,24,497,1,2,2,0,7,10,23,3,2,0,10,0,0,1,4,0,0,0,1,4,0,2,0,0,0,10,2,0,0
5,0,5,169,6,0,0,0,2,5,10,1,1,3,5,0,0,0,0,0,0,0,0,4,0,1,0,0,0,18,1,0,0
0,0,3,447,4,0,0,0,1,1,3,1,0,2,1,0,0,0,0,0,0,0,0,0,0,0,0,0,0,7,1,0,0
0,0,10,205,2,0,0,0,2,6,10,0,0,1,6,0,0,0,1,0,0,0,1,2,0,1,0,0,0,16,1,0,0
0,0,8,549,1,1,1,0,3,6,8,0,0,1,6,0,0,0,0,0,1,0,0,0,0,2,0,0,0,11,2,0,0
8,4,23,573,3,3,3,0,7,11,27,0,5,0,11,0,0,0,3,1,0,2,1,7,1,3,0,0,0,24,1,0,0
0,0,10,851,1,2,2,0,6,4,10,3,1,2,4,0,0,0,3,0,1,0,1,1,0,2,0,0,0,12,2,0,0
1,1,14,993,3,1,1,0,2,8,14,0,2,3,8,0,0,0,0,0,0,0,0,2,0,1,0,0,0,13,2,0,0
0,0,9,973,5,1,1,0,2,6,9,1,1,4,6,0,0,0,0,0,0,0,0,1,0,1,0,0,0,14,2,0,0
0,0,14,1041,3,1,1,0,3,11,14,1,2,2,11,0,0,0,1,0,0,0,0,2,0,1,0,0,0,14,2,0,0
0,0,6,1123,2,1,1,0,1,3,6,0,1,2,3,0,0,0,0,0,0,0,0,1,0,0,0,0,0,9,4,0,0
0,0,12,1153,1,1,1,0,3,3,12,0,1,3,3,0,0,1,0,0,0,2,0,2,1,2,0,0,0,19,10,0,1
0,0,3,1113,1,0,0,0,1,0,3,0,0,1,0,0,0,0,0,0,0,0,0,1,0,0,0,0,0,9,1,0,1
0,0,6,379,2,0,0,0,1,4,6,0,1,1,4,0,0,0,0,0,0,0,0,1,0,0,0,0,0,7,4,0,0
0,0,11,879,3,2,1,1,3,6,11,3,2,1,6,1,1,0,1,0,0,0,0,2,0,2,0,0,0,10,2,0,0
0,0,7,911,3,3,2,1,2,7,7,0,1,2,7,1,1,0,1,0,0,0,0,2,0,1,0,0,0,11,2,0,0
0,0,49,199,7,4,0,4,8,31,49,1,4,0,31,4,6,1,1,1,0,6,0,12,0,4,0,0,0,62,4,0,0
0,0,6,173,3,0,0,0,2,1,6,0,0,2,1,0,0,0,0,0,1,0,0,1,0,1,0,0,0,6,1,0,0
0,0,73,433,4,8,1,7,16,32,73,0,10,0,32,7,3,1,3,0,0,5,2,22,1,5,0,0,0,43,2,0,0
0,0,37,719,2,2,1,1,12,17,37,1,2,0,17,1,1,3,3,0,0,3,2,3,1,4,0,0,0,23,2,0,0
0,0,13,935,4,2,2,0,2,11,13,1,2,2,11,0,0,0,0,0,0,0,0,2,0,1,0,0,0,14,2,0,0
0,0,9,401,1,2,1,1,5,3,9,2,0,0,3,1,2,1,3,0,1,0,1,0,0,2,0,0,0,15,2,0,0
0,0,11,357,2,0,0,0,1,7,11,1,2,0,7,0,0,0,0,0,0,0,0,2,0,0,0,0,0,8,1,0,0
0,0,9,335,2,0,0,0,1,4,9,1,2,0,4,0,0,0,0,0,0,0,0,2,0,0,0,0,0,8,1,0,0
2,1,54,133,8,0,0,0,11,29,55,1,7,0,29,0,0,0,4,4,1,1,0,17,0,5,0,0,0,31,4,0,0
0,0,3,319,1,0,0,0,1,0,3,1,0,0,0,0,0,0,0,0,0,0,0,0,0,0,0,0,0,3,1,0,0
0,0,6,107,3,0,0,0,2,1,6,0,0,2,1,0,0,0,0,0,1,0,0,1,0,1,0,0,0,6,1,0,0
0,0,10,373,2,0,0,0,1,4,10,1,2,0,4,0,0,0,0,0,0,0,0,2,0,0,0,0,0,8,1,0,0
0,0,3,103,2,0,0,0,1,0,3,0,0,2,0,0,0,0,0,0,0,0,0,0,0,0,0,0,0,5,1,0,0
0,0,9,351,2,0,0,0,1,4,9,1,2,0,4,0,0,0,0,0,0,0,0,2,0,0,0,0,0,8,1,0,0
0,0,16,293,3,0,0,0,4,16,16,0,1,1,16,0,0,0,0,0,1,0,0,1,0,2,0,0,0,11,4,0,0
5,1,50,121,8,0,0,0,10,28,54,1,7,0,28,0,0,0,4,4,1,1,0,16,0,5,0,0,0,30,4,0,0
0,0,16,109,3,1,0,1,3,13,16,0,2,2,13,1,1,0,0,1,0,0,0,2,0,2,0,0,0,14,9,0,0
0,0,8,959,4,0,0,0,2,4,8,0,1,3,4,0,0,0,1,0,0,0,0,1,0,1,0,0,0,9,9,0,0
0,0,21,683,5,1,0,1,4,12,21,1,3,2,12,1,3,1,1,1,0,1,2,3,0,2,0,0,0,20,9,0,0
0,0,5,335,2,0,0,0,1,3,5,0,1,1,3,0,0,0,0,0,0,1,0,1,0,0,0,0,0,7,9,0,0
0,0,7,619,3,1,1,0,1,6,7,1,1,2,6,0,0,0,0,0,0,0,0,1,0,0,0,0,0,9,9,0,0
0,0,8,897,3,0,0,0,2,4,8,0,1,3,4,0,0,0,1,0,0,0,0,1,0,1,0,0,0,10,9,0,0
0,0,7,271,2,0,0,0,2,4,7,0,1,2,4,0,0,0,1,0,0,0,0,1,0,1,0,0,0,8,9,0,0
0,0,7,939,3,0,0,0,2,4,7,0,1,2,4,0,0,0,1,0,0,0,0,1,0,1,0,0,0,8,9,0,0
0,0,8,533,3,0,0,0,1,7,8,1,1,4,7,0,0,0,0,0,0,1,0,1,0,0,0,0,0,10,9,0,0
0,0,5,981,3,0,0,0,1,3,5,0,1,2,3,0,0,0,0,0,0,0,0,1,0,0,0,0,0,7,9,0,0
1,1,6,227,3,0,0,0,1,5,6,1,2,2,5,0,0,0,0,0,0,0,0,2,0,0,0,0,0,9,9,0,0
0,0,7,469,2,0,0,0,1,5,7,1,1,2,5,0,0,0,0,0,0,0,0,1,0,0,0,0,0,7,9,0,0
0,0,7,919,3,0,0,0,2,4,7,0,1,2,4,0,0,0,1,0,0,0,0,1,0,1,0,0,0,8,9,0,0
0,0,8,249,3,0,0,0,2,3,8,0,2,2,3,0,0,0,1,0,0,0,0,2,0,1,0,0,0,11,9,0,0
0,0,8,595,2,2,1,1,2,3,8,0,0,2,3,1,1,0,0,1,0,0,0,0,0,1,0,0,0,13,9,0,0
0,0,8,847,3,0,0,0,2,5,8,0,1,2,5,0,0,0,1,0,0,0,0,1,0,1,0,0,0,10,9,0,0
0,0,20,741,4,1,0,1,4,13,20,1,3,2,13,1,2,1,1,1,0,1,2,3,0,2,0,0,0,18,9,0,0
0,0,3,427,2,2,1,1,1,2,3,0,0,2,2,1,1,0,0,0,0,0,0,0,0,0,0,0,0,6,9,0,0
0,0,13,637,2,1,0,1,3,7,13,0,0,2,7,1,1,0,0,1,0,0,0,0,0,2,0,0,0,10,9,0,0
0,0,12,437,2,2,2,0,2,9,12,0,1,2,9,0,0,0,0,1,0,0,0,1,0,1,0,0,0,11,9,0,0
0,0,13,555,2,2,1,1,3,6,13,0,0,2,6,1,2,0,0,1,0,0,0,0,0,2,0,0,0,11,9,0,0
0,0,16,367,5,0,0,0,3,7,16,0,3,1,7,0,0,1,0,0,0,4,1,4,0,2,0,0,0,27,9,0,1
0,0,11,813,2,0,0,0,2,7,11,0,1,2,7,0,0,0,0,1,0,1,0,1,0,1,0,0,0,19,9,0,1
0,0,16,179,4,3,2,1,3,13,16,0,2,3,13,1,0,0,0,1,0,0,0,2,0,2,0,0,0,24,9,0,1
0,0,13,297,4,0,0,0,2,6,13,2,3,2,6,0,0,0,0,0,0,1,2,3,0,1,0,0,0,15,9,0,0
0,0,8,869,3,0,0,0,2,5,8,0,1,2,5,0,0,0,1,0,0,0,0,1,0,1,0,0,0,9,9,0,0
0,0,16,489,3,0,0,0,2,10,16,2,1,5,10,0,0,0,0,1,0,1,0,1,0,1,0,0,0,15,9,0,0
0,0,6,79,2,0,0,0,1,5,6,0,1,1,5,0,0,0,0,0,0,0,0,1,0,0,0,0,0,20,1,0,1
8,0,6,117,1,0,0,0,3,2,6,0,0,3,2,0,0,0,2,0,0,0,0,0,0,1,0,0,0,20,4,0,0
0,0,4,137,0,0,0,0,1,2,4,0,0,0,2,0,0,0,0,0,0,0,0,0,0,0,0,0,0,17,1,0,0
0,0,5,99,3,0,0,0,2,2,5,0,0,1,2,0,0,0,0,0,0,0,0,0,0,1,0,0,0,6,9,0,0
0,0,2,807,1,0,0,0,1,0,2,0,0,1,0,0,0,0,0,0,0,0,0,0,0,0,0,0,0,5,1,0,0
0,0,8,767,1,1,0,1,2,2,8,0,0,4,2,0,0,0,0,0,0,0,0,0,0,1,0,0,0,11,1,0,0
0,0,5,331,3,2,0,2,1,4,5,0,2,1,4,0,0,0,0,0,0,0,0,2,0,0,0,0,0,13,1,0,0
0,0,4,427,2,2,0,2,1,3,4,0,0,1,3,0,0,0,0,0,1,0,0,0,0,0,0,0,0,8,1,0,0
0,0,9,983,3,1,0,1,1,7,9,0,1,2,7,0,0,0,0,0,0,0,0,1,0,0,0,0,0,12,1,0,0
0,0,4,699,1,0,0,0,1,2,4,0,0,1,2,0,0,0,0,0,0,0,0,0,0,0,0,0,0,10,1,0,0
0,0,2,793,0,0,0,0,1,0,2,0,0,4,0,0,0,0,0,0,0,0,0,0,0,0,0,0,0,6,1,0,0
0,0,3,1065,1,1,0,1,1,1,3,0,0,2,1,0,0,0,0,0,0,0,0,0,0,0,0,0,0,5,1,0,0
1,1,32,831,3,3,1,2,1,5,32,0,1,0,5,2,1,0,0,0,0,0,0,3,0,0,2,0,0,37,1,0,0
0,0,9,853,2,2,0,2,3,15,9,0,0,1,15,0,0,0,1,0,1,0,2,2,0,0,0,0,0,30,1,0,0
0,0,7,897,2,2,0,2,1,3,7,0,0,1,3,0,0,0,0,0,0,0,0,1,0,0,0,0,0,10,1,0,0
0,0,3,1051,2,1,0,1,1,1,3,0,0,2,1,0,0,0,0,0,0,0,0,0,0,0,0,0,0,7,1,0,0
0,0,3,1025,1,1,0,1,1,1,3,0,0,2,1,0,0,0,0,0,0,0,0,0,0,0,0,0,0,5,1,0,0
0,0,5,305,3,2,0,2,1,3,5,0,2,1,3,0,0,0,0,0,0,0,0,2,0,0,0,0,0,15,1,0,0
0,0,4,1209,0,0,0,0,1,3,4,0,0,0,3,0,0,0,0,0,0,0,0,0,0,0,0,0,0,4,1,0,0
0,0,46,561,2,2,2,0,14,8,46,5,4,0,8,0,0,0,6,1,1,3,6,19,0,1,0,0,0,29,2,0,0
0,0,4,1193,1,0,0,0,1,4,4,0,1,0,4,0,0,0,0,0,0,0,0,1,0,0,0,0,0,9,1,0,0
3,3,71,351,6,3,3,0,6,20,71,1,5,1,20,0,0,0,4,1,0,3,1,11,2,1,2,0,0,39,2,0,0
0,0,7,211,2,1,0,1,1,2,7,1,2,1,2,0,0,0,0,0,0,0,0,2,0,0,0,0,0,11,9,0,0
0,0,18,231,5,3,0,3,4,9,18,2,0,3,9,3,2,0,2,0,0,0,0,3,0,1,0,0,0,35,1,0,0
0,0,11,1229,2,0,0,0,2,4,11,0,1,1,4,0,0,0,1,0,0,0,0,2,2,1,0,0,0,6,1,0,0
3,3,53,923,4,0,0,0,5,20,53,0,6,0,20,0,0,0,2,0,0,4,2,7,1,2,4,0,0,32,1,0,0
0,0,24,281,4,1,1,0,1,7,24,0,2,1,7,0,0,0,0,0,0,1,0,4,1,0,2,0,0,24,2,0,0
16,3,19,1089,6,1,1,0,6,27,32,0,5,0,27,0,0,0,3,0,2,0,4,5,0,2,0,0,0,19,2,0,0
0,0,8,735,2,1,1,0,2,2,8,0,3,0,2,0,0,1,0,0,0,0,1,4,0,1,0,0,0,10,2,0,0
0,0,2,203,0,1,1,0,1,0,2,0,0,0,0,0,0,0,0,0,0,0,0,0,0,0,0,0,0,3,1,0,0
0,0,8,499,1,0,0,0,7,5,8,0,0,2,5,0,0,0,2,0,2,4,0,0,0,1,0,0,0,7,1,0,0
0,0,8,713,0,0,0,0,2,8,8,0,0,0,8,0,0,0,0,0,0,1,0,0,1,1,0,0,0,4,1,0,0
0,0,4,181,3,2,1,1,1,1,4,0,0,1,1,0,0,0,0,0,0,0,0,0,0,0,0,0,0,8,2,0,0
0,0,3,515,2,1,0,1,1,0,3,1,0,0,0,0,0,0,0,0,0,0,0,0,0,0,0,0,0,5,4,0,0
0,0,156,535,11,4,0,4,50,37,156,9,17,2,37,0,0,7,10,4,8,5,4,25,3,4,0,0,0,58,1,0,0
1,1,9,1219,2,1,1,0,3,7,9,2,2,2,7,0,0,0,2,0,1,3,1,2,1,1,0,0,0,18,1,0,0
0,0,9,153,4,2,1,1,2,3,9,1,0,1,3,0,0,0,1,0,0,1,0,1,0,2,0,0,0,10,9,0,0
0,0,8,1189,3,2,2,0,2,3,8,1,1,1,3,0,0,0,1,0,0,0,0,1,0,1,0,0,0,13,1,0,0
0,0,5,467,1,0,0,0,1,3,5,0,1,1,3,0,0,0,0,0,0,1,0,1,1,0,0,0,0,8,1,0,0
0,0,24,1123,4,1,1,0,2,11,24,1,1,6,11,0,0,0,1,0,0,2,2,1,0,1,0,0,0,7,9,0,0
0,0,3,1313,1,2,2,0,1,3,3,1,0,1,3,0,0,0,0,0,2,0,0,0,0,0,0,0,0,7,1,0,0
0,0,3,353,2,1,0,1,1,1,3,0,0,1,1,1,3,0,0,0,0,0,0,0,0,0,0,0,0,2,1,0,0
0,0,3,1179,1,1,1,0,1,1,3,1,0,1,1,0,0,0,0,0,0,1,0,0,1,0,0,0,0,3,9,0,0
0,0,6,401,2,0,0,0,1,3,6,0,1,3,3,0,0,0,0,0,0,0,0,1,0,0,0,0,0,7,1,0,0
0,0,5,1205,3,0,0,0,1,3,5,0,1,1,3,0,0,0,0,0,0,0,0,1,0,0,0,0,0,13,1,0,0
0,0,4,417,2,1,1,0,1,2,4,0,1,1,2,0,0,0,0,0,0,0,0,1,0,0,0,0,0,17,1,0,0
0,0,12,1277,3,0,0,0,4,9,12,2,2,2,9,0,0,0,2,0,0,4,1,3,2,1,0,0,0,17,1,0,0
0,0,11,487,1,0,0,0,1,1,11,1,1,0,1,0,0,0,0,0,0,0,0,1,0,0,0,0,0,4,4,0,0
0,0,3,1111,5,1,0,1,1,1,3,1,0,5,1,1,1,0,0,0,0,1,0,0,0,0,0,0,0,5,9,0,0
0,0,5,429,2,0,0,0,1,3,5,0,1,2,3,0,0,0,0,0,0,1,0,1,1,0,0,0,0,8,1,0,0
0,0,47,223,9,4,2,2,9,19,47,0,7,1,19,2,2,2,2,0,2,4,1,14,4,3,0,0,0,26,1,0,0
0,0,8,1359,3,2,0,2,3,5,8,0,3,1,5,2,1,0,0,0,1,0,1,3,1,1,0,0,0,25,1,0,1
0,0,4,443,2,0,0,0,1,2,4,0,1,1,2,0,0,0,0,0,0,0,0,1,0,0,0,0,0,6,1,0,0
0,0,6,1337,3,0,0,0,1,5,6,0,2,1,5,0,0,0,0,0,0,0,0,2,0,0,0,0,0,15,9,0,1
0,0,27,1025,5,1,0,1,6,8,27,1,5,2,8,0,0,1,2,1,0,1,2,7,1,3,0,0,0,15,1,0,0
0,0,9,199,3,2,1,1,2,7,9,0,1,1,7,1,1,1,0,0,0,0,0,1,0,1,0,0,0,14,1,0,0
0,0,3,369,3,1,1,0,1,1,3,1,0,1,1,0,0,0,0,0,1,0,0,0,0,0,0,0,0,9,10,0,0
1,1,6,1249,3,1,0,1,2,3,6,2,0,2,3,1,1,0,0,0,0,0,0,0,0,1,0,0,0,5,1,0,0
2,2,9,1261,4,0,0,0,3,4,9,3,0,2,4,0,0,0,0,0,0,0,0,0,0,1,0,0,0,10,1,0,0
0,0,4,455,2,0,0,0,1,2,4,0,1,1,2,0,0,0,0,0,0,0,0,1,0,0,0,0,0,6,1,0,0
0,0,6,227,3,0,0,0,1,5,6,1,2,2,5,0,0,0,0,0,0,0,0,2,0,0,0,0,0,9,9,0,0
0,0,7,469,2,0,0,0,1,5,7,1,1,2,5,0,0,0,0,0,0,0,0,1,0,0,0,0,0,7,9,0,0
0,0,7,919,3,0,0,0,2,4,7,0,1,2,4,0,0,0,1,0,0,0,0,1,0,1,0,0,0,8,9,0,0
0,0,8,249,3,0,0,0,2,3,8,0,2,2,3,0,0,0,1,0,0,0,0,2,0,1,0,0,0,11,9,0,0
0,0,8,869,3,0,0,0,2,5,8,0,1,2,5,0,0,0,1,0,0,0,0,1,0,1,0,0,0,9,9,0,0
0,0,20,741,4,1,0,1,4,13,20,1,3,2,13,1,2,1,1,1,0,1,2,3,0,2,0,0,0,18,9,0,0
0,0,3,427,2,2,1,1,1,2,3,0,0,2,2,1,1,0,0,0,0,0,0,0,0,0,0,0,0,6,9,0,0
0,0,13,637,2,1,0,1,3,7,13,0,0,2,7,1,1,0,0,1,0,0,0,0,0,2,0,0,0,10,9,0,0
0,0,12,437,2,2,2,0,2,9,12,0,1,2,9,0,0,0,0,1,0,0,0,1,0,1,0,0,0,11,9,0,0
0,0,5,981,3,0,0,0,1,3,5,0,1,2,3,0,0,0,0,0,0,0,0,1,0,0,0,0,0,7,9,0,0
0,0,8,847,3,0,0,0,2,5,8,0,1,2,5,0,0,0,1,0,0,0,0,1,0,1,0,0,0,10,9,0,0
0,0,8,533,3,0,0,0,1,7,8,1,1,4,7,0,0,0,0,0,0,1,0,1,0,0,0,0,0,10,9,0,0
0,0,8,959,4,0,0,0,2,4,8,0,1,3,4,0,0,0,1,0,0,0,0,1,0,1,0,0,0,9,9,0,0
0,0,7,271,2,0,0,0,2,4,7,0,1,2,4,0,0,0,1,0,0,0,0,1,0,1,0,0,0,8,9,0,0
0,0,8,897,3,0,0,0,2,4,8,0,1,3,4,0,0,0,1,0,0,0,0,1,0,1,0,0,0,10,9,0,0
0,0,7,619,3,1,1,0,1,6,7,1,1,2,6,0,0,0,0,0,0,0,0,1,0,0,0,0,0,9,9,0,0
0,0,5,335,2,0,0,0,1,3,5,0,1,1,3,0,0,0,0,0,0,1,0,1,0,0,0,0,0,7,9,0,0
0,0,11,813,2,0,0,0,2,7,11,0,1,2,7,0,0,0,0,1,0,1,0,1,0,1,0,0,0,19,9,0,1
0,0,16,179,4,3,2,1,3,13,16,0,2,3,13,1,0,0,0,1,0,0,0,2,0,2,0,0,0,24,9,0,1
0,0,16,109,3,1,0,1,3,13,16,0,2,2,13,1,1,0,0,1,0,0,0,2,0,2,0,0,0,14,9,0,0
0,0,13,297,4,0,0,0,2,6,13,2,3,2,6,0,0,0,0,0,0,1,2,3,0,1,0,0,0,15,9,0,0
0,0,16,489,3,0,0,0,2,10,16,2,1,5,10,0,0,0,0,1,0,1,0,1,0,1,0,0,0,15,9,0,0
0,0,8,595,2,2,1,1,2,3,8,0,0,2,3,1,1,0,0,1,0,0,0,0,0,1,0,0,0,13,9,0,0
0,0,21,683,5,1,0,1,4,12,21,1,3,2,12,1,3,1,1,1,0,1,2,3,0,2,0,0,0,20,9,0,0
1,1,13,555,2,2,1,1,3,6,13,0,0,2,6,1,2,0,0,1,0,0,0,0,0,2,0,0,0,11,9,0,0
0,0,7,939,3,0,0,0,2,4,7,0,1,2,4,0,0,0,1,0,0,0,0,1,0,1,0,0,0,8,9,0,0
0,0,16,367,5,0,0,0,3,7,16,0,3,1,7,0,0,1,0,0,0,4,1,4,0,2,0,0,0,27,9,0,1
0,0,7,311,1,3,3,0,3,3,7,2,1,1,3,0,0,0,1,0,0,0,0,1,0,1,0,0,0,9,1,0,0
0,0,3,325,2,3,2,1,1,1,3,1,0,1,1,1,3,0,0,0,0,0,0,0,0,0,0,0,0,6,1,0,0
0,0,18,1197,3,2,0,2,10,8,18,0,1,0,8,0,0,0,8,0,2,0,0,3,0,3,0,0,0,15,1,0,0
0,0,16,269,2,1,1,0,6,10,16,1,2,2,10,0,0,0,3,1,0,0,1,2,0,2,0,0,0,16,1,0,0
0,1,14,1297,3,2,1,1,4,3,13,2,2,2,3,1,1,0,2,0,0,0,0,2,0,2,0,0,0,16,9,0,0
0,0,11,591,1,2,2,0,4,1,11,1,5,3,1,0,0,0,0,0,0,0,1,6,2,1,0,0,0,11,9,0,0
0,0,22,793,3,2,2,0,3,4,22,3,2,2,4,0,0,0,1,1,0,0,0,7,0,1,0,0,0,14,9,0,0
0,0,10,1335,4,3,2,1,3,2,10,2,2,1,2,0,0,0,1,0,0,0,0,2,0,2,0,0,0,11,10,0,0
0,0,3,1285,1,1,1,0,1,1,3,1,0,0,1,0,0,0,0,0,0,0,0,0,0,0,0,0,0,5,1,0,0
0,0,4,1273,3,1,1,0,1,0,4,0,0,3,0,0,0,0,0,0,0,0,0,1,0,0,0,0,0,8,1,0,0
7,0,3,877,3,0,0,0,1,0,3,0,0,5,0,0,0,0,0,0,0,0,0,0,0,0,0,0,0,4,1,0,0
0,0,69,951,8,7,0,7,24,17,69,4,4,0,17,1,1,0,15,3,3,1,0,14,1,5,0,0,0,41,1,0,0
7,0,5,889,3,1,1,0,3,0,12,0,0,6,0,0,0,0,2,0,0,0,0,6,0,1,0,0,0,20,1,0,0
0,0,9,927,0,1,1,0,3,0,9,3,0,0,0,0,0,0,2,0,0,0,0,0,0,1,0,0,0,6,2,0,0
0,0,3,505,2,1,0,1,1,1,3,0,0,3,1,1,3,0,0,0,0,0,0,0,0,0,0,0,0,5,1,0,0
0,0,22,335,3,4,2,2,6,8,22,4,2,2,8,2,2,0,3,1,0,0,1,3,0,3,0,0,0,18,1,0,0
0,0,23,173,5,0,0,0,2,10,23,0,3,2,10,0,0,0,0,1,2,0,7,9,2,1,1,0,0,26,1,0,0
1,1,3,475,2,1,0,1,1,1,3,0,0,3,1,1,3,0,0,0,0,0,0,0,0,0,0,0,0,4,1,0,0
0,0,3,495,3,1,0,1,1,2,3,0,0,4,2,1,3,0,0,0,0,0,0,0,0,0,0,0,0,5,1,0,0
0,0,21,391,1,3,0,3,5,7,21,1,3,1,7,3,4,0,3,1,0,0,0,3,0,2,0,0,0,18,1,0,0
0,0,3,1143,1,1,1,0,1,1,3,1,0,2,1,0,0,0,0,0,0,0,0,0,0,0,0,0,0,9,9,0,0
1,1,3,485,2,1,0,1,1,1,3,0,0,3,1,1,3,0,0,0,0,0,0,0,0,0,0,0,0,6,1,0,0
1,1,26,515,5,10,5,5,8,10,26,0,5,5,10,3,2,0,6,0,0,1,0,6,1,2,0,0,0,25,2,0,0
0,0,3,441,0,1,1,0,1,0,3,1,0,1,0,0,0,0,0,0,0,1,0,0,1,0,0,0,0,5,2,0,0
0,0,31,711,5,3,1,2,2,10,31,1,6,4,10,2,1,0,0,1,0,3,2,16,1,1,0,0,0,30,9,0,0
0,0,9,247,2,2,1,1,4,3,9,1,1,2,3,1,1,0,3,0,0,0,0,1,0,1,0,0,0,13,1,0,0
0,0,8,1369,3,2,2,0,1,6,8,0,1,2,6,0,0,0,0,0,0,0,0,3,0,0,0,0,0,6,2,0,0
0,0,29,629,3,1,0,1,2,6,29,1,5,3,6,1,1,0,0,1,0,0,0,15,0,1,0,0,0,23,9,0,0
1,1,3,465,3,1,0,1,1,2,3,0,0,3,2,1,3,0,0,0,0,0,0,0,0,0,0,0,0,15,1,0,1
0,0,7,1179,3,1,1,0,1,1,7,0,0,4,1,0,0,0,0,0,0,0,0,5,0,0,0,0,0,12,1,0,0
0,0,3,209,1,0,0,0,1,2,3,1,0,2,2,0,0,0,0,0,0,0,0,0,1,0,0,0,0,3,4,0,0
0,0,2,297,3,0,0,0,1,0,2,0,0,1,0,0,0,0,0,0,0,0,0,0,0,0,0,0,0,4,1,0,0
0,0,9,137,4,1,0,1,1,4,9,1,3,1,4,0,0,0,0,0,0,0,1,3,0,0,0,0,0,14,9,0,0
0,0,7,167,2,0,0,0,1,6,7,0,0,1,6,0,0,0,0,0,0,0,0,2,0,0,0,0,0,24,1,0,0
1,1,24,315,4,0,0,0,5,16,24,0,2,4,16,0,0,0,0,0,1,0,1,3,0,2,0,0,0,17,1,0,0
0,0,5,123,0,1,1,0,1,0,5,0,0,0,0,0,0,0,0,0,0,0,0,3,0,0,0,0,0,9,1,0,0
0,0,4,189,0,0,0,0,1,6,4,0,0,0,6,0,0,0,0,0,0,0,0,0,0,0,0,0,0,5,1,0,0
0,0,17,209,7,0,0,0,4,8,17,1,3,2,8,0,0,0,2,0,1,0,0,8,0,1,0,0,0,43,1,0,0
0,0,11,263,5,0,0,0,3,5,11,0,0,2,5,0,0,0,1,0,0,0,1,1,0,1,0,0,0,15,1,0,0
0,0,3,199,0,0,0,0,1,0,3,1,0,0,0,0,0,0,0,0,0,0,0,0,0,0,0,0,0,3,1,0,0
0,0,3,357,0,0,0,0,1,0,3,1,0,0,0,0,0,0,0,0,0,0,0,0,0,0,0,0,0,3,1,0,0
0,0,5,113,1,0,0,0,1,1,5,0,0,5,1,0,0,0,0,0,0,0,0,0,0,0,0,0,0,7,1,0,0
0,0,6,127,1,1,0,1,2,1,6,2,0,0,1,1,2,0,1,0,0,0,1,0,0,1,0,0,0,14,1,0,0
0,0,3,345,0,0,0,0,1,0,3,1,0,0,0,0,0,0,0,0,0,0,0,0,0,0,0,0,0,4,1,0,0
0,0,3,369,0,0,0,0,1,0,3,1,0,0,0,0,0,0,0,0,0,0,0,0,0,0,0,0,0,3,1,0,0
0,0,3,383,1,0,0,0,1,0,3,1,0,1,0,0,0,0,0,0,0,0,0,0,0,0,0,0,0,7,1,0,0
0,0,3,393,1,0,0,0,1,0,3,1,0,1,0,0,0,0,0,0,0,0,0,0,0,0,0,0,0,3,1,0,0
0,0,3,333,0,0,0,0,1,0,3,1,0,0,0,0,0,0,0,0,0,0,0,0,0,0,0,0,0,3,1,0,0
0,0,3,187,0,0,0,0,1,0,3,1,0,0,0,0,0,0,0,0,0,0,0,0,0,0,0,0,0,3,1,0,0
0,0,3,259,0,0,0,0,1,0,3,1,0,0,0,0,0,0,0,0,0,0,0,0,0,0,0,0,0,6,1,0,0
0,0,4,137,2,0,0,0,1,1,4,1,0,1,1,0,0,0,0,0,0,0,0,0,0,0,0,0,0,8,1,0,0
0,0,3,235,0,0,0,0,1,0,3,1,0,0,0,0,0,0,0,0,0,0,0,0,0,0,0,0,0,6,1,0,0
0,0,3,163,1,1,0,1,1,1,3,1,0,0,1,1,2,0,0,0,0,0,0,0,0,0,0,0,0,8,1,0,0
0,0,3,283,1,0,0,0,1,0,3,1,0,0,0,0,0,0,0,0,0,0,0,0,0,0,0,0,0,3,1,0,0
0,0,3,321,0,0,0,0,1,0,3,1,0,1,0,0,0,0,0,0,0,0,0,0,0,0,0,0,0,5,1,0,0
0,0,3,407,0,0,0,0,1,0,3,1,0,0,0,0,0,0,0,0,0,0,1,0,0,0,0,0,0,2,1,0,0
0,0,4,429,2,0,0,0,1,3,4,0,0,1,3,0,0,0,0,0,0,0,0,1,0,0,0,0,0,5,1,0,0
0,0,3,175,1,1,0,1,1,1,3,1,0,0,1,1,2,0,0,0,0,0,0,0,0,0,0,0,0,8,1,0,0
0,0,3,211,0,0,0,0,1,0,3,1,0,0,0,0,0,0,0,0,0,0,0,0,0,0,0,0,0,3,1,0,0
0,0,7,95,2,0,0,0,1,1,7,0,0,3,1,0,0,0,0,0,0,0,1,1,0,0,0,0,0,9,1,0,0
0,0,6,149,1,1,0,1,2,1,6,2,0,0,1,1,2,0,1,0,0,0,1,0,0,1,0,0,0,12,1,0,0
0,0,3,223,0,0,0,0,1,0,3,1,0,0,0,0,0,0,0,0,0,0,0,0,0,0,0,0,0,4,1,0,0
0,0,3,309,1,1,1,0,2,1,3,1,0,1,1,0,0,0,1,0,1,0,0,0,0,0,0,0,0,6,2,0,0
0,0,3,247,0,0,0,0,1,0,3,1,0,0,0,0,0,0,0,0,0,0,0,0,0,0,0,0,0,4,1,0,0
0,0,3,419,1,0,0,0,1,1,3,0,0,2,1,0,0,0,0,0,0,0,0,0,0,0,0,0,0,5,1,0,0
0,0,6,297,2,5,4,1,2,2,6,2,0,1,2,1,1,0,1,0,0,1,0,0,0,1,0,0,0,7,1,0,0
0,0,3,271,1,0,0,0,1,0,3,1,0,1,0,0,0,0,0,0,0,0,0,0,0,0,0,0,0,4,1,0,0
28,0,19,119,2,0,0,0,4,10,19,1,2,0,10,0,0,0,1,1,0,1,0,5,0,3,0,0,0,12,4,0,0
9,0,8,183,2,0,0,0,1,3,8,1,2,0,3,0,0,0,0,0,0,0,0,2,0,0,0,0,0,8,1,0,0
8,0,6,93,3,0,0,0,2,1,6,0,0,2,1,0,0,0,0,0,1,0,0,1,0,1,0,0,0,6,1,0,0
10,0,9,203,2,0,0,0,1,3,9,1,2,0,3,0,0,0,0,0,0,0,0,2,0,0,0,0,0,8,1,0,0
9,0,8,217,2,0,0,0,1,3,8,1,2,0,3,0,0,0,0,0,0,0,0,2,0,0,0,0,0,8,1,0,0
10,0,8,107,3,0,0,0,2,3,8,0,0,2,3,0,0,0,0,0,3,0,0,3,0,1,0,0,0,6,1,0,0
36,0,24,137,2,0,0,0,8,12,24,1,1,0,12,0,0,0,4,1,0,0,0,6,0,2,0,0,0,14,4,0,0
10,0,9,237,2,0,0,0,1,3,9,1,2,0,3,0,0,0,0,0,0,0,0,2,0,0,0,0,0,8,1,0,0
0,0,116,1819,17,2,0,2,36,38,116,28,7,1,38,2,2,0,6,0,20,0,0,9,0,2,0,0,0,46,1,0,0
0,0,3,833,0,0,0,0,1,1,3,0,0,0,1,0,0,0,0,0,0,0,0,0,0,0,0,0,0,4,1,0,0
0,0,10,1507,3,2,2,0,2,5,10,0,2,0,5,0,0,0,0,0,0,0,0,2,0,1,0,0,0,7,1,0,0
0,0,11,1101,2,1,1,0,6,9,11,1,0,0,9,0,0,0,3,0,1,0,0,0,0,1,0,0,0,15,2,0,0
0,0,6,1593,3,0,0,0,2,3,6,0,1,0,3,0,0,0,0,0,0,0,0,1,0,1,0,0,0,8,1,0,0
0,0,3,1079,0,1,1,0,1,0,3,0,0,1,0,0,0,0,0,0,0,0,0,1,0,0,0,0,0,5,1,0,0
0,0,3,743,0,1,1,0,1,1,3,0,0,0,1,0,0,0,0,0,0,0,0,0,0,0,0,0,0,3,2,0,0
0,0,139,2335,12,4,0,4,39,63,139,17,9,2,63,0,0,0,8,0,6,0,3,15,0,3,0,0,0,65,1,0,0
0,0,16,769,3,3,1,2,5,7,16,1,2,0,7,2,1,0,3,0,0,0,0,2,0,2,0,0,0,15,1,0,0
0,0,45,1681,9,1,0,1,16,6,45,10,0,1,6,1,1,0,0,0,7,0,0,0,0,1,0,0,0,21,1,0,0
0,0,4,721,1,0,0,0,1,3,4,0,0,1,3,0,0,0,0,0,0,0,0,0,0,0,0,0,0,6,4,0,0
0,0,11,1393,3,1,0,1,4,9,11,0,2,2,9,1,1,0,1,0,1,0,0,2,0,1,0,0,0,15,1,0,0
0,0,9,1483,1,0,0,0,3,6,9,0,2,1,6,0,0,0,0,0,0,0,0,2,0,1,0,0,0,11,1,0,0
0,0,4,1269,1,0,0,0,1,3,4,0,1,1,3,0,0,0,0,0,0,0,0,1,0,0,0,0,0,9,1,0,0
0,0,5,1567,3,2,1,1,1,3,5,0,1,0,3,1,1,0,0,0,0,0,0,1,0,0,0,0,0,7,1,0,0
0,0,17,807,2,5,4,1,2,9,17,0,1,0,9,0,0,0,0,0,0,0,1,1,0,1,1,0,0,17,2,0,0
0,0,3,2273,1,0,0,0,1,0,3,0,0,1,0,0,0,0,0,0,0,0,0,1,0,0,0,0,0,4,1,0,0
0,0,4,1061,2,1,0,1,1,3,4,0,0,1,3,1,2,0,0,0,0,0,0,0,0,0,0,0,0,8,1,0,0
0,0,10,1281,4,2,1,1,2,9,10,0,1,3,9,1,1,0,0,0,0,0,0,1,0,1,0,0,0,12,1,0,0
0,0,26,1131,1,1,1,0,6,7,26,5,1,1,7,0,0,0,2,0,0,0,0,2,0,2,0,0,0,21,2,0,0
0,4,83,885,5,8,2,6,21,22,79,5,4,1,22,6,1,0,3,0,0,0,0,8,0,2,0,0,0,38,2,0,0
0,0,9,1435,3,0,0,0,2,10,9,0,1,1,10,0,0,0,0,0,1,0,0,1,0,1,0,0,0,14,1,0,0
0,0,7,1653,0,9,9,0,2,6,7,0,0,0,6,0,0,0,0,0,0,0,0,0,0,1,0,0,0,7,2,0,0
0,0,11,1619,0,3,3,0,4,8,11,0,0,0,8,0,0,0,0,0,0,0,0,0,0,1,0,0,0,6,1,0,0
0,0,38,589,7,2,0,2,15,26,38,4,3,1,26,2,1,0,2,1,1,1,0,3,0,3,0,0,0,29,4,0,0
0,0,5,1199,2,2,0,2,1,3,5,0,0,1,3,2,1,0,0,0,0,0,0,0,0,0,0,0,0,9,1,0,0
0,0,3,2311,0,0,0,0,1,0,3,1,0,0,0,0,0,0,0,0,0,0,0,0,0,0,0,0,0,5,1,0,0
0,0,5,487,1,2,0,2,1,3,5,0,0,0,3,2,1,0,0,0,0,0,0,0,0,0,0,0,0,6,1,0,0
0,0,11,1537,3,1,1,0,2,7,11,0,2,0,7,0,0,0,0,0,0,0,0,2,0,1,0,0,0,9,1,0,0
0,0,4,1241,1,1,1,0,1,3,4,0,1,0,3,0,0,0,0,0,0,0,0,1,0,0,0,0,0,7,1,0,0
0,0,21,435,2,1,0,1,1,10,21,0,1,0,10,0,0,0,0,0,0,0,0,2,0,0,0,0,0,18,4,0,0
0,0,5,1337,1,0,0,0,1,5,5,0,1,2,5,0,0,0,0,0,0,0,0,1,0,0,0,0,0,8,1,0,0
0,0,38,299,4,3,0,3,8,32,38,0,3,1,32,3,2,0,3,0,0,0,0,11,0,2,0,0,0,50,1,0,0
0,0,3,2263,1,0,0,0,1,0,3,1,0,0,0,0,0,0,0,0,0,0,0,0,0,0,0,0,0,4,1,0,0
0,0,3,857,0,2,2,0,2,2,3,1,0,0,2,0,0,0,1,0,0,0,0,0,0,0,0,0,0,8,2,0,0
0,0,4,1423,2,2,0,2,2,3,4,0,1,1,3,2,2,0,0,0,0,0,0,1,0,0,0,0,0,9,1,0,0
0,0,7,867,1,1,1,0,1,7,7,0,1,0,7,0,0,0,0,0,0,0,0,1,0,0,0,0,0,14,2,0,0
0,0,4,1255,1,0,0,0,1,3,4,0,1,1,3,0,0,0,0,0,0,0,0,1,0,0,0,0,0,8,1,0,0
0,0,4,1581,2,2,2,0,1,2,4,0,1,0,2,0,0,0,0,0,0,0,0,1,0,0,0,0,0,4,1,0,0
0,0,49,2101,8,2,0,2,12,17,49,0,2,0,17,2,1,0,1,0,3,0,0,8,0,3,0,0,0,29,1,0,0
0,0,11,1309,2,1,0,1,3,9,11,0,2,1,9,1,1,0,0,0,0,0,0,2,0,1,0,0,0,14,1,0,0
0,0,5,1227,2,2,0,2,1,3,5,0,0,1,3,2,1,0,0,0,0,0,0,0,0,0,0,0,0,9,1,0,0
0,0,3,753,0,1,1,0,1,1,3,0,0,0,1,0,0,0,0,0,0,0,0,0,0,0,0,0,0,3,2,0,0
0,0,5,1213,1,2,0,2,1,3,5,0,0,1,3,2,1,0,0,0,0,0,0,0,0,0,0,0,0,8,1,0,0
0,0,4,1089,0,1,1,0,1,0,4,0,0,1,0,0,0,0,0,0,0,0,0,2,0,0,0,0,0,15,1,0,0
0,0,9,2285,2,1,1,0,3,3,9,1,0,0,3,0,0,0,2,0,2,0,0,2,0,2,0,0,0,9,1,0,0
0,0,7,503,0,0,0,0,2,2,7,0,0,0,2,0,0,0,0,0,0,0,0,0,0,1,0,0,0,5,4,0,0
0,0,4,1379,2,0,0,0,1,3,4,0,1,1,3,0,0,0,0,0,0,0,0,1,0,0,0,0,0,7,1,0,0
0,0,11,1351,2,1,0,1,3,9,11,0,2,1,9,1,1,0,0,0,0,0,0,2,0,1,0,0,0,15,1,0,0
0,0,9,2815,1,1,1,0,4,4,9,3,0,1,4,0,0,0,2,0,1,0,0,0,0,1,0,0,0,10,2,0,0
0,0,19,525,1,0,0,0,7,9,19,0,1,3,9,0,0,0,5,0,0,1,0,2,0,2,0,0,0,30,4,0,0
0,0,9,1459,3,0,0,0,2,10,9,0,1,1,10,0,0,0,0,0,1,0,0,1,0,1,0,0,0,14,1,0,0
0,0,3,333,2,3,2,1,1,1,3,1,0,1,1,1,3,0,0,0,0,0,0,0,0,0,0,0,0,6,1,0,0
0,0,7,319,1,3,3,0,3,3,7,2,1,1,3,0,0,0,1,0,0,0,0,1,0,1,0,0,0,9,1,0,0
0,0,10,1425,4,3,2,1,3,2,10,2,2,1,2,0,0,0,1,0,0,0,0,2,0,2,0,0,0,11,10,0,0
0,0,11,629,1,2,2,0,4,1,11,1,5,3,1,0,0,0,0,0,0,0,1,6,2,1,0,0,0,11,9,0,0
9,1,3,483,4,1,0,1,1,2,3,0,0,4,2,1,3,0,0,0,0,0,0,0,0,0,0,0,0,5,1,0,0
0,0,3,449,0,1,1,0,1,0,3,1,0,1,0,0,0,0,0,0,0,1,0,0,1,0,0,0,0,5,2,0,0
0,0,31,749,5,3,1,2,2,10,31,1,6,4,10,2,1,0,0,1,0,3,2,16,1,1,0,0,0,30,9,0,0
0,0,21,399,1,3,0,3,5,7,21,1,3,1,7,3,4,0,3,1,0,0,0,3,0,2,0,0,0,18,1,0,0
0,0,78,1007,8,7,0,7,26,20,78,4,4,0,20,1,1,0,16,4,3,1,0,17,1,5,0,0,0,42,1,0,0
4,1,4,1263,3,1,1,0,1,1,7,0,0,4,1,0,0,0,0,0,0,0,0,5,0,0,0,0,0,12,1,0,0
0,0,3,217,1,0,0,0,1,2,3,1,0,2,2,0,0,0,0,0,0,0,0,0,1,0,0,0,0,3,4,0,0
0,0,3,1375,1,1,1,0,1,1,3,1,0,0,1,0,0,0,0,0,0,0,0,0,0,0,0,0,0,5,1,0,0
0,0,4,1363,3,1,1,0,1,0,4,0,0,3,0,0,0,0,0,0,0,0,0,1,0,0,0,0,0,8,1,0,0
4,0,12,935,4,1,1,0,4,0,16,0,0,7,0,0,0,0,3,0,0,0,0,8,0,1,0,0,0,26,1,0,0
4,0,4,923,3,0,0,0,1,0,3,0,0,5,0,0,0,0,0,0,0,0,0,0,0,0,0,0,0,4,1,0,0
0,0,3,1215,1,1,1,0,1,0,3,1,0,0,0,0,0,0,0,0,0,0,0,0,0,0,0,0,0,4,1,0,0
0,0,9,983,0,1,1,0,3,0,9,3,0,0,0,0,0,0,2,0,0,0,0,0,0,1,0,0,0,6,2,0,0
0,0,22,1281,3,3,0,3,11,12,22,0,1,0,12,0,0,0,9,0,2,0,0,3,0,3,0,0,0,15,1,0,0
0,0,16,277,2,1,1,0,6,10,16,1,2,2,10,0,0,0,3,1,0,0,1,2,0,2,0,0,0,16,1,0,0
0,0,23,181,5,0,0,0,2,10,23,0,3,2,10,0,0,0,0,1,2,0,7,9,2,1,1,0,0,26,1,0,0
9,1,3,503,2,1,0,1,1,1,3,0,0,3,1,1,4,0,0,0,0,0,0,0,0,0,0,0,0,6,1,0,0
0,0,8,1459,3,2,2,0,1,6,8,0,1,2,6,0,0,0,0,0,0,0,0,3,0,0,0,0,0,6,2,0,0
0,0,22,831,3,2,2,0,3,4,22,3,2,2,4,0,0,0,1,1,0,0,0,7,0,1,0,0,0,14,9,0,0
9,1,18,553,6,8,3,5,8,10,26,0,5,6,10,3,2,0,6,0,0,1,0,6,1,2,0,0,0,27,2,0,0
9,1,3,493,2,1,0,1,1,1,3,0,0,3,1,1,4,0,0,0,0,0,0,0,0,0,0,0,0,4,1,0,0
0,0,29,667,3,1,0,1,2,6,29,1,5,3,6,1,1,0,0,1,0,0,0,15,0,1,0,0,0,23,9,0,0
9,1,3,543,2,6,5,1,1,1,3,0,0,5,1,1,3,0,0,0,0,0,0,0,0,0,0,0,0,4,2,0,0
0,0,3,1227,1,1,1,0,1,1,3,1,0,2,1,0,0,0,0,0,0,0,0,0,0,0,0,0,0,9,9,0,0
1,1,3,513,2,1,0,1,1,1,3,0,0,3,1,1,3,0,0,0,0,0,0,0,0,0,0,0,0,6,1,0,0
0,0,22,343,3,4,2,2,6,8,22,4,2,2,8,2,2,0,3,1,0,0,1,3,0,3,0,0,0,18,1,0,0
9,1,3,473,3,1,0,1,1,2,3,0,0,3,2,1,4,0,0,0,0,0,0,0,0,0,0,0,0,15,1,0,1
0,0,3,533,2,1,0,1,1,1,3,0,0,3,1,1,4,0,0,0,0,0,0,0,0,0,0,0,0,5,1,0,0
0,0,3,523,3,1,0,1,1,2,3,0,0,4,2,1,4,0,0,0,0,0,0,0,0,0,0,0,0,5,1,0,0
0,0,13,1387,3,2,1,1,4,3,13,2,2,2,3,1,1,0,2,0,0,0,0,2,0,2,0,0,0,16,9,0,0
0,0,9,255,2,2,1,1,4,3,9,1,1,2,3,1,1,0,3,0,0,0,0,1,0,1,0,0,0,13,1,0,0
1,1,33,301,5,1,1,0,7,20,33,0,4,2,20,0,0,0,4,0,0,0,0,6,0,2,0,0,0,18,9,0,0
0,0,8,127,2,0,0,0,2,3,8,0,0,2,3,0,0,0,0,0,0,1,0,0,0,1,0,0,0,10,9,0,1
0,0,20,223,2,0,0,0,5,16,20,0,6,1,16,0,0,0,0,1,0,3,1,7,2,2,0,0,0,27,9,0,1
0,0,4,201,0,0,0,0,1,2,4,1,1,1,2,0,0,0,0,0,0,0,0,1,0,0,0,0,0,6,9,0,0
1,1,3,291,2,1,0,1,1,2,3,0,0,2,2,1,1,0,0,0,0,0,0,0,0,0,0,0,0,5,9,0,0
0,0,16,151,4,0,0,0,2,6,16,1,4,1,6,0,0,0,0,0,0,0,2,8,0,1,0,0,0,11,9,0,0
0,0,6,319,1,0,0,0,1,5,6,0,0,1,5,0,0,0,0,0,0,0,0,1,0,0,0,0,0,10,1,0,0
0,0,29,387,5,1,1,0,5,7,29,0,2,1,7,0,0,0,1,0,1,0,0,4,0,3,2,0,0,24,1,0,0
0,0,7,215,3,1,0,1,1,2,7,1,2,1,2,0,0,0,0,0,0,0,0,2,0,0,0,0,0,9,9,0,0
0,0,42,547,3,1,1,0,6,19,42,0,4,1,19,0,0,0,1,0,0,4,0,9,0,2,0,0,0,24,2,0,0
3,3,25,475,6,1,1,0,3,10,25,0,5,0,10,0,0,0,1,0,3,0,0,7,0,1,1,0,0,28,2,0,0
0,0,11,1057,3,0,0,0,2,13,11,0,2,1,13,0,0,1,0,0,0,0,1,3,0,1,0,0,0,15,1,0,0
0,0,11,749,3,1,1,0,3,6,11,1,2,2,6,0,0,0,1,0,0,2,0,4,1,2,0,0,0,10,2,0,0
0,0,4,369,0,0,0,0,1,3,4,0,0,0,3,0,0,0,0,0,0,0,0,0,0,0,0,0,0,4,1,0,0
1,1,11,1131,4,0,0,0,3,7,11,0,0,2,7,0,0,0,1,0,0,0,0,1,0,2,0,0,0,23,1,0,0
0,0,3,513,1,1,0,1,1,4,3,0,0,1,4,0,0,0,0,0,0,0,0,0,0,0,0,0,0,7,1,0,0
0,0,3,459,2,1,0,1,1,1,3,0,0,1,1,0,0,0,0,0,0,0,0,0,0,0,0,0,0,6,1,0,0
0,0,3,441,2,1,0,1,1,1,3,0,0,1,1,0,0,0,0,0,0,0,0,0,0,0,0,0,0,6,1,0,0
0,0,4,731,3,1,0,1,1,4,4,0,1,1,4,0,0,0,0,0,1,0,0,1,0,0,0,0,0,9,1,0,0
0,0,32,1189,5,1,0,1,11,19,32,5,4,2,19,0,0,0,5,0,1,0,0,4,0,3,0,0,0,18,1,0,0
0,0,3,947,0,0,0,0,1,4,3,0,0,0,4,0,0,0,0,0,0,0,0,0,0,0,0,0,0,3,1,0,0
0,0,37,657,8,3,2,1,4,17,37,1,7,0,17,1,1,1,1,0,0,0,0,10,0,1,1,0,0,30,2,0,0
0,0,2,207,0,1,1,0,1,0,2,0,0,0,0,0,0,0,0,0,0,0,0,0,0,0,0,0,0,3,1,0,0
1,1,2,1167,3,0,0,0,1,0,2,0,0,1,0,0,0,0,0,0,0,0,0,0,0,0,0,0,0,4,1,0,0
0,0,6,959,2,0,0,0,1,12,6,0,1,0,12,0,0,0,0,0,0,0,1,1,0,0,0,0,0,9,1,0,0
0,0,5,1019,1,0,0,0,1,4,5,0,1,0,4,0,0,0,0,0,0,0,0,1,0,0,0,0,0,12,1,0,0
0,0,3,1101,1,0,0,0,1,0,3,1,0,0,0,0,0,0,0,0,0,0,1,0,0,0,0,0,0,2,1,0,0
0,0,24,849,2,0,0,0,8,9,24,1,2,1,9,0,0,0,4,0,0,0,0,5,4,1,0,0,0,9,1,0,0
0,0,6,989,2,0,0,0,1,12,6,0,1,0,12,0,0,0,0,0,0,0,1,1,0,0,0,0,0,9,1,0,0
1,1,3,1119,5,0,0,0,1,1,3,1,0,2,1,0,0,0,0,0,0,0,0,0,0,0,0,0,0,7,1,0,0
0,0,27,241,7,4,0,4,4,19,27,3,1,3,19,4,2,0,3,0,0,0,0,5,0,1,0,0,0,45,1,0,0
0,0,12,337,2,1,0,1,2,7,12,0,1,0,7,0,0,0,0,0,0,0,0,2,0,1,0,0,0,26,1,0,0
0,0,15,787,3,1,1,0,5,18,15,0,3,3,18,0,0,0,0,0,2,0,3,4,0,1,0,0,0,14,2,0,0
5,3,20,121,3,0,0,0,5,11,22,1,2,0,11,0,0,0,1,1,1,1,0,5,0,3,0,0,0,19,4,0,0
0,0,9,211,2,0,0,0,1,3,9,1,2,0,3,0,0,0,0,0,0,0,0,2,0,0,0,0,0,8,1,0,0
0,0,6,95,3,0,0,0,2,1,6,0,0,2,1,0,0,0,0,0,1,0,0,1,0,1,0,0,0,6,1,0,0
0,0,8,191,2,0,0,0,1,3,8,1,2,0,3,0,0,0,0,0,0,0,0,2,0,0,0,0,0,8,1,0,0
14,0,10,397,1,0,0,0,4,3,10,1,1,1,3,0,0,0,2,0,0,1,0,3,0,2,0,0,0,6,9,0,0
1,1,3,293,2,1,0,1,1,2,3,0,0,2,2,1,1,0,0,0,0,0,0,0,0,0,0,0,0,5,9,0,0
0,0,4,203,0,0,0,0,1,2,4,1,1,1,2,0,0,0,0,0,0,0,0,1,0,0,0,0,0,6,9,0,0
1,1,33,303,5,1,1,0,7,20,33,0,4,2,20,0,0,0,4,0,0,0,0,6,0,2,0,0,0,18,9,0,0
0,0,16,153,4,0,0,0,2,6,16,1,4,1,6,0,0,0,0,0,0,0,2,8,0,1,0,0,0,11,9,0,0
0,0,20,225,2,0,0,0,5,16,20,0,6,1,16,0,0,0,0,1,0,3,1,7,2,2,0,0,0,27,9,0,1
0,0,8,129,2,0,0,0,2,3,8,0,0,2,3,0,0,0,0,0,0,1,0,0,0,1,0,0,0,10,9,0,1
0,0,5,83,2,0,0,0,1,2,5,0,0,1,2,0,0,0,0,0,0,0,0,2,0,0,0,0,0,6,1,0,0
0,0,3,115,1,0,0,0,1,3,3,0,0,2,3,0,0,0,0,0,0,0,0,0,0,0,0,0,0,9,4,0,0
0,0,11,151,3,0,0,0,2,8,11,1,1,3,8,0,0,0,0,0,1,0,0,1,0,1,0,0,0,7,1,0,0
0,0,4,137,2,0,0,0,1,1,4,1,1,3,1,0,0,0,0,0,0,0,0,1,0,0,0,0,0,6,1,0,0
0,0,5,99,1,0,0,0,1,6,5,0,1,2,6,0,0,0,0,0,0,0,1,1,0,0,0,0,0,8,4,0,0
0,0,10,185,0,0,0,0,1,1,10,0,0,0,1,0,0,0,0,0,0,0,0,0,0,0,0,0,0,1,0,0,0
0,0,2,127,1,0,0,0,1,0,2,0,0,2,0,0,0,0,0,0,0,0,0,0,0,0,0,0,0,6,4,0,0
