LA,LD,LT,line,cbo,cboModified,fanin,fanout,wmc,rfc,loc,returnsQty,variablesQty,parametersQty,methodsInvokedQty,methodsInvokedLocalQty,methodsInvokedIndirectLocalQty,loopQty,comparisonsQty,tryCatchQty,parenthesizedExpsQty,stringLiteralsQty,numbersQty,assignmentsQty,mathOperationsQty,maxNestedBlocksQty,anonymousClassesQty,innerClassesQty,lambdasQty,uniqueWordsQty,modifiers,logStatementsQty,hasJavaDoc
3,0,0,10,1,0,0,0,1,0,3,0,0,0,0,0,0,0,0,0,0,0,0,0,0,0,0,0,0,2,1,0,0
1,0,1,13,0,0,0,0,1,0,2,0,0,0,0,0,0,0,0,0,0,0,0,0,0,0,0,0,0,3,1,0,0
8,0,7,16,3,0,0,0,2,5,7,0,2,2,5,0,0,0,0,0,0,0,1,2,0,1,0,0,0,19,1,0,0
0,0,5,65,1,2,1,1,2,6,5,0,1,0,6,1,2,1,0,0,0,0,1,1,0,1,0,0,0,8,4,0,0
0,0,11,71,4,4,2,2,3,4,11,0,2,2,4,2,1,1,0,0,0,0,1,2,0,2,0,0,0,11,4,0,0
0,0,6,57,2,1,0,1,2,6,6,0,0,2,6,1,1,0,0,0,0,0,0,0,0,1,0,0,0,23,1,0,0
0,0,4,38,0,0,0,0,1,4,4,0,0,0,4,0,0,0,0,0,0,0,0,0,0,0,0,0,0,5,1,0,0
0,0,5,29,2,1,0,1,1,3,5,0,0,1,3,1,3,0,0,0,0,0,0,0,0,0,0,0,0,12,1,0,0
0,0,2,25,0,1,1,0,1,0,2,0,0,0,0,0,0,0,0,0,0,0,0,0,0,0,0,0,0,2,1,0,0
0,0,4,45,0,0,0,0,1,4,4,0,0,0,4,0,0,0,0,0,0,0,0,0,0,0,0,0,0,5,1,0,0
0,0,14,82,3,2,2,0,5,4,14,1,4,2,4,0,0,0,1,0,0,0,1,4,0,2,0,0,0,14,4,0,0
0,0,4,17,2,1,0,1,1,5,4,0,0,1,5,0,0,0,0,0,0,0,0,0,0,0,0,0,0,10,4,0,0
0,0,3,52,1,0,0,0,1,0,3,1,0,1,0,0,0,0,0,0,0,0,0,0,0,0,0,0,0,5,1,0,0
0,0,11,73,4,4,2,2,3,4,11,0,2,2,4,2,1,1,0,0,0,0,1,2,0,2,0,0,0,11,4,0,0
0,0,2,25,0,1,1,0,1,0,2,0,0,0,0,0,0,0,0,0,0,0,0,0,0,0,0,0,0,2,1,0,0
0,0,4,17,2,1,0,1,1,5,4,0,0,1,5,0,0,0,0,0,0,0,0,0,0,0,0,0,0,10,4,0,0
0,0,6,59,2,1,0,1,2,6,6,0,0,2,6,1,1,0,0,0,0,0,0,0,0,1,0,0,0,23,1,0,0
0,0,3,54,1,0,0,0,1,0,3,1,0,1,0,0,0,0,0,0,0,0,0,0,0,0,0,0,0,5,1,0,0
0,0,4,47,0,0,0,0,1,4,4,0,0,0,4,0,0,0,0,0,0,0,0,0,0,0,0,0,0,5,1,0,0
0,0,5,67,1,2,1,1,2,6,5,0,1,0,6,1,2,1,0,0,0,0,1,1,0,1,0,0,0,8,4,0,0
0,0,14,84,3,2,2,0,5,4,14,1,4,2,4,0,0,0,1,0,0,0,1,4,0,2,0,0,0,14,4,0,0
0,0,6,29,2,1,0,1,1,6,6,0,0,1,6,1,3,0,0,0,0,0,0,0,0,0,0,0,0,14,1,0,0
0,0,4,40,0,0,0,0,1,4,4,0,0,0,4,0,0,0,0,0,0,0,0,0,0,0,0,0,0,5,1,0,0
0,0,6,73,2,1,0,1,2,6,6,0,0,2,6,1,1,0,0,0,0,0,0,0,0,1,0,0,0,23,1,0,0
0,0,7,64,2,0,0,0,2,4,7,2,0,1,4,0,0,0,0,0,0,0,0,0,0,1,0,0,0,19,1,0,0
0,0,4,19,2,1,0,1,1,5,4,0,0,1,5,0,0,0,0,0,0,0,0,0,0,0,0,0,0,10,4,0,0
0,0,11,87,4,4,2,2,3,4,11,0,2,2,4,2,1,1,0,0,0,0,1,2,0,2,0,0,0,11,4,0,0
0,0,4,50,0,0,0,0,1,4,4,0,0,0,4,0,0,0,0,0,0,0,0,0,0,0,0,0,0,5,1,0,0
0,0,4,57,0,0,0,0,1,4,4,0,0,0,4,0,0,0,0,0,0,0,0,0,0,0,0,0,0,5,1,0,0
0,0,6,42,1,1,1,0,2,2,6,0,1,1,2,0,0,0,1,0,0,0,0,1,0,1,0,0,0,9,2,0,0
0,0,14,98,3,2,2,0,5,4,14,1,4,2,4,0,0,0,1,0,0,0,1,4,0,2,0,0,0,14,4,0,0
0,0,7,31,2,2,0,2,1,7,7,0,0,1,7,2,3,0,0,0,0,0,0,0,0,0,0,0,0,26,1,0,0
0,0,5,81,1,2,1,1,2,6,5,0,1,0,6,1,2,1,0,0,0,0,1,1,0,1,0,0,0,8,4,0,0
0,0,2,27,0,1,1,0,1,0,2,0,0,0,0,0,0,0,0,0,0,0,0,0,0,0,0,0,0,2,1,0,0
0,0,6,70,3,0,0,0,1,5,6,0,2,1,5,0,0,0,0,0,0,0,0,2,0,0,0,0,0,9,1,0,0
0,0,3,80,0,0,0,0,1,1,3,0,0,1,1,0,0,0,0,0,0,2,0,0,0,0,0,0,0,3,1,0,0
1,0,2,136,1,2,1,1,1,2,3,1,0,0,2,1,1,0,0,0,0,1,0,0,0,0,0,0,0,5,2,0,0
2,0,25,56,5,3,1,2,1,9,27,0,0,0,9,2,3,0,0,0,0,0,0,0,0,0,4,0,0,28,2,0,0
0,0,3,128,1,3,3,0,1,2,3,1,0,0,2,0,0,0,0,0,0,0,0,0,0,0,0,0,0,5,2,0,0
1,1,3,52,2,1,0,1,1,1,3,0,0,1,1,1,4,0,0,0,0,0,0,0,0,0,0,0,0,11,4,0,0
0,0,3,132,1,2,1,1,1,3,3,1,0,0,3,1,1,0,0,0,0,1,0,0,0,0,0,0,0,6,2,0,0
0,0,3,47,0,0,0,0,1,0,3,0,0,0,0,0,0,0,0,0,0,1,0,0,0,0,0,0,0,5,1,0,0
0,0,3,85,1,1,0,1,1,1,3,0,0,0,1,0,0,0,0,0,0,0,0,0,0,0,0,0,0,7,1,0,0
0,0,4,122,0,0,0,0,1,2,4,0,0,0,2,0,0,0,0,0,0,0,0,0,0,0,0,0,0,2,1,0,0
0,0,5,91,1,2,1,1,2,5,5,0,0,1,5,1,1,0,0,0,0,0,0,0,0,1,0,0,0,8,2,0,0
0,0,4,62,4,1,0,1,1,3,4,1,0,1,3,0,0,0,0,0,0,0,0,0,0,0,0,0,0,7,1,0,0
0,0,12,97,5,1,1,0,2,14,12,1,4,0,14,0,0,0,0,0,0,0,3,4,0,1,0,0,0,17,2,0,0
0,0,3,52,2,1,0,1,1,1,3,0,0,1,1,1,4,0,0,0,0,0,0,0,0,0,0,0,0,11,4,0,0
0,0,3,132,1,2,1,1,1,3,3,1,0,0,3,1,1,0,0,0,0,1,0,0,0,0,0,0,0,6,2,0,0
1,1,12,97,5,1,1,0,2,15,12,1,4,0,15,0,0,0,0,0,0,0,3,4,0,1,0,0,0,17,2,0,0
0,0,4,122,0,0,0,0,1,2,4,0,0,0,2,0,0,0,0,0,0,0,0,0,0,0,0,0,0,2,1,0,0
0,0,5,91,1,2,1,1,2,5,5,0,0,1,5,1,1,0,0,0,0,0,0,0,0,1,0,0,0,8,2,0,0
0,0,3,136,1,2,1,1,1,2,3,1,0,0,2,1,1,0,0,0,0,1,0,0,0,0,0,0,0,5,2,0,0
0,0,27,56,5,3,1,2,1,9,27,0,0,0,9,2,3,0,0,0,0,0,0,0,0,0,4,0,0,28,2,0,0
0,0,3,128,1,3,3,0,1,2,3,1,0,0,2,0,0,0,0,0,0,0,0,0,0,0,0,0,0,5,2,0,0
0,0,6,70,3,0,0,0,1,5,6,0,2,1,5,0,0,0,0,0,0,0,0,2,0,0,0,0,0,9,1,0,0
0,0,3,80,0,0,0,0,1,1,3,0,0,1,1,0,0,0,0,0,0,2,0,0,0,0,0,0,0,3,1,0,0
0,0,3,47,0,0,0,0,1,0,3,0,0,0,0,0,0,0,0,0,0,1,0,0,0,0,0,0,0,5,1,0,0
0,0,3,85,1,1,0,1,1,1,3,0,0,0,1,0,0,0,0,0,0,0,0,0,0,0,0,0,0,7,1,0,0
0,0,4,62,4,1,0,1,1,3,4,1,0,1,3,0,0,0,0,0,0,0,0,0,0,0,0,0,0,7,1,0,0
0,0,1,8,4,0,0,0,1,0,1,0,0,2,0,0,0,0,0,0,0,3,0,0,0,0,0,0,0,8,0,0,0
0,0,4,24,2,1,0,1,1,5,4,0,0,1,5,0,0,0,0,0,0,0,0,0,0,0,0,0,0,10,4,0,0
0,0,6,47,1,1,1,0,2,2,6,0,1,1,2,0,0,0,1,0,0,0,0,1,0,1,0,0,0,9,2,0,0
0,0,7,69,2,0,0,0,2,4,7,2,0,1,4,0,0,0,0,0,0,0,0,0,0,1,0,0,0,19,1,0,0
0,0,2,32,0,1,1,0,1,0,2,0,0,0,0,0,0,0,0,0,0,0,0,0,0,0,0,0,0,2,1,0,0
0,0,14,105,3,2,2,0,5,4,14,1,4,2,4,0,0,0,1,0,0,0,1,4,0,2,0,0,0,14,4,0,0
0,0,5,88,1,2,1,1,2,6,5,0,1,0,6,1,2,1,0,0,0,0,1,1,0,1,0,0,0,8,4,0,0
0,0,11,94,4,4,2,2,3,4,11,0,2,2,4,2,1,1,0,0,0,0,1,2,0,2,0,0,0,11,4,0,0
0,0,7,36,2,2,0,2,1,7,7,0,0,1,7,2,3,0,0,0,0,0,0,0,0,0,0,0,0,26,1,0,0
0,0,9,78,2,1,0,1,3,11,9,0,0,2,11,1,1,0,0,0,0,1,0,0,0,1,0,0,0,27,1,0,0
0,0,4,62,0,0,0,0,1,4,4,0,0,0,4,0,0,0,0,0,0,0,0,0,0,0,0,0,0,5,1,0,0
0,0,4,55,0,0,0,0,1,4,4,0,0,0,4,0,0,0,0,0,0,0,0,0,0,0,0,0,0,5,1,0,0
0,0,12,162,1,2,0,2,3,6,12,0,2,2,6,0,0,1,0,0,0,0,1,2,0,2,0,0,0,11,1,0,0
0,0,4,155,2,0,0,0,1,2,4,0,0,3,2,0,0,0,0,0,1,0,0,1,0,0,0,0,0,7,1,0,0
0,0,7,194,2,2,0,2,2,8,7,0,1,2,8,0,0,0,0,0,0,0,1,1,0,1,0,0,0,11,1,0,0
0,0,3,178,2,2,0,2,1,1,3,0,0,2,1,0,0,0,0,0,0,0,0,0,0,0,0,0,0,8,1,0,0
0,0,36,138,3,2,2,0,2,15,36,0,4,0,15,0,0,1,0,0,0,0,1,5,0,1,3,0,0,21,2,0,0
0,0,4,31,2,1,0,1,1,5,4,0,0,1,5,0,0,0,0,0,0,0,0,0,0,0,0,0,0,10,4,0,0
0,0,5,104,1,2,1,1,2,4,5,0,1,0,4,1,2,1,0,0,0,0,1,1,0,1,0,0,0,7,4,0,0
0,0,4,71,0,0,0,0,1,4,4,0,0,0,4,0,0,0,0,0,0,0,0,0,0,0,0,0,0,5,1,0,0
0,0,14,121,2,2,2,0,5,4,14,1,4,1,4,0,0,0,1,0,0,0,1,4,0,2,0,0,0,12,4,0,0
0,0,13,187,3,1,1,0,1,8,13,0,1,0,8,0,0,0,0,0,0,0,0,1,0,0,1,0,0,16,2,0,0
0,0,11,78,3,1,0,1,3,5,11,3,0,1,5,1,1,0,0,0,0,0,0,0,0,1,0,0,0,27,1,0,0
0,0,6,56,1,1,1,0,2,2,6,0,1,1,2,0,0,0,1,0,0,0,0,1,0,1,0,0,0,9,2,0,0
0,0,4,64,0,0,0,0,1,4,4,0,0,0,4,0,0,0,0,0,0,0,0,0,0,0,0,0,0,5,1,0,0
21,0,2,39,0,1,1,0,1,0,2,0,0,0,0,0,0,0,0,0,0,0,0,0,0,0,0,0,0,2,1,0,0
0,0,3,100,0,1,1,0,1,5,3,0,0,0,5,0,0,0,0,0,0,1,0,0,0,0,0,0,0,6,2,0,0
0,0,11,110,3,4,2,2,3,4,11,0,2,1,4,2,1,1,0,0,0,0,1,2,0,2,0,0,0,9,4,0,0
0,0,8,43,2,2,0,2,1,7,8,0,0,1,7,2,3,0,0,0,0,0,0,0,0,0,0,0,0,31,1,0,0
0,0,9,90,2,2,0,2,4,7,9,0,0,2,7,2,1,0,0,0,0,0,0,0,0,1,0,0,0,32,1,0,0
0,0,3,70,2,1,0,1,1,4,3,0,0,2,4,1,1,0,0,0,0,0,0,0,0,0,0,0,0,9,9,0,0
0,0,4,60,2,1,0,1,1,2,4,1,1,1,2,1,1,0,0,0,0,0,0,1,0,0,0,0,0,11,9,0,0
0,0,6,51,2,2,1,1,1,3,6,1,2,1,3,1,1,0,0,0,0,0,0,2,0,0,0,0,0,13,9,0,0
0,0,13,27,7,1,0,1,3,9,13,0,6,1,9,1,1,0,0,0,0,1,2,6,0,2,0,0,0,17,9,0,0
0,0,3,66,2,2,1,1,1,4,3,0,0,2,4,1,1,0,0,0,0,0,0,0,0,0,0,0,0,8,9,0,0
0,0,3,43,0,1,1,0,1,0,3,1,0,1,0,0,0,0,0,0,0,0,1,0,1,0,0,0,0,5,10,0,0
0,0,3,47,2,4,4,0,1,2,3,1,0,1,2,0,0,0,0,0,0,0,0,0,0,0,0,0,0,5,10,0,0
0,0,5,74,2,2,0,2,1,3,5,0,1,2,3,2,3,0,0,0,0,0,0,1,0,0,0,0,0,11,9,0,0
0,0,2,42,0,1,1,0,1,0,2,0,0,0,0,0,0,0,0,0,0,0,0,0,0,0,0,0,0,2,1,0,0
0,0,11,81,3,1,0,1,3,5,11,3,0,1,5,1,1,0,0,0,0,0,0,0,0,1,0,0,0,27,1,0,0
0,0,4,34,2,1,0,1,1,5,4,0,0,1,5,0,0,0,0,0,0,0,0,0,0,0,0,0,0,10,4,0,0
0,0,4,67,0,0,0,0,1,4,4,0,0,0,4,0,0,0,0,0,0,0,0,0,0,0,0,0,0,5,1,0,0
0,0,3,103,0,1,1,0,1,5,3,0,0,0,5,0,0,0,0,0,0,1,0,0,0,0,0,0,0,6,2,0,0
0,0,4,158,2,0,0,0,1,2,4,0,0,3,2,0,0,0,0,0,1,0,0,1,0,0,0,0,0,7,1,0,0
0,0,5,107,1,2,1,1,2,4,5,0,1,0,4,1,2,1,0,0,0,0,1,1,0,1,0,0,0,7,4,0,0
0,0,11,113,3,4,2,2,3,4,11,0,2,1,4,2,1,1,0,0,0,0,1,2,0,2,0,0,0,9,4,0,0
0,0,8,46,3,2,0,2,1,7,8,0,0,1,7,2,3,0,0,0,0,0,0,0,0,0,0,0,0,30,1,0,0
0,0,14,124,2,2,2,0,5,4,14,1,4,1,4,0,0,0,1,0,0,0,1,4,0,2,0,0,0,12,4,0,0
0,0,4,74,0,0,0,0,1,4,4,0,0,0,4,0,0,0,0,0,0,0,0,0,0,0,0,0,0,5,1,0,0
0,0,36,141,3,2,2,0,2,15,36,0,4,0,15,0,0,1,0,0,0,0,1,5,0,1,3,0,0,21,2,0,0
0,0,7,197,2,2,0,2,2,8,7,0,1,2,8,0,0,0,0,0,0,0,1,1,0,1,0,0,0,11,1,0,0
0,0,3,181,2,2,0,2,1,1,3,0,0,2,1,0,0,0,0,0,0,0,0,0,0,0,0,0,0,8,1,0,0
0,0,12,165,1,2,0,2,3,6,12,0,2,2,6,0,0,1,0,0,0,0,1,2,0,2,0,0,0,11,1,0,0
0,0,6,59,1,1,1,0,2,2,6,0,1,1,2,0,0,0,1,0,0,0,0,1,0,1,0,0,0,9,2,0,0
0,0,9,93,3,2,0,2,4,7,9,0,0,2,7,2,1,0,0,0,0,0,0,0,0,1,0,0,0,32,1,0,0
0,0,13,190,3,1,1,0,1,8,13,0,1,0,8,0,0,0,0,0,0,0,0,1,0,0,1,0,0,16,2,0,0
0,0,3,143,1,2,1,1,1,2,3,1,0,0,2,1,1,0,0,0,0,1,0,0,0,0,0,0,0,5,2,0,0
0,0,4,52,2,2,0,2,1,2,4,0,0,1,2,2,5,0,0,0,0,0,0,0,0,0,0,0,0,15,4,0,0
0,0,4,83,1,0,0,0,1,3,4,0,0,1,3,0,0,0,0,0,0,0,0,0,0,0,0,0,0,3,1,0,0
0,0,4,75,4,1,0,1,1,3,4,1,0,1,3,0,0,0,0,0,0,0,0,0,0,0,0,0,0,7,1,0,0
0,0,3,94,1,1,0,1,1,1,3,0,0,0,1,0,0,0,0,0,0,0,0,0,0,0,0,0,0,5,1,0,0
0,0,3,89,0,0,0,0,1,2,3,0,0,1,2,0,0,0,0,0,0,2,0,0,1,0,0,0,0,3,1,0,0
0,0,6,120,1,0,0,0,2,3,6,0,0,1,3,0,0,0,0,0,0,0,0,0,0,1,0,0,0,4,1,0,0
1,0,24,69,5,5,1,4,1,11,25,0,0,0,11,4,4,0,0,0,0,0,0,0,0,0,4,0,0,24,2,0,0
0,0,3,139,1,2,1,1,1,2,3,1,0,0,2,1,1,0,0,0,0,1,0,0,0,0,0,0,0,5,2,0,0
0,0,3,135,1,2,1,1,1,3,3,1,0,0,3,1,1,0,0,0,0,1,0,0,0,0,0,0,0,6,2,0,0
0,0,2,152,1,0,0,0,1,0,2,0,0,1,0,0,0,0,0,0,0,0,0,0,0,0,0,0,0,4,1,0,0
0,0,3,131,1,4,4,0,1,2,3,1,0,0,2,0,0,0,0,0,0,0,0,0,0,0,0,0,0,5,2,0,0
0,0,3,147,0,1,1,0,1,3,3,1,0,0,3,0,0,0,0,0,0,1,0,0,0,0,0,0,0,4,2,0,0
0,0,2,157,0,0,0,0,1,0,2,0,0,1,0,0,0,0,0,0,0,0,0,0,0,0,0,0,0,4,1,0,0
0,0,6,57,1,1,1,0,2,6,6,0,0,0,6,0,0,0,0,0,0,0,0,1,0,1,0,0,0,7,2,0,0
0,0,2,162,1,0,0,0,1,0,2,0,0,1,0,0,0,0,0,0,0,0,0,0,0,0,0,0,0,5,1,0,0
0,0,3,47,0,0,0,0,1,0,3,0,0,0,0,0,0,0,0,0,0,1,0,0,0,0,0,0,0,2,1,0,0
1,0,19,106,2,1,1,0,3,10,20,1,1,0,10,0,0,0,0,0,0,4,1,1,0,1,1,0,0,12,2,0,0
0,0,5,100,1,2,1,1,2,5,5,0,0,1,5,1,1,0,0,0,0,0,0,0,0,1,0,0,0,8,2,0,0
0,0,12,164,1,2,0,2,3,6,12,0,2,2,6,0,0,1,0,0,0,0,1,2,0,2,0,0,0,11,1,0,0
0,0,8,45,3,2,0,2,1,7,8,0,0,1,7,2,3,0,0,0,0,0,0,0,0,0,0,0,0,30,1,0,0
0,0,4,33,2,1,0,1,1,5,4,0,0,1,5,0,0,0,0,0,0,0,0,0,0,0,0,0,0,10,4,0,0
0,0,4,157,2,0,0,0,1,2,4,0,0,3,2,0,0,0,0,0,1,0,0,1,0,0,0,0,0,7,1,0,0
0,0,36,140,3,2,2,0,2,15,36,0,4,0,15,0,0,1,0,0,0,0,1,5,0,1,3,0,0,21,2,0,0
0,0,7,196,2,2,0,2,2,8,7,0,1,2,8,0,0,0,0,0,0,0,1,1,0,1,0,0,0,11,1,0,0
0,0,4,73,0,0,0,0,1,4,4,0,0,0,4,0,0,0,0,0,0,0,0,0,0,0,0,0,0,5,1,0,0
0,0,4,66,0,0,0,0,1,4,4,0,0,0,4,0,0,0,0,0,0,0,0,0,0,0,0,0,0,5,1,0,0
0,0,11,80,3,1,0,1,3,5,11,3,0,1,5,1,1,0,0,0,0,0,0,0,0,1,0,0,0,27,1,0,0
0,0,5,106,1,2,1,1,2,4,5,0,1,0,4,1,2,1,0,0,0,0,1,1,0,1,0,0,0,7,4,0,0
0,0,9,92,3,2,0,2,4,7,9,0,0,2,7,2,1,0,0,0,0,0,0,0,0,1,0,0,0,33,1,0,0
0,0,11,112,3,4,2,2,3,4,11,0,2,1,4,2,1,1,0,0,0,0,1,2,0,2,0,0,0,9,4,0,0
0,0,3,180,2,2,0,2,1,1,3,0,0,2,1,0,0,0,0,0,0,0,0,0,0,0,0,0,0,8,1,0,0
0,0,3,102,0,1,1,0,1,5,3,0,0,0,5,0,0,0,0,0,0,0,1,0,0,0,0,0,0,7,2,0,0
0,0,14,123,2,2,2,0,5,4,14,1,4,1,4,0,0,0,1,0,0,0,1,4,0,2,0,0,0,12,4,0,0
0,0,6,58,1,1,1,0,2,2,6,0,1,1,2,0,0,0,1,0,0,0,0,1,0,1,0,0,0,9,2,0,0
0,0,13,189,3,1,1,0,1,8,13,0,1,0,8,0,0,0,0,0,0,0,0,1,0,0,1,0,0,16,2,0,0
0,2,4,41,0,1,1,0,1,0,2,0,0,0,0,0,0,0,0,0,0,0,0,0,0,0,0,0,0,2,1,0,0
0,0,4,74,0,0,0,0,1,4,4,0,0,0,4,0,0,0,0,0,0,0,0,0,0,0,0,0,0,5,1,0,0
0,0,7,197,2,2,0,2,2,8,7,0,1,2,8,0,0,0,0,0,0,0,1,1,0,1,0,0,0,11,1,0,0
0,0,3,181,2,2,0,2,1,1,3,0,0,2,1,0,0,0,0,0,0,0,0,0,0,0,0,0,0,8,1,0,0
0,0,12,165,1,2,0,2,3,6,12,0,2,2,6,0,0,1,0,0,0,0,1,2,0,2,0,0,0,11,1,0,0
0,0,4,34,2,1,0,1,1,5,4,0,0,1,5,0,0,0,0,0,0,0,0,0,0,0,0,0,0,10,4,0,0
0,0,4,158,2,0,0,0,1,2,4,0,0,3,2,0,0,0,0,0,1,0,0,1,0,0,0,0,0,7,1,0,0
0,0,36,141,3,2,2,0,2,15,36,0,4,0,15,0,0,1,0,0,0,0,1,5,0,1,3,0,0,21,2,0,0
0,0,14,124,2,2,2,0,5,4,14,1,4,1,4,0,0,0,1,0,0,0,1,4,0,2,0,0,0,12,4,0,0
0,0,8,46,3,2,0,2,1,7,8,0,0,1,7,2,3,0,0,0,0,0,0,0,0,0,0,0,0,30,1,0,0
0,0,5,107,1,2,1,1,2,4,5,0,1,0,4,1,2,1,0,0,0,0,1,1,0,1,0,0,0,7,4,0,0
0,0,2,42,0,1,1,0,1,0,2,0,0,0,0,0,0,0,0,0,0,0,0,0,0,0,0,0,0,2,1,0,0
0,0,11,113,3,4,2,2,3,4,11,0,2,1,4,2,1,1,0,0,0,0,1,2,0,2,0,0,0,9,4,0,0
0,0,13,190,3,1,1,0,1,8,13,0,1,0,8,0,0,0,0,0,0,0,0,1,0,0,1,0,0,16,2,0,0
0,0,11,81,3,1,0,1,3,5,11,3,0,1,5,1,1,0,0,0,0,0,0,0,0,1,0,0,0,27,1,0,0
0,0,6,59,1,1,1,0,2,2,6,0,1,1,2,0,0,0,1,0,0,0,0,1,0,1,0,0,0,9,2,0,0
0,0,9,93,3,2,0,2,5,7,9,0,0,2,7,2,1,0,0,0,0,0,0,0,0,1,0,0,0,34,1,0,0
0,0,4,67,0,0,0,0,1,4,4,0,0,0,4,0,0,0,0,0,0,0,0,0,0,0,0,0,0,5,1,0,0
0,0,3,103,0,1,1,0,1,5,3,0,0,0,5,0,0,0,0,0,0,0,1,0,0,0,0,0,0,7,2,0,0
0,0,3,117,1,2,1,1,1,4,3,0,0,1,4,1,1,0,0,0,0,0,0,0,0,0,0,0,0,9,2,0,0
0,0,3,113,2,2,1,1,2,2,3,1,0,1,2,1,2,0,0,0,0,0,0,0,0,0,0,0,0,12,2,0,0
0,0,34,72,5,4,1,3,1,10,34,0,0,0,10,3,3,0,0,0,0,0,0,0,0,0,4,0,0,29,2,0,0
0,0,6,130,1,0,0,0,2,3,6,0,0,1,3,0,0,0,0,0,0,0,0,0,0,1,0,0,0,4,1,0,0
0,0,3,96,0,0,0,0,1,2,3,0,0,1,2,0,0,0,0,0,0,2,0,0,1,0,0,0,0,6,1,0,0
0,0,8,101,1,2,0,2,3,3,8,0,0,0,3,0,0,0,0,0,0,0,2,0,0,2,0,0,0,10,1,0,0
0,0,3,78,3,0,0,0,1,2,3,1,0,1,2,0,0,0,0,0,0,0,0,0,0,0,0,0,0,3,1,0,0
0,0,9,84,2,1,0,1,3,5,9,0,0,1,5,0,0,0,0,0,0,0,0,1,0,2,0,0,0,13,1,0,0
0,0,3,141,1,4,4,0,1,2,3,1,0,0,2,0,0,0,0,0,0,0,0,0,0,0,0,0,0,5,2,0,0
0,0,3,157,0,1,1,0,1,3,3,1,0,0,3,0,0,0,0,0,0,1,0,0,0,0,0,0,0,4,2,0,0
0,0,3,149,1,2,1,1,1,2,3,1,0,0,2,1,1,0,0,0,0,0,1,0,0,0,0,0,0,7,2,0,0
0,0,6,60,1,1,1,0,2,6,6,0,0,0,6,0,0,0,0,0,0,0,0,1,0,1,0,0,0,7,2,0,0
3,4,17,121,2,1,1,0,2,7,16,0,1,0,7,0,0,0,0,0,0,0,0,1,0,1,1,0,0,12,2,0,0
0,0,2,162,1,0,0,0,1,0,2,0,0,1,0,0,0,0,0,0,0,0,0,0,0,0,0,0,0,4,1,0,0
0,0,2,172,1,0,0,0,1,0,2,0,0,1,0,0,0,0,0,0,0,0,0,0,0,0,0,0,0,5,1,0,0
1,1,3,153,1,2,1,1,1,2,3,1,0,0,2,1,1,0,0,0,0,1,0,0,0,0,0,0,0,5,2,0,0
0,0,3,145,1,2,1,1,1,3,3,1,0,0,3,1,1,0,0,0,0,1,0,0,0,0,0,0,0,6,2,0,0
0,0,3,50,0,0,0,0,1,0,3,0,0,0,0,0,0,0,0,0,0,1,0,0,0,0,0,0,0,2,1,0,0
0,0,4,55,2,2,0,2,1,2,4,0,0,1,2,2,4,0,0,0,0,0,0,0,0,0,0,0,0,13,4,0,0
0,0,2,167,0,0,0,0,1,0,2,0,0,1,0,0,0,0,0,0,0,0,0,0,0,0,0,0,0,4,1,0,0
0,0,3,16,1,1,1,0,1,1,3,0,0,1,1,0,0,0,0,0,0,0,0,0,0,0,0,0,0,6,1,0,0
0,0,12,26,5,2,0,2,3,7,12,1,4,3,7,0,0,1,0,0,0,8,0,4,0,2,0,0,0,13,1,0,0
0,0,3,20,0,0,0,0,1,0,3,1,0,0,0,0,0,0,0,0,0,0,0,0,0,0,0,0,0,7,1,0,0
0,0,6,60,1,1,1,0,2,6,6,0,0,0,6,0,0,0,0,0,0,0,0,1,0,1,0,0,0,7,2,0,0
0,0,2,162,1,0,0,0,1,0,2,0,0,1,0,0,0,0,0,0,0,0,0,0,0,0,0,0,0,4,1,0,0
0,0,3,153,1,2,1,1,1,2,3,1,0,0,2,1,1,0,0,0,0,1,0,0,0,0,0,0,0,5,2,0,0
0,0,3,145,1,2,1,1,1,3,3,1,0,0,3,1,1,0,0,0,0,1,0,0,0,0,0,0,0,6,2,0,0
0,0,3,117,1,2,1,1,1,4,3,0,0,1,4,1,1,0,0,0,0,0,0,0,0,0,0,0,0,9,2,0,0
1,1,34,72,5,4,1,3,1,10,34,0,0,0,10,3,3,0,0,0,0,0,0,0,0,0,4,0,0,29,2,0,0
0,0,2,167,0,0,0,0,1,0,2,0,0,1,0,0,0,0,0,0,0,0,0,0,0,0,0,0,0,4,1,0,0
0,0,3,50,0,0,0,0,1,0,3,0,0,0,0,0,0,0,0,0,0,1,0,0,0,0,0,0,0,2,1,0,0
0,0,2,172,1,0,0,0,1,0,2,0,0,1,0,0,0,0,0,0,0,0,0,0,0,0,0,0,0,5,1,0,0
0,0,16,121,2,1,1,0,2,7,16,0,1,0,7,0,0,0,0,0,0,0,0,1,0,1,1,0,0,12,2,0,0
0,0,3,113,2,2,1,1,2,2,3,1,0,1,2,1,2,0,0,0,0,0,0,0,0,0,0,0,0,12,2,0,0
0,0,3,149,1,2,1,1,1,2,3,1,0,0,2,1,1,0,0,0,0,0,1,0,0,0,0,0,0,7,2,0,0
0,0,9,84,2,1,0,1,3,5,9,0,0,1,5,0,0,0,0,0,0,0,0,1,0,2,0,0,0,13,1,0,0
0,0,8,101,1,2,0,2,3,3,8,0,0,0,3,0,0,0,0,0,0,0,2,0,0,2,0,0,0,10,1,0,0
0,0,3,96,0,0,0,0,1,2,3,0,0,1,2,0,0,0,0,0,0,2,0,0,1,0,0,0,0,6,1,0,0
0,0,6,130,1,0,0,0,2,3,6,0,0,1,3,0,0,0,0,0,0,0,0,0,0,1,0,0,0,4,1,0,0
0,0,3,78,3,0,0,0,1,2,3,1,0,1,2,0,0,0,0,0,0,0,0,0,0,0,0,0,0,3,1,0,0
0,0,3,141,1,4,4,0,1,2,3,1,0,0,2,0,0,0,0,0,0,0,0,0,0,0,0,0,0,5,2,0,0
0,0,4,55,2,2,0,2,1,2,4,0,0,1,2,2,4,0,0,0,0,0,0,0,0,0,0,0,0,13,4,0,0
0,0,3,157,0,1,1,0,1,3,3,1,0,0,3,0,0,0,0,0,0,1,0,0,0,0,0,0,0,4,2,0,0
0,0,12,169,1,2,0,2,3,6,12,0,2,2,6,0,0,1,0,0,0,0,1,2,0,2,0,0,0,11,1,0,0
0,0,4,74,0,0,0,0,1,4,4,0,0,0,4,0,0,0,0,0,0,0,0,0,0,0,0,0,0,5,1,0,0
0,0,36,145,3,2,2,0,2,15,36,0,4,0,15,0,0,1,0,0,0,0,1,5,0,1,3,0,0,21,2,0,0
0,0,14,128,2,2,2,0,5,4,14,1,4,1,4,0,0,0,1,0,0,0,1,4,0,2,0,0,0,12,4,0,0
0,0,13,194,3,1,1,0,1,8,13,0,1,0,8,0,0,0,0,0,0,0,0,1,0,0,1,0,0,16,2,0,0
0,0,10,93,3,2,0,2,5,8,10,0,0,2,8,2,1,0,0,0,0,1,0,0,1,1,0,0,0,34,1,0,0
0,0,4,67,0,0,0,0,1,4,4,0,0,0,4,0,0,0,0,0,0,0,0,0,0,0,0,0,0,5,1,0,0
0,0,6,59,1,1,1,0,2,2,6,0,1,1,2,0,0,0,1,0,0,0,0,1,0,1,0,0,0,9,2,0,0
0,0,4,105,0,1,1,0,1,6,4,0,0,0,6,0,0,0,0,0,0,1,1,0,0,0,0,0,0,7,2,0,0
0,0,3,185,2,2,0,2,1,1,3,0,0,2,1,0,0,0,0,0,0,0,0,0,0,0,0,0,0,8,1,0,0
0,0,2,42,0,1,1,0,1,0,2,0,0,0,0,0,0,0,0,0,0,0,0,0,0,0,0,0,0,2,1,0,0
0,0,11,117,3,4,2,2,3,4,11,0,2,1,4,2,1,1,0,0,0,0,1,2,0,2,0,0,0,9,4,0,0
0,0,7,201,2,2,0,2,2,8,7,0,1,2,8,0,0,0,0,0,0,0,1,1,0,1,0,0,0,11,1,0,0
0,0,5,111,1,2,1,1,2,4,5,0,1,0,4,1,2,1,0,0,0,0,1,1,0,1,0,0,0,7,4,0,0
0,0,4,162,2,0,0,0,1,2,4,0,0,3,2,0,0,0,0,0,1,0,0,1,0,0,0,0,0,7,1,0,0
0,0,4,34,2,1,0,1,1,5,4,0,0,1,5,0,0,0,0,0,0,0,0,0,0,0,0,0,0,10,4,0,0
0,0,11,81,3,1,0,1,3,5,11,3,0,1,5,1,1,0,0,0,0,0,0,0,0,1,0,0,0,27,1,0,0
0,0,8,46,3,2,0,2,1,7,8,0,0,1,7,2,3,0,0,0,0,0,0,0,0,0,0,0,0,30,1,0,0
0,0,8,46,1,2,1,1,1,2,8,0,0,0,2,0,0,0,0,0,0,0,1,0,0,0,1,0,0,5,2,0,0
0,0,3,50,0,0,0,0,1,1,3,0,0,0,1,0,0,0,0,0,0,0,0,0,0,0,0,0,0,2,1,0,0
0,0,6,20,2,0,0,0,1,6,6,0,0,1,6,0,0,0,0,0,0,0,0,1,0,0,0,0,0,13,4,0,0
1,1,11,34,2,0,0,0,1,2,11,0,0,1,2,0,0,0,0,0,0,1,0,0,0,0,1,0,0,11,1,0,0
0,0,2,57,0,0,0,0,1,0,2,0,0,1,0,0,0,0,0,0,0,0,0,0,0,0,0,0,0,4,1,0,0
0,0,6,37,2,1,0,1,2,5,6,0,0,1,5,0,0,0,0,0,0,1,0,0,1,1,0,0,0,8,1,0,0
7,0,4,28,3,1,1,0,1,4,4,0,1,1,4,0,0,0,0,0,0,0,0,1,0,0,0,0,0,7,2,0,0
2,0,6,17,4,1,0,1,2,6,8,0,2,2,6,1,1,0,0,0,0,0,1,2,0,1,0,0,0,22,1,0,0
0,0,2,13,0,0,0,0,1,0,2,0,0,0,0,0,0,0,0,0,0,0,0,0,0,0,0,0,0,3,1,0,0
21,0,18,27,7,1,0,1,2,14,18,0,4,1,14,1,1,1,0,0,0,5,0,4,0,1,1,0,0,24,4,0,0
3,0,0,49,1,1,1,0,1,2,3,1,0,0,2,0,0,0,0,0,0,0,0,0,0,0,0,0,0,5,2,0,0
8,0,0,60,3,0,0,0,2,3,8,2,1,1,3,0,0,0,1,0,0,0,0,1,0,1,0,0,0,11,1,0,0
4,0,0,70,3,0,0,0,1,5,4,0,1,4,5,0,0,0,0,0,0,2,0,1,1,0,0,0,0,9,1,0,0
4,0,0,54,1,0,0,0,1,2,4,1,0,1,2,0,0,0,0,0,0,0,0,0,0,0,0,0,0,8,1,0,0
0,0,11,84,3,1,0,1,3,5,11,3,0,1,5,1,1,0,0,0,0,0,0,0,0,1,0,0,0,27,1,0,0
0,0,2,45,0,1,1,0,1,0,2,0,0,0,0,0,0,0,0,0,0,0,0,0,0,0,0,0,0,2,1,0,0
0,0,8,49,3,2,0,2,1,7,8,0,0,1,7,2,3,0,0,0,0,0,0,0,0,0,0,0,0,30,1,0,0
0,0,7,204,2,2,0,2,2,8,7,0,1,2,8,0,0,0,0,0,0,0,1,1,0,1,0,0,0,11,1,0,0
0,0,4,37,2,1,0,1,1,5,4,0,0,1,5,0,0,0,0,0,0,0,0,0,0,0,0,0,0,10,4,0,0
0,0,4,165,2,0,0,0,1,2,4,0,0,3,2,0,0,0,0,0,1,0,0,1,0,0,0,0,0,7,1,0,0
0,0,14,131,2,2,2,0,5,4,14,1,4,1,4,0,0,0,1,0,0,0,1,4,0,2,0,0,0,12,4,0,0
0,0,11,120,3,4,2,2,3,4,11,0,2,1,4,2,1,1,0,0,0,0,1,2,0,2,0,0,0,9,4,0,0
0,0,13,197,3,1,1,0,1,8,13,0,1,0,8,0,0,0,0,0,0,0,0,1,0,0,1,0,0,16,2,0,0
0,0,5,114,1,2,1,1,2,4,5,0,1,0,4,1,2,1,0,0,0,0,1,1,0,1,0,0,0,7,4,0,0
0,0,3,188,2,2,0,2,1,1,3,0,0,2,1,0,0,0,0,0,0,0,0,0,0,0,0,0,0,8,1,0,0
0,0,12,172,1,2,0,2,3,6,12,0,2,2,6,0,0,1,0,0,0,0,1,2,0,2,0,0,0,11,1,0,0
0,0,36,148,3,2,2,0,2,15,36,0,4,0,15,0,0,1,0,0,0,0,1,5,0,1,3,0,0,21,2,0,0
0,0,4,77,0,0,0,0,1,4,4,0,0,0,4,0,0,0,0,0,0,0,0,0,0,0,0,0,0,5,1,0,0
0,0,4,108,0,1,1,0,1,6,4,0,0,0,6,0,0,0,0,0,0,1,1,0,0,0,0,0,0,7,2,0,0
0,0,4,70,0,0,0,0,1,4,4,0,0,0,4,0,0,0,0,0,0,0,0,0,0,0,0,0,0,5,1,0,0
0,0,6,62,1,1,1,0,2,2,6,0,1,1,2,0,0,0,1,0,0,0,0,1,0,1,0,0,0,9,2,0,0
0,0,10,96,3,2,0,2,5,8,10,0,0,2,8,2,1,0,0,0,0,1,0,0,1,1,0,0,0,34,1,0,0
26,0,11,59,5,2,0,2,1,9,11,0,2,3,9,2,2,0,0,0,0,0,2,3,0,0,0,0,0,33,1,0,0
3,0,0,155,1,0,0,0,1,0,3,1,0,0,0,0,0,0,0,0,0,0,0,0,0,0,0,0,0,7,1,0,1
42,0,29,102,3,1,1,0,1,4,29,0,0,1,4,0,0,0,0,0,0,0,0,1,0,0,2,0,0,24,2,0,0
4,0,3,194,0,1,1,0,1,3,3,1,0,1,3,0,0,0,0,0,0,0,0,0,0,0,0,0,0,8,2,0,1
26,0,3,51,1,0,0,0,1,0,3,0,0,1,0,0,0,0,0,0,0,0,0,0,0,0,0,0,0,5,1,0,0
26,0,3,55,2,0,0,0,1,0,3,0,0,2,0,0,0,0,0,0,0,0,1,0,0,0,0,0,0,5,1,0,0
3,0,0,148,1,0,0,0,1,0,3,1,0,0,0,0,0,0,0,0,0,0,0,0,0,0,0,0,0,7,1,0,1
0,0,2,128,0,0,0,0,1,0,2,0,0,4,0,0,0,0,0,0,0,0,0,0,0,0,0,0,0,6,1,0,0
0,0,12,109,2,2,0,2,4,4,12,0,0,1,4,0,0,0,2,0,0,0,0,0,0,2,0,0,0,8,1,0,0
0,0,2,124,0,0,0,0,1,0,2,0,0,4,0,0,0,0,0,0,0,0,0,0,0,0,0,0,0,6,1,0,0
0,0,3,185,1,0,0,0,1,1,3,0,0,1,1,0,0,0,0,0,0,0,0,0,0,0,0,0,0,5,1,0,0
0,0,3,137,1,0,0,0,1,1,3,0,0,2,1,0,0,0,0,0,0,0,0,0,0,0,0,0,0,5,1,0,0
10,0,6,162,0,1,1,0,1,10,6,0,0,0,10,0,0,0,0,0,0,0,3,0,0,0,0,0,0,21,2,0,1
14,0,10,176,1,1,1,0,1,9,10,0,0,0,9,0,0,0,0,0,0,0,3,0,0,0,1,0,0,26,2,0,1
20,0,13,81,4,2,1,1,3,3,13,0,1,3,3,1,1,0,1,0,0,1,0,4,0,2,0,0,0,20,17,0,0
0,0,5,255,1,2,1,1,2,4,5,0,1,0,4,1,4,1,0,0,0,0,1,1,0,1,0,0,0,7,4,0,0
0,0,22,124,9,3,1,2,1,17,22,0,3,0,17,2,1,0,0,0,0,2,0,3,0,0,1,0,0,30,2,0,0
0,0,11,261,3,4,2,2,3,4,11,0,2,1,4,2,3,1,0,0,0,0,1,2,0,2,0,0,0,9,4,0,0
0,0,3,228,0,1,1,0,1,3,3,1,0,0,3,0,0,0,0,0,0,1,0,0,0,0,0,0,0,4,2,0,0
0,0,4,213,1,2,1,1,1,7,4,0,0,3,7,1,3,0,0,0,0,0,0,0,0,0,0,0,0,23,2,0,0
0,0,4,98,0,0,0,0,1,4,4,0,0,0,4,0,0,0,0,0,0,0,0,0,0,0,0,0,0,5,1,0,0
0,0,11,161,4,1,1,0,1,10,11,0,3,0,10,0,0,0,0,0,0,0,0,3,0,0,1,0,0,18,2,0,0
0,0,6,83,1,1,1,0,2,2,6,0,1,1,2,0,0,0,1,0,0,0,0,1,0,1,0,0,0,9,2,0,0
0,0,22,272,4,5,3,2,8,9,22,1,5,1,9,2,2,0,1,0,0,0,1,5,0,3,0,0,0,32,4,0,0
0,0,13,350,3,1,1,0,1,8,13,0,1,0,8,0,0,0,0,0,0,0,0,1,0,0,1,0,0,16,2,0,0
0,0,10,68,3,2,0,2,1,7,10,0,0,1,7,2,5,0,0,0,0,0,0,0,0,0,0,0,0,32,1,0,0
0,0,3,224,1,3,2,1,1,2,3,1,0,0,2,1,1,0,0,0,0,0,0,0,0,0,0,0,0,5,2,0,0
0,0,10,237,3,2,0,2,5,8,10,0,0,2,8,2,3,0,0,0,0,1,0,0,1,1,0,0,0,34,1,0,0
0,0,22,105,3,4,0,4,6,9,22,3,0,1,9,4,3,0,0,0,0,0,0,0,0,2,0,0,0,34,1,0,0
0,0,3,232,0,2,2,0,1,3,3,1,0,0,3,0,0,0,0,0,0,1,0,0,0,0,0,0,0,4,2,0,0
0,0,4,249,0,1,1,0,1,6,4,0,0,0,6,0,0,0,0,0,0,1,1,0,0,0,0,0,0,7,2,0,0
0,0,4,91,0,0,0,0,1,4,4,0,0,0,4,0,0,0,0,0,0,0,0,0,0,0,0,0,0,5,1,0,0
0,0,36,301,3,2,2,0,2,15,36,0,4,0,15,0,0,1,0,0,0,0,1,5,0,1,3,0,0,21,2,0,0
0,0,2,64,0,1,1,0,1,0,2,0,0,0,0,0,0,0,0,0,0,0,0,0,0,0,0,0,0,2,1,0,0
0,0,4,318,2,0,0,0,1,2,4,0,0,3,2,0,0,0,0,0,1,0,0,1,0,0,0,0,0,7,1,0,0
0,0,5,205,0,0,0,0,1,5,5,0,0,1,5,0,0,0,0,0,0,1,0,0,0,0,0,0,0,9,1,0,0
0,0,3,200,0,0,0,0,1,1,3,0,0,0,1,0,0,0,0,0,0,0,0,0,0,0,0,0,0,2,1,0,0
0,0,3,341,2,3,0,3,1,1,3,0,0,2,1,0,0,0,0,0,0,0,0,0,0,0,0,0,0,8,1,0,0
0,0,12,325,1,3,0,3,3,6,12,0,2,2,6,0,0,1,0,0,0,0,1,2,0,2,0,0,0,11,1,0,0
0,0,3,171,2,3,0,3,1,3,3,0,0,2,3,0,0,0,0,0,0,0,0,0,0,0,0,0,0,8,1,0,0
0,0,3,195,2,1,0,1,1,3,3,0,0,1,3,0,0,0,0,0,0,0,0,0,0,0,0,0,0,7,1,0,0
0,0,4,147,0,0,0,0,1,4,4,0,0,0,4,0,0,0,0,0,0,0,0,0,0,0,0,0,0,4,1,0,0
0,0,5,153,0,0,0,0,1,5,5,0,0,1,5,0,0,0,0,0,0,1,0,0,0,0,0,0,0,7,1,0,0
0,0,5,139,1,0,0,0,1,5,5,0,1,1,5,0,0,0,0,0,0,0,0,1,0,0,0,0,0,8,1,0,0
0,0,7,357,2,3,0,3,2,8,7,0,1,2,8,0,0,0,0,0,0,0,1,1,0,1,0,0,0,11,1,0,0
0,0,19,181,7,1,1,0,1,14,19,0,3,2,14,0,0,0,0,0,0,2,0,3,0,0,1,0,0,31,2,0,0
0,0,3,297,0,1,1,0,1,3,3,1,0,0,3,0,0,0,0,0,0,1,0,0,0,0,0,0,0,4,2,0,0
0,0,4,57,2,1,0,1,1,5,4,0,0,1,5,0,0,0,0,0,0,0,0,0,0,0,0,0,0,10,4,0,0
0,0,10,69,3,2,0,2,1,7,10,0,0,1,7,2,5,0,0,0,0,0,0,0,0,0,0,0,0,32,1,0,0
0,0,22,125,9,3,1,2,1,17,22,0,3,0,17,2,1,0,0,0,0,2,0,3,0,0,1,0,0,30,2,0,0
0,0,5,256,1,2,1,1,2,4,5,0,1,0,4,1,4,1,0,0,0,0,1,1,0,1,0,0,0,7,4,0,0
0,0,4,214,1,2,1,1,1,7,4,0,0,3,7,1,3,0,0,0,0,0,0,0,0,0,0,0,0,23,2,0,0
0,0,4,92,0,0,0,0,1,4,4,0,0,0,4,0,0,0,0,0,0,0,0,0,0,0,0,0,0,5,1,0,0
0,0,3,225,1,3,2,1,1,2,3,1,0,0,2,1,1,0,0,0,0,0,0,0,0,0,0,0,0,5,2,0,0
0,0,22,273,4,5,3,2,8,9,22,1,5,1,9,2,2,0,1,0,0,0,1,5,0,3,0,0,0,32,4,0,0
0,0,19,182,7,1,1,0,1,14,19,0,3,2,14,0,0,0,0,0,0,2,0,3,0,0,1,0,0,31,2,0,0
0,0,4,99,0,0,0,0,1,4,4,0,0,0,4,0,0,0,0,0,0,0,0,0,0,0,0,0,0,5,1,0,0
0,0,13,351,3,1,1,0,1,8,13,0,1,0,8,0,0,0,0,0,0,0,0,1,0,0,1,0,0,16,2,0,0
0,0,11,262,3,4,2,2,3,4,11,0,2,1,4,2,3,1,0,0,0,0,1,2,0,2,0,0,0,9,4,0,0
0,0,10,238,3,2,0,2,5,8,10,0,0,2,8,2,3,0,0,0,0,1,0,0,1,1,0,0,0,34,1,0,0
0,0,6,84,1,1,1,0,2,2,6,0,1,1,2,0,0,0,1,0,0,0,0,1,0,1,0,0,0,9,2,0,0
0,0,11,162,4,1,1,0,1,10,11,0,3,0,10,0,0,0,0,0,0,0,0,3,0,0,1,0,0,18,2,0,0
0,0,22,106,3,4,0,4,6,9,22,3,0,1,9,4,3,0,0,0,0,0,0,0,0,2,0,0,0,34,1,0,0
0,0,3,233,0,2,2,0,1,3,3,1,0,0,3,0,0,0,0,0,0,1,0,0,0,0,0,0,0,4,2,0,0
0,0,3,229,0,1,1,0,1,3,3,1,0,0,3,0,0,0,0,0,0,1,0,0,0,0,0,0,0,4,2,0,0
0,0,5,140,1,0,0,0,1,5,5,0,1,1,5,0,0,0,0,0,0,0,0,1,0,0,0,0,0,8,1,0,0
0,0,4,250,0,1,1,0,1,6,4,0,0,0,6,0,0,0,0,0,0,1,1,0,0,0,0,0,0,7,2,0,0
0,0,4,319,2,0,0,0,1,2,4,0,0,3,2,0,0,0,0,0,1,0,0,1,0,0,0,0,0,7,1,0,0
0,0,5,206,0,0,0,0,1,5,5,0,0,1,5,0,0,0,0,0,0,1,0,0,0,0,0,0,0,9,1,0,0
0,0,3,201,0,0,0,0,1,1,3,0,0,0,1,0,0,0,0,0,0,0,0,0,0,0,0,0,0,2,1,0,0
0,0,3,196,2,1,0,1,1,3,3,0,0,1,3,0,0,0,0,0,0,0,0,0,0,0,0,0,0,7,1,0,0
0,0,36,302,3,2,2,0,2,15,36,0,4,0,15,0,0,1,0,0,0,0,1,5,0,1,3,0,0,21,2,0,0
0,0,12,326,1,3,0,3,3,6,12,0,2,2,6,0,0,1,0,0,0,0,1,2,0,2,0,0,0,11,1,0,0
0,0,3,342,2,3,0,3,1,1,3,0,0,2,1,0,0,0,0,0,0,0,0,0,0,0,0,0,0,8,1,0,0
0,0,4,58,2,1,0,1,1,5,4,0,0,1,5,0,0,0,0,0,0,0,0,0,0,0,0,0,0,10,4,0,0
0,0,5,154,0,0,0,0,1,5,5,0,0,1,5,0,0,0,0,0,0,1,0,0,0,0,0,0,0,7,1,0,0
0,0,4,148,0,0,0,0,1,4,4,0,0,0,4,0,0,0,0,0,0,0,0,0,0,0,0,0,0,4,1,0,0
0,0,7,358,2,3,0,3,2,8,7,0,1,2,8,0,0,0,0,0,0,0,1,1,0,1,0,0,0,11,1,0,0
0,0,3,298,0,1,1,0,1,3,3,1,0,0,3,0,0,0,0,0,0,1,0,0,0,0,0,0,0,4,2,0,0
0,0,2,65,0,1,1,0,1,0,2,0,0,0,0,0,0,0,0,0,0,0,0,0,0,0,0,0,0,2,1,0,0
0,0,3,172,2,3,0,3,1,3,3,0,0,2,3,0,0,0,0,0,0,0,0,0,0,0,0,0,0,8,1,0,0
0,0,17,29,6,3,0,3,5,10,17,1,6,3,10,1,1,1,0,0,0,16,0,7,1,2,0,0,0,22,1,0,0
0,0,3,23,0,0,0,0,1,0,3,1,0,0,0,0,0,0,0,0,0,0,0,0,0,0,0,0,0,4,1,0,0
0,0,10,56,2,1,1,0,4,5,10,1,2,2,5,0,0,0,1,0,0,1,0,3,0,2,0,0,0,12,2,0,0
0,0,3,19,1,1,1,0,1,1,3,0,0,1,1,0,0,0,0,0,0,0,0,0,0,0,0,0,0,3,1,0,0
0,0,3,218,1,0,0,0,1,0,3,0,0,1,0,0,0,0,0,0,0,0,0,0,0,0,0,0,0,9,1,0,0
0,0,3,237,1,4,3,1,1,2,3,1,0,0,2,1,1,0,0,0,0,1,0,0,0,0,0,0,0,4,2,0,0
37,41,44,80,10,6,1,5,3,18,40,0,2,0,18,5,8,0,0,0,0,1,0,2,0,1,5,0,0,39,2,0,0
0,0,3,304,0,1,1,0,1,3,3,1,0,0,3,0,0,0,0,0,0,1,0,0,0,0,0,0,0,4,2,0,0
0,0,3,233,1,3,2,1,1,2,3,1,0,0,2,1,1,0,0,0,0,1,0,0,0,0,0,0,0,4,2,0,0
0,0,3,286,1,2,1,1,1,3,3,1,0,0,3,1,1,0,0,0,0,1,0,0,0,0,0,0,0,6,2,0,0
0,0,3,300,1,2,1,1,1,2,3,1,0,0,2,1,1,0,0,0,0,1,0,0,0,0,0,0,0,5,2,0,0
0,0,16,178,3,0,0,0,1,0,16,1,0,1,0,0,0,0,0,0,0,0,0,0,0,0,1,0,0,11,1,0,0
0,0,3,229,1,2,1,1,1,2,3,1,0,0,2,1,2,0,0,0,0,0,0,0,0,0,0,0,0,5,2,0,0
0,0,6,68,1,1,1,0,2,6,6,0,0,0,6,0,0,0,0,0,0,0,0,1,0,1,0,0,0,7,2,0,0
0,0,2,309,1,0,0,0,1,0,2,0,0,1,0,0,0,0,0,0,0,0,0,0,0,0,0,0,0,4,1,0,0
0,0,18,201,4,3,1,2,1,6,18,1,0,0,6,2,3,0,0,0,0,1,0,0,0,0,1,0,0,32,2,0,0
19,0,13,140,5,4,1,3,1,8,13,1,0,1,8,3,3,0,0,0,0,0,0,0,0,0,1,0,0,21,2,0,0
0,0,9,96,2,3,0,3,3,4,9,0,0,1,4,0,0,0,0,0,0,1,2,0,1,1,0,0,0,13,1,0,0
0,0,10,207,3,0,0,0,3,5,10,1,2,2,5,0,0,0,0,1,0,3,0,2,0,1,0,0,0,18,1,0,0
0,0,7,120,3,3,0,3,2,6,7,0,0,1,6,0,0,0,0,0,0,1,1,0,1,1,0,0,0,9,1,0,0
0,0,3,57,0,0,0,0,1,0,3,0,0,0,0,0,0,0,0,0,0,1,0,0,0,0,0,0,0,2,1,0,0
0,0,3,225,1,2,1,1,1,2,3,1,0,0,2,1,1,0,0,0,0,0,0,0,0,0,0,0,0,5,2,0,0
5,0,0,276,2,1,1,0,1,3,5,1,1,1,3,0,0,0,0,0,0,0,1,1,0,0,0,0,0,10,10,0,0
0,0,8,263,1,0,0,0,3,5,8,0,0,1,5,0,0,0,0,0,0,1,0,0,1,2,0,0,0,4,1,0,0
9,5,22,241,5,3,1,2,5,18,26,0,3,1,18,2,1,1,1,0,0,1,0,3,1,3,1,0,0,19,2,0,0
14,0,0,160,2,1,1,0,2,8,14,0,4,1,8,0,0,0,0,1,0,1,0,4,1,1,0,0,0,20,2,0,0
5,0,4,290,1,2,1,1,1,5,4,0,0,1,5,1,1,0,0,0,0,1,0,0,1,0,0,0,0,10,2,0,0
1,0,3,62,2,2,0,2,1,2,4,0,0,1,2,2,9,0,0,0,0,0,0,0,0,0,0,0,0,13,4,0,0
1,0,2,296,1,2,1,1,1,2,3,1,0,0,2,1,1,0,0,0,0,0,1,0,0,0,0,0,0,8,2,0,0
0,0,2,314,0,0,0,0,1,0,2,0,0,1,0,0,0,0,0,0,0,0,0,0,0,0,0,0,0,4,1,0,0
25,0,21,175,2,0,0,0,1,0,21,1,0,0,0,0,0,0,0,0,0,0,0,0,0,0,1,0,0,13,10,0,0
0,0,2,319,1,0,0,0,1,0,2,0,0,1,0,0,0,0,0,0,0,0,0,0,0,0,0,0,0,5,1,0,0
0,0,3,282,1,8,8,0,1,2,3,1,0,0,2,0,0,0,0,0,0,0,0,0,0,0,0,0,0,5,2,0,0
0,0,3,109,0,0,0,0,1,1,3,0,0,1,1,0,0,0,0,0,0,1,0,0,0,0,0,0,0,7,1,0,0
0,0,8,145,2,2,0,2,3,4,8,1,0,1,4,0,0,0,0,0,1,1,0,1,1,1,0,0,0,14,1,0,0
0,0,5,191,2,0,0,0,2,1,5,0,0,1,1,0,0,1,0,0,0,0,0,0,0,1,0,0,0,5,1,0,0
0,0,3,181,1,0,0,0,1,1,3,0,0,0,1,1,0,0,0,0,0,0,0,0,0,0,0,0,0,2,1,0,0
0,0,3,186,1,0,0,0,1,1,3,0,0,1,1,0,0,0,0,0,0,0,0,0,0,0,0,0,0,4,1,0,0
0,0,3,133,0,0,0,0,1,1,3,0,0,1,1,0,0,0,0,0,0,1,0,0,0,0,0,0,0,6,1,0,0
0,0,10,237,3,2,0,2,5,8,10,0,0,2,8,2,3,0,0,0,0,1,0,0,1,1,0,0,0,34,1,0,0
0,0,22,105,3,4,0,4,6,9,22,3,0,1,9,4,3,0,0,0,0,0,0,0,0,2,0,0,0,34,1,0,0
0,0,6,83,1,1,1,0,2,2,6,0,1,1,2,0,0,0,1,0,0,0,0,1,0,1,0,0,0,9,2,0,0
0,0,22,124,9,3,1,2,1,17,22,0,3,0,17,2,1,0,0,0,0,2,0,3,0,0,1,0,0,30,2,0,0
0,0,11,261,3,4,2,2,3,4,11,0,2,1,4,2,3,1,0,0,0,0,1,2,0,2,0,0,0,9,4,0,0
0,0,10,68,3,2,0,2,1,7,10,0,0,1,7,2,5,0,0,0,0,0,0,0,0,0,0,0,0,32,1,0,0
0,0,4,98,0,0,0,0,1,4,4,0,0,0,4,0,0,0,0,0,0,0,0,0,0,0,0,0,0,5,1,0,0
0,0,3,228,0,1,1,0,1,3,3,1,0,0,3,0,0,0,0,0,0,1,0,0,0,0,0,0,0,4,2,0,0
0,0,4,91,0,0,0,0,1,4,4,0,0,0,4,0,0,0,0,0,0,0,0,0,0,0,0,0,0,5,1,0,0
0,0,3,224,1,3,2,1,1,2,3,1,0,0,2,1,1,0,0,0,0,0,0,0,0,0,0,0,0,5,2,0,0
0,0,4,249,0,1,1,0,1,6,4,0,0,0,6,0,0,0,0,0,0,1,1,0,0,0,0,0,0,7,2,0,0
0,0,2,64,0,1,1,0,1,0,2,0,0,0,0,0,0,0,0,0,0,0,0,0,0,0,0,0,0,2,1,0,0
0,0,36,301,3,2,2,0,2,15,36,0,4,0,15,0,0,1,0,0,0,0,1,5,0,1,3,0,0,21,2,0,0
0,0,3,297,0,1,1,0,1,3,3,1,0,0,3,0,0,0,0,0,0,1,0,0,0,0,0,0,0,4,2,0,0
0,0,19,181,7,1,1,0,1,14,19,0,3,2,14,0,0,0,0,0,0,2,0,3,0,0,1,0,0,31,2,0,0
0,0,7,357,2,3,0,3,2,8,7,0,1,2,8,0,0,0,0,0,0,0,1,1,0,1,0,0,0,11,1,0,0
0,0,5,255,1,2,1,1,2,4,5,0,1,0,4,1,4,1,0,0,0,0,1,1,0,1,0,0,0,7,4,0,0
0,0,5,153,0,0,0,0,1,5,5,0,0,1,5,0,0,0,0,0,0,1,0,0,0,0,0,0,0,7,1,0,0
0,0,5,139,1,0,0,0,1,5,5,0,1,1,5,0,0,0,0,0,0,0,0,1,0,0,0,0,0,8,1,0,0
0,0,4,57,2,1,0,1,1,5,4,0,0,1,5,0,0,0,0,0,0,0,0,0,0,0,0,0,0,10,4,0,0
0,0,13,350,3,1,1,0,1,8,13,0,1,0,8,0,0,0,0,0,0,0,0,1,0,0,1,0,0,16,2,0,0
0,0,22,272,4,5,3,2,8,9,22,1,5,1,9,2,2,0,1,0,0,0,1,5,0,3,0,0,0,32,4,0,0
0,0,3,232,0,2,2,0,1,3,3,1,0,0,3,0,0,0,0,0,0,1,0,0,0,0,0,0,0,4,2,0,0
0,0,4,318,2,0,0,0,1,2,4,0,0,3,2,0,0,0,0,0,1,0,0,1,0,0,0,0,0,7,1,0,0
0,0,5,205,0,0,0,0,1,5,5,0,0,1,5,0,0,0,0,0,0,1,0,0,0,0,0,0,0,9,1,0,0
0,0,4,147,0,0,0,0,1,4,4,0,0,0,4,0,0,0,0,0,0,0,0,0,0,0,0,0,0,4,1,0,0
0,0,4,213,1,2,1,1,1,7,4,0,0,3,7,1,3,0,0,0,0,0,0,0,0,0,0,0,0,23,2,0,0
0,0,3,200,0,0,0,0,1,1,3,0,0,0,1,0,0,0,0,0,0,0,0,0,0,0,0,0,0,2,1,0,0
0,0,3,195,2,1,0,1,1,3,3,0,0,1,3,0,0,0,0,0,0,0,0,0,0,0,0,0,0,7,1,0,0
0,0,3,341,2,3,0,3,1,1,3,0,0,2,1,0,0,0,0,0,0,0,0,0,0,0,0,0,0,8,1,0,0
0,0,12,325,1,3,0,3,3,6,12,0,2,2,6,0,0,1,0,0,0,0,1,2,0,2,0,0,0,11,1,0,0
0,0,11,161,4,1,1,0,1,10,11,0,3,0,10,0,0,0,0,0,0,0,0,3,0,0,1,0,0,18,2,0,0
0,0,3,171,2,3,0,3,1,3,3,0,0,2,3,0,0,0,0,0,0,0,0,0,0,0,0,0,0,8,1,0,0
0,0,3,33,2,0,0,0,1,1,3,0,0,1,1,0,0,0,0,0,0,0,0,0,0,0,0,0,0,5,1,0,0
0,0,3,37,0,0,0,0,1,0,3,1,0,0,0,0,0,0,0,0,1,0,1,0,1,0,0,0,0,3,1,0,0
0,0,14,18,4,0,0,0,4,9,14,0,3,3,9,0,0,0,1,0,0,2,3,3,2,2,0,0,0,12,1,0,0
0,0,5,201,0,0,0,0,1,5,5,0,0,1,5,0,0,0,0,0,0,1,0,0,0,0,0,0,0,9,1,0,0
0,0,3,196,0,0,0,0,1,1,3,0,0,0,1,0,0,0,0,0,0,0,0,0,0,0,0,0,0,2,1,0,0
0,0,4,209,1,2,1,1,1,7,4,0,0,3,7,1,3,0,0,0,0,0,0,0,0,0,0,0,0,23,2,0,0
0,0,5,251,1,2,1,1,2,4,5,0,1,0,4,1,4,1,0,0,0,0,1,1,0,1,0,0,0,7,4,0,0
0,0,11,257,3,4,2,2,3,4,11,0,2,1,4,2,3,1,0,0,0,0,1,2,0,2,0,0,0,9,4,0,0
0,0,23,118,9,3,1,2,1,17,23,0,3,0,17,2,1,0,0,0,0,2,0,3,0,0,1,0,0,34,2,0,0
0,0,22,268,4,5,3,2,8,9,22,1,5,1,9,2,2,0,1,0,0,0,1,5,0,3,0,0,0,32,4,0,0
0,0,9,66,3,2,0,2,1,7,9,0,0,1,7,2,5,0,0,0,0,0,0,0,0,0,0,0,0,32,1,0,0
0,0,4,245,0,1,1,0,1,6,4,0,0,0,6,0,0,0,0,0,0,1,1,0,0,0,0,0,0,7,2,0,0
0,0,4,95,0,0,0,0,1,4,4,0,0,0,4,0,0,0,0,0,0,0,0,0,0,0,0,0,0,5,1,0,0
0,0,3,228,0,2,2,0,1,3,3,1,0,0,3,0,0,0,0,0,0,1,0,0,0,0,0,0,0,4,2,0,0
0,0,4,88,0,0,0,0,1,4,4,0,0,0,4,0,0,0,0,0,0,0,0,0,0,0,0,0,0,5,1,0,0
0,0,3,220,1,3,2,1,1,2,3,1,0,0,2,1,1,0,0,0,0,0,0,0,0,0,0,0,0,5,2,0,0
0,0,3,293,0,1,1,0,1,3,3,1,0,0,3,0,0,0,0,0,0,1,0,0,0,0,0,0,0,4,2,0,0
0,0,19,177,7,1,1,0,1,14,19,0,3,2,14,0,0,0,0,0,0,2,0,3,0,0,1,0,0,31,2,0,0
0,0,3,224,0,1,1,0,1,3,3,1,0,0,3,0,0,0,0,0,0,1,0,0,0,0,0,0,0,4,2,0,0
0,0,10,233,3,2,0,2,5,8,10,0,0,2,8,2,3,0,0,0,0,1,0,0,1,1,0,0,0,31,1,0,0
0,0,18,102,3,3,0,3,5,8,18,2,0,1,8,3,3,0,0,0,0,0,0,0,0,2,0,0,0,33,1,0,0
0,21,23,62,0,1,1,0,1,0,2,0,0,0,0,0,0,0,0,0,0,0,0,0,0,0,0,0,0,2,1,0,0
0,0,6,80,1,1,1,0,2,2,6,0,1,1,2,0,0,0,1,0,0,0,0,1,0,1,0,0,0,9,2,0,0
0,0,5,149,0,0,0,0,1,5,5,0,0,1,5,0,0,0,0,0,0,1,0,0,0,0,0,0,0,7,1,0,0
0,0,4,143,0,0,0,0,1,4,4,0,0,0,4,0,0,0,0,0,0,0,0,0,0,0,0,0,0,4,1,0,0
0,0,6,133,2,0,0,0,1,4,6,0,2,1,4,0,0,0,0,0,0,0,0,2,0,0,0,0,0,10,1,0,0
0,0,4,55,2,1,0,1,1,5,4,0,0,1,5,0,0,0,0,0,0,0,0,0,0,0,0,0,0,10,4,0,0
0,0,3,167,2,1,0,1,1,3,3,0,0,2,3,0,0,0,0,0,0,0,0,0,0,0,0,0,0,8,1,0,0
0,0,3,191,2,1,0,1,1,3,3,0,0,1,3,0,0,0,0,0,0,0,0,0,0,0,0,0,0,7,1,0,0
0,0,11,157,4,1,1,0,1,10,11,0,3,0,10,0,0,0,0,0,0,0,0,3,0,0,1,0,0,18,2,0,0
0,0,22,269,4,5,3,2,8,9,22,1,5,1,9,2,2,0,1,0,0,0,1,5,0,3,0,0,0,32,4,0,0
0,0,18,103,3,3,0,3,5,8,18,2,0,1,8,3,3,0,0,0,0,0,0,0,0,2,0,0,0,33,1,0,0
0,0,11,258,3,4,2,2,3,4,11,0,2,1,4,2,3,1,0,0,0,0,1,2,0,2,0,0,0,9,4,0,0
0,0,5,202,0,0,0,0,1,5,5,0,0,1,5,0,0,0,0,0,0,1,0,0,0,0,0,0,0,9,1,0,0
0,0,3,197,0,0,0,0,1,1,3,0,0,0,1,0,0,0,0,0,0,0,0,0,0,0,0,0,0,2,1,0,0
0,0,3,192,2,1,0,1,1,3,3,0,0,1,3,0,0,0,0,0,0,0,0,0,0,0,0,0,0,7,1,0,0
0,0,3,168,2,1,0,1,1,3,3,0,0,2,3,0,0,0,0,0,0,0,0,0,0,0,0,0,0,8,1,0,0
0,0,4,56,2,1,0,1,1,5,4,0,0,1,5,0,0,0,0,0,0,0,0,0,0,0,0,0,0,10,4,0,0
0,0,6,134,2,0,0,0,1,4,6,0,2,1,4,0,0,0,0,0,0,0,0,2,0,0,0,0,0,10,1,0,0
0,0,5,150,0,0,0,0,1,5,5,0,0,1,5,0,0,0,0,0,0,1,0,0,0,0,0,0,0,7,1,0,0
0,0,10,234,3,2,0,2,5,8,10,0,0,2,8,2,3,0,0,0,0,1,0,0,1,1,0,0,0,31,1,0,0
0,0,3,225,0,1,1,0,1,3,3,1,0,0,3,0,0,0,0,0,0,1,0,0,0,0,0,0,0,4,2,0,0
0,0,19,178,7,1,1,0,1,14,19,0,3,2,14,0,0,0,0,0,0,1,0,3,0,0,1,0,0,31,2,0,0
0,0,6,81,1,1,1,0,2,2,6,0,1,1,2,0,0,0,1,0,0,0,0,1,0,1,0,0,0,9,2,0,0
0,0,4,144,0,0,0,0,1,4,4,0,0,0,4,0,0,0,0,0,0,0,0,0,0,0,0,0,0,4,1,0,0
0,0,2,63,0,1,1,0,1,0,2,0,0,0,0,0,0,0,0,0,0,0,0,0,0,0,0,0,0,2,1,0,0
0,0,3,294,0,1,1,0,1,3,3,1,0,0,3,0,0,0,0,0,0,1,0,0,0,0,0,0,0,4,2,0,0
0,0,5,252,1,2,1,1,2,4,5,0,1,0,4,1,4,1,0,0,0,0,1,1,0,1,0,0,0,7,4,0,0
0,0,9,67,3,2,0,2,1,7,9,0,0,1,7,2,5,0,0,0,0,0,0,0,0,0,0,0,0,32,1,0,0
0,0,23,119,9,3,1,2,1,17,23,0,3,0,17,2,1,0,0,0,0,2,0,3,0,0,1,0,0,34,2,0,0
0,0,4,246,0,1,1,0,1,6,4,0,0,0,6,0,0,0,0,0,0,1,1,0,0,0,0,0,0,7,2,0,0
0,0,4,210,1,2,1,1,1,7,4,0,0,3,7,1,3,0,0,0,0,0,0,0,0,0,0,0,0,23,2,0,0
0,0,3,229,0,2,2,0,1,3,3,1,0,0,3,0,0,0,0,0,0,1,0,0,0,0,0,0,0,4,2,0,0
0,0,4,96,0,0,0,0,1,4,4,0,0,0,4,0,0,0,0,0,0,0,0,0,0,0,0,0,0,5,1,0,0
0,0,4,89,0,0,0,0,1,4,4,0,0,0,4,0,0,0,0,0,0,0,0,0,0,0,0,0,0,5,1,0,0
0,0,3,221,1,3,2,1,1,2,3,1,0,0,2,1,1,0,0,0,0,0,0,0,0,0,0,0,0,5,2,0,0
0,0,11,158,4,1,1,0,1,10,11,0,3,0,10,0,0,0,0,0,0,0,0,3,0,0,1,0,0,18,2,0,0
0,0,9,51,3,2,0,2,1,8,9,0,0,1,8,2,5,0,0,0,0,0,0,0,0,0,0,0,0,18,1,0,0
0,0,4,194,1,2,1,1,1,8,4,0,0,3,8,1,3,0,0,0,0,0,0,0,0,0,0,0,0,11,2,0,0
0,0,18,87,3,3,0,3,5,9,18,2,0,1,9,3,3,0,0,0,0,0,0,0,0,2,0,0,0,18,1,0,0
0,0,4,73,0,0,0,0,1,4,4,0,0,0,4,0,0,0,0,0,0,0,0,0,0,0,0,0,0,5,1,0,0
0,0,4,232,0,1,1,0,1,7,4,0,0,0,7,0,0,0,0,0,0,1,1,0,0,0,0,0,0,8,2,0,0
1,1,2,47,0,1,1,0,1,0,2,0,0,0,0,0,0,0,0,0,0,0,0,0,0,0,0,0,0,2,1,0,0
0,0,6,65,1,1,1,0,2,2,6,0,1,1,2,0,0,0,1,0,0,0,0,1,0,1,0,0,0,9,2,0,0
0,0,19,162,7,1,1,0,1,14,19,0,3,2,14,0,0,0,0,0,0,1,0,3,0,0,1,0,0,31,2,0,0
0,0,3,209,0,1,1,0,1,3,3,1,0,0,3,0,0,0,0,0,0,1,0,0,0,0,0,0,0,5,2,0,0
0,0,23,103,9,3,1,2,1,17,23,0,3,0,17,2,1,0,0,0,0,2,0,3,0,0,1,0,0,35,2,0,0
0,0,3,205,1,3,2,1,1,2,3,1,0,0,2,1,1,0,0,0,0,0,0,0,0,0,0,0,0,5,2,0,0
0,0,11,244,3,4,2,2,3,4,11,0,2,1,4,2,3,1,0,0,0,0,1,2,0,2,0,0,0,9,4,0,0
0,0,5,186,0,0,0,0,1,5,5,0,0,1,5,0,0,0,0,0,0,1,0,0,0,0,0,0,0,9,1,0,0
0,0,11,142,4,1,1,0,1,10,11,0,3,0,10,0,0,0,0,0,0,0,0,3,0,0,1,0,0,18,2,0,0
0,0,3,213,0,2,2,0,1,3,3,1,0,0,3,0,0,0,0,0,0,1,0,0,0,0,0,0,0,5,2,0,0
0,0,5,238,1,2,1,1,2,4,5,0,1,0,4,1,4,1,0,0,0,0,1,1,0,1,0,0,0,7,4,0,0
0,0,4,80,0,0,0,0,1,4,4,0,0,0,4,0,0,0,0,0,0,0,0,0,0,0,0,0,0,5,1,0,0
0,0,5,134,0,0,0,0,1,5,5,0,0,1,5,0,0,0,0,0,0,1,0,0,0,0,0,0,0,7,1,0,0
0,0,4,128,0,0,0,0,1,4,4,0,0,0,4,0,0,0,0,0,0,0,0,0,0,0,0,0,0,4,1,0,0
0,0,6,118,2,0,0,0,1,5,6,0,2,1,5,0,0,0,0,0,0,0,0,2,0,0,0,0,0,12,1,0,0
0,0,4,40,2,1,0,1,1,5,4,0,0,1,5,0,0,0,0,0,0,0,0,0,0,0,0,0,0,10,4,0,0
0,0,3,152,2,1,0,1,1,3,3,0,0,2,3,0,0,0,0,0,0,0,0,0,0,0,0,0,0,8,1,0,0
0,0,3,176,2,1,0,1,1,3,3,0,0,1,3,0,0,0,0,0,0,0,0,0,0,0,0,0,0,7,1,0,0
0,0,3,181,0,0,0,0,1,1,3,0,0,0,1,0,0,0,0,0,0,0,0,0,0,0,0,0,0,2,1,0,0
0,0,22,255,4,5,3,2,8,9,22,1,5,1,9,2,2,0,1,0,0,0,1,5,0,3,0,0,0,19,4,0,0
0,0,3,280,0,1,1,0,1,3,3,1,0,0,3,0,0,0,0,0,0,1,0,0,0,0,0,0,0,5,2,0,0
0,0,11,218,4,2,0,2,5,11,11,0,1,2,11,2,3,0,0,0,0,1,0,1,1,1,0,0,0,20,1,0,0
0,0,2,334,0,0,0,0,1,0,2,0,0,1,0,0,0,0,0,0,0,0,0,0,0,0,0,0,0,4,1,0,0
0,0,3,247,1,2,1,1,1,2,3,1,0,0,2,1,2,0,0,0,0,0,0,0,0,0,0,0,0,5,2,0,0
0,0,3,302,1,8,8,0,1,2,3,1,0,0,2,0,0,0,0,0,0,0,0,0,0,0,0,0,0,5,2,0,0
0,0,3,324,1,2,1,1,1,3,3,1,0,0,3,1,1,0,0,0,0,1,0,0,0,0,0,0,0,4,2,0,0
0,0,9,96,2,3,0,3,3,4,9,0,0,1,4,0,0,0,0,0,0,1,2,0,1,1,0,0,0,13,1,0,0
0,0,17,120,4,3,0,3,2,11,17,0,0,1,11,0,0,0,0,0,0,1,1,0,1,1,2,0,0,19,1,0,0
0,0,3,109,0,0,0,0,1,1,3,0,0,1,1,0,0,0,0,0,0,1,0,0,0,0,0,0,0,6,1,0,0
0,0,3,158,2,1,0,1,2,2,3,1,0,1,2,0,0,0,0,0,1,0,0,0,0,0,0,0,0,10,1,0,0
0,0,3,146,0,0,0,0,1,1,3,0,0,1,1,0,0,0,0,0,0,1,0,0,0,0,0,0,0,6,1,0,0
0,0,21,193,2,0,0,0,1,0,21,1,0,0,0,0,0,0,0,0,0,0,0,0,0,0,1,0,0,13,10,0,0
15,2,37,82,10,6,1,5,3,18,50,0,2,0,18,5,9,0,0,0,0,0,0,2,0,1,5,0,0,46,2,0,0
0,0,18,219,4,3,1,2,1,6,18,1,0,0,6,2,3,0,0,0,0,0,0,0,0,0,1,0,0,32,2,0,0
0,0,4,64,2,2,0,2,1,2,4,0,0,1,2,2,10,0,0,0,0,0,0,0,0,0,0,0,0,13,4,0,0
0,0,6,70,1,1,1,0,2,6,6,0,0,0,6,0,0,0,0,0,0,0,0,1,0,1,0,0,0,7,2,0,0
0,0,3,243,1,2,1,1,1,2,3,1,0,0,2,1,1,0,0,0,0,0,0,0,0,0,0,0,0,5,2,0,0
0,0,3,255,1,4,3,1,1,2,3,1,0,0,2,1,1,0,0,0,0,1,0,0,0,0,0,0,0,4,2,0,0
0,0,3,306,1,2,1,1,1,3,3,1,0,0,3,1,1,0,0,0,0,1,0,0,0,0,0,0,0,6,2,0,0
0,0,31,259,7,1,1,0,5,19,31,0,5,1,19,0,0,1,1,0,0,7,0,5,4,3,1,0,0,24,2,0,0
0,0,32,153,6,4,1,3,1,9,32,1,0,1,9,3,4,0,0,0,0,0,0,0,0,0,2,0,0,40,2,0,0
0,0,22,166,2,1,0,1,4,12,22,0,5,1,12,0,0,0,0,1,0,2,1,6,2,2,0,0,0,28,1,0,0
0,0,3,204,1,0,0,0,1,1,3,0,0,1,1,0,0,0,0,0,0,0,0,0,0,0,0,0,0,4,1,0,0
0,0,3,199,1,0,0,0,1,1,3,0,0,0,1,1,0,0,0,0,0,0,0,0,0,0,0,0,0,2,1,0,0
0,0,5,209,2,0,0,0,2,1,5,0,0,1,1,0,0,1,0,0,0,0,0,0,0,1,0,0,0,5,1,0,0
0,0,16,196,3,0,0,0,1,0,16,1,0,1,0,0,0,0,0,0,0,0,0,0,0,0,1,0,0,11,1,0,0
0,0,3,138,0,0,0,0,1,1,3,0,0,1,1,0,0,0,0,0,0,1,0,0,0,0,0,0,0,7,1,0,0
0,0,8,289,1,0,0,0,3,5,8,0,0,1,5,0,0,0,0,0,0,1,0,0,1,2,0,0,0,4,1,0,0
0,0,3,133,1,0,0,0,1,2,3,0,0,1,2,0,0,0,0,0,0,1,0,0,1,0,0,0,0,7,1,0,0
0,0,3,236,1,0,0,0,1,0,3,0,0,1,0,0,0,0,0,0,0,0,0,0,0,0,0,0,0,9,1,0,0
0,0,10,225,3,0,0,0,3,5,10,1,2,2,5,0,0,0,0,1,0,3,0,2,0,1,0,0,0,18,1,0,0
0,0,3,59,0,0,0,0,1,0,3,0,0,0,0,0,0,0,0,0,0,1,0,0,0,0,0,0,0,2,1,0,0
0,0,4,310,1,2,1,1,1,5,4,0,0,1,5,1,1,0,0,0,0,1,0,0,1,0,0,0,0,10,2,0,0
0,0,2,329,1,0,0,0,1,0,2,0,0,1,0,0,0,0,0,0,0,0,0,0,0,0,0,0,0,4,1,0,0
0,0,2,339,1,0,0,0,1,0,2,0,0,1,0,0,0,0,0,0,0,0,0,0,0,0,0,0,0,5,1,0,0
0,0,3,316,1,2,1,1,1,2,3,1,0,0,2,1,1,0,0,0,0,0,1,0,0,0,0,0,0,8,2,0,0
0,0,3,320,1,2,1,1,1,2,3,1,0,0,2,1,1,0,0,0,0,1,0,0,0,0,0,0,0,5,2,0,0
0,0,3,251,1,3,2,1,1,2,3,1,0,0,2,1,1,0,0,0,0,1,0,0,0,0,0,0,0,4,2,0,0
0,0,18,219,4,3,1,2,1,6,18,1,0,0,6,2,3,0,0,0,0,0,0,0,0,0,1,0,0,32,2,0,0
0,0,4,64,2,2,0,2,1,2,4,0,0,1,2,2,10,0,0,0,0,0,0,0,0,0,0,0,0,13,4,0,0
0,0,6,70,1,1,1,0,2,6,6,0,0,0,6,0,0,0,0,0,0,0,0,1,0,1,0,0,0,7,2,0,0
0,0,3,243,1,2,1,1,1,3,3,1,0,0,3,1,1,0,0,0,0,0,0,0,0,0,0,0,0,6,2,0,0
0,0,3,306,1,2,1,1,1,3,3,1,0,0,3,1,1,0,0,0,0,1,0,0,0,0,0,0,0,7,2,0,0
0,0,31,259,7,1,1,0,5,19,31,0,5,1,19,0,0,1,1,0,0,7,0,5,4,3,1,0,0,24,2,0,0
0,0,32,153,6,4,1,3,1,9,32,1,0,1,9,3,4,0,0,0,0,0,0,0,0,0,2,0,0,40,2,0,0
0,0,22,166,2,1,0,1,4,12,22,0,5,1,12,0,0,0,0,1,0,2,1,6,2,2,0,0,0,28,1,0,0
0,0,3,255,1,4,3,1,1,2,3,1,0,0,2,1,1,0,0,0,0,1,0,0,0,0,0,0,0,5,2,0,0
1,2,51,82,10,6,1,5,3,18,50,0,2,0,18,5,9,0,0,0,0,0,0,2,0,1,5,0,0,46,2,0,0
0,0,5,209,2,0,0,0,2,1,5,0,0,1,1,0,0,1,0,0,0,0,0,0,0,1,0,0,0,5,1,0,0
0,0,16,196,3,0,0,0,1,0,16,1,0,1,0,0,0,0,0,0,0,0,0,0,0,0,1,0,0,11,1,0,0
0,0,3,138,0,0,0,0,1,1,3,0,0,1,1,0,0,0,0,0,0,1,0,0,0,0,0,0,0,7,1,0,0
0,0,8,289,1,0,0,0,3,5,8,0,0,1,5,0,0,0,0,0,0,1,0,0,1,2,0,0,0,4,1,0,0
0,0,3,133,1,0,0,0,1,2,3,0,0,1,2,0,0,0,0,0,0,1,0,0,1,0,0,0,0,7,1,0,0
0,0,3,236,1,0,0,0,1,0,3,0,0,1,0,0,0,0,0,0,0,0,0,0,0,0,0,0,0,9,1,0,0
0,0,10,225,3,0,0,0,3,5,10,1,2,2,5,0,0,0,0,1,0,3,0,2,0,1,0,0,0,18,1,0,0
0,0,3,204,1,0,0,0,1,1,3,0,0,1,1,0,0,0,0,0,0,0,0,0,0,0,0,0,0,4,1,0,0
0,0,3,199,1,0,0,0,1,1,3,0,0,0,1,1,0,0,0,0,0,0,0,0,0,0,0,0,0,2,1,0,0
0,0,21,193,2,0,0,0,1,0,21,1,0,0,0,0,0,0,0,0,0,0,0,0,0,0,1,0,0,13,10,0,0
0,0,2,339,1,0,0,0,1,0,2,0,0,1,0,0,0,0,0,0,0,0,0,0,0,0,0,0,0,5,1,0,0
0,0,3,146,0,0,0,0,1,1,3,0,0,1,1,0,0,0,0,0,0,1,0,0,0,0,0,0,0,6,1,0,0
0,0,3,158,2,1,0,1,2,2,3,1,0,1,2,0,0,0,0,0,1,0,0,0,0,0,0,0,0,10,1,0,0
0,0,3,109,0,0,0,0,1,1,3,0,0,1,1,0,0,0,0,0,0,1,0,0,0,0,0,0,0,6,1,0,0
0,0,17,120,4,3,0,3,2,11,17,0,0,1,11,0,0,0,0,0,0,1,1,0,1,1,2,0,0,19,1,0,0
0,0,9,96,2,3,0,3,3,4,9,0,0,1,4,0,0,0,0,0,0,1,2,0,1,1,0,0,0,13,1,0,0
0,0,3,324,1,2,1,1,1,4,3,1,0,0,4,1,1,0,0,0,0,1,0,0,0,0,0,0,0,4,2,0,0
0,0,3,302,1,8,8,0,1,2,3,1,0,0,2,0,0,0,0,0,0,0,0,0,0,0,0,0,0,5,2,0,0
0,0,3,247,1,2,1,1,1,2,3,1,0,0,2,1,2,0,0,0,0,0,0,0,0,0,0,0,0,5,2,0,0
0,0,3,59,0,0,0,0,1,0,3,0,0,0,0,0,0,0,0,0,0,1,0,0,0,0,0,0,0,2,1,0,0
0,0,4,310,1,2,1,1,1,6,4,0,0,1,6,1,1,0,0,0,0,1,0,0,1,0,0,0,0,11,2,0,0
0,0,3,251,1,3,2,1,1,2,3,1,0,0,2,1,1,0,0,0,0,1,0,0,0,0,0,0,0,5,2,0,0
0,0,3,320,1,2,1,1,1,2,3,1,0,0,2,1,1,0,0,0,0,1,0,0,0,0,0,0,0,6,2,0,0
0,0,3,316,1,2,1,1,1,3,3,1,0,0,3,1,1,0,0,0,0,0,1,0,0,0,0,0,0,9,2,0,0
0,0,2,334,0,0,0,0,1,0,2,0,0,1,0,0,0,0,0,0,0,0,0,0,0,0,0,0,0,4,1,0,0
0,0,2,329,1,0,0,0,1,0,2,0,0,1,0,0,0,0,0,0,0,0,0,0,0,0,0,0,0,4,1,0,0
5,0,0,14,0,1,1,0,2,1,5,0,0,1,1,0,0,0,0,0,0,1,0,0,0,1,0,0,0,2,9,0,0
5,0,3,20,4,1,0,1,2,9,8,0,0,3,9,1,1,0,0,0,0,1,0,0,0,1,0,0,0,10,9,0,0
10,0,4,40,3,2,0,2,1,7,4,0,0,3,7,2,1,0,0,0,0,3,0,0,1,0,0,0,0,9,9,0,0
7,0,0,32,2,2,2,0,2,4,7,1,0,1,4,0,0,0,1,0,0,0,0,1,0,1,0,0,0,6,42,0,0
0,0,4,42,3,2,0,2,1,7,4,0,0,3,7,2,1,0,0,0,0,3,0,0,1,0,0,0,0,9,9,0,0
1,1,8,20,4,1,0,1,2,9,8,0,0,3,9,1,1,0,0,0,0,1,0,0,0,1,0,0,0,10,9,0,0
3,1,7,32,2,2,2,0,3,4,9,1,0,1,4,0,0,0,1,0,0,0,0,1,0,2,0,0,0,6,42,0,0
1,1,5,14,0,1,1,0,2,1,5,0,0,1,1,0,0,0,0,0,0,1,0,0,0,1,0,0,0,2,9,0,0
0,0,3,259,1,4,3,1,1,2,3,1,0,0,2,1,1,0,0,0,0,1,0,0,0,0,0,0,0,5,2,0,0
0,0,3,251,1,2,1,1,1,2,3,1,0,0,2,1,2,0,0,0,0,0,0,0,0,0,0,0,0,5,2,0,0
0,0,4,315,1,2,1,1,1,6,4,0,0,1,6,1,1,0,0,0,0,1,0,0,1,0,0,0,0,11,2,0,0
0,0,3,62,0,0,0,0,1,0,3,0,0,0,0,0,0,0,0,0,0,1,0,0,0,0,0,0,0,2,1,0,0
0,0,3,307,1,8,8,0,1,2,3,1,0,0,2,0,0,0,0,0,0,0,0,0,0,0,0,0,0,5,2,0,0
0,0,2,339,0,0,0,0,1,0,2,0,0,1,0,0,0,0,0,0,0,0,0,0,0,0,0,0,0,4,1,0,0
0,0,2,344,1,0,0,0,1,0,2,0,0,1,0,0,0,0,0,0,0,0,0,0,0,0,0,0,0,5,1,0,0
0,0,3,325,1,2,1,1,1,2,3,1,0,0,2,1,1,0,0,0,0,1,0,0,0,0,0,0,0,6,2,0,0
0,0,2,334,1,0,0,0,1,0,2,0,0,1,0,0,0,0,0,0,0,0,0,0,0,0,0,0,0,4,1,0,0
0,0,32,263,7,1,1,0,5,21,32,0,5,1,21,0,0,1,1,0,0,7,0,5,4,3,1,0,0,24,2,0,0
0,0,3,321,1,2,1,1,1,3,3,1,0,0,3,1,1,0,0,0,0,0,1,0,0,0,0,0,0,9,2,0,0
0,0,3,150,0,0,0,0,1,2,3,0,0,1,2,0,0,0,0,0,0,1,0,0,0,0,0,0,0,8,1,0,0
0,0,3,162,2,1,0,1,2,2,3,1,0,1,2,0,0,0,0,0,1,0,0,0,0,0,0,0,0,10,1,0,0
0,0,17,124,4,3,0,3,2,11,17,0,0,1,11,0,0,0,0,0,0,1,1,0,1,1,2,0,0,21,1,0,0
0,0,9,100,2,3,0,3,3,4,9,0,0,1,4,0,0,0,0,0,0,1,2,0,1,1,0,0,0,13,1,0,0
0,0,3,255,1,3,2,1,1,2,3,1,0,0,2,1,1,0,0,0,0,1,0,0,0,0,0,0,0,5,2,0,0
0,0,21,197,2,0,0,0,1,0,21,1,0,0,0,0,0,0,0,0,0,0,0,0,0,0,1,0,0,13,10,0,0
0,0,32,157,6,4,1,3,1,9,32,1,0,1,9,3,4,0,0,0,0,0,0,0,0,0,2,0,0,42,2,0,0
0,0,3,113,0,0,0,0,1,2,3,0,0,1,2,0,0,0,0,0,0,1,0,0,0,0,0,0,0,8,1,0,0
0,0,4,67,2,2,0,2,1,2,4,0,0,1,2,2,10,0,0,0,0,0,0,0,0,0,0,0,0,13,4,0,0
0,0,50,85,10,6,1,5,3,18,50,0,2,0,18,5,9,0,0,0,0,0,0,2,0,1,5,0,0,48,2,0,0
0,0,10,229,3,0,0,0,3,5,10,1,2,2,5,0,0,0,0,1,0,3,0,2,0,1,0,0,0,18,1,0,0
0,0,3,240,1,0,0,0,1,0,3,0,0,1,0,0,0,0,0,0,0,0,0,0,0,0,0,0,0,9,1,0,0
0,0,3,137,1,0,0,0,1,2,3,0,0,1,2,0,0,0,0,0,0,1,0,0,1,0,0,0,0,7,1,0,0
0,0,8,294,1,0,0,0,3,5,8,0,0,1,5,0,0,0,0,0,0,1,0,0,1,2,0,0,0,4,1,0,0
0,0,3,142,0,0,0,0,1,2,3,0,0,1,2,0,0,0,0,0,0,1,0,0,0,0,0,0,0,10,1,0,0
0,0,16,200,3,0,0,0,1,0,16,1,0,1,0,0,0,0,0,0,0,0,0,0,0,0,1,0,0,11,1,0,0
0,0,3,203,1,0,0,0,1,1,3,0,0,0,1,1,0,0,0,0,0,0,0,0,0,0,0,0,0,2,1,0,0
0,0,3,247,1,2,1,1,1,3,3,1,0,0,3,1,1,0,0,0,0,0,0,0,0,0,0,0,0,6,2,0,0
0,0,5,213,2,0,0,0,2,1,5,0,0,1,1,0,0,1,0,0,0,0,0,0,0,1,0,0,0,5,1,0,0
0,0,3,311,1,2,1,1,1,3,3,1,0,0,3,1,1,0,0,0,0,1,0,0,0,0,0,0,0,7,2,0,0
0,0,22,170,2,1,0,1,4,13,22,0,5,1,13,0,0,0,0,1,0,2,1,6,2,2,0,0,0,31,1,0,0
0,0,3,329,1,2,1,1,1,4,3,1,0,0,4,1,1,0,0,0,0,1,0,0,0,0,0,0,0,4,2,0,0
0,0,18,223,4,3,1,2,1,6,18,1,0,0,6,2,3,0,0,0,0,0,0,0,0,0,1,0,0,32,2,0,0
0,0,6,73,1,1,1,0,2,6,6,0,0,0,6,0,0,0,0,0,0,0,0,1,0,1,0,0,0,7,2,0,0
0,0,3,208,1,0,0,0,1,1,3,0,0,1,1,0,0,0,0,0,0,0,0,0,0,0,0,0,0,4,1,0,0
0,0,18,220,4,3,1,2,1,6,18,1,0,0,6,2,3,0,0,0,0,0,0,0,0,0,1,0,0,32,2,0,0
0,0,6,71,1,1,1,0,2,6,6,0,0,0,6,0,0,0,0,0,0,0,0,1,0,1,0,0,0,7,2,0,0
0,0,3,308,1,2,1,1,1,3,3,1,0,0,3,1,1,0,0,0,0,1,0,0,0,0,0,0,0,7,2,0,0
0,0,10,226,3,0,0,0,3,5,10,1,2,2,5,0,0,0,0,1,0,3,0,2,0,1,0,0,0,18,1,0,0
0,0,3,237,1,0,0,0,1,0,3,0,0,1,0,0,0,0,0,0,0,0,0,0,0,0,0,0,0,9,1,0,0
0,0,3,134,1,0,0,0,1,2,3,0,0,1,2,0,0,0,0,0,0,1,0,0,1,0,0,0,0,7,1,0,0
0,0,16,197,3,0,0,0,1,0,16,1,0,1,0,0,0,0,0,0,0,0,0,0,0,0,1,0,0,11,1,0,0
0,0,3,139,0,0,0,0,1,2,3,0,0,1,2,0,0,0,0,0,0,1,0,0,0,0,0,0,0,10,1,0,0
0,0,4,65,2,2,0,2,1,2,4,0,0,1,2,2,10,0,0,0,0,0,0,0,0,0,0,0,0,13,4,0,0
0,0,5,210,2,0,0,0,2,1,5,0,0,1,1,0,0,1,0,0,0,0,0,0,0,1,0,0,0,5,1,0,0
0,0,3,200,1,0,0,0,1,1,3,0,0,0,1,1,0,0,0,0,0,0,0,0,0,0,0,0,0,2,1,0,0
0,0,3,205,1,0,0,0,1,1,3,0,0,1,1,0,0,0,0,0,0,0,0,0,0,0,0,0,0,4,1,0,0
0,0,22,167,2,1,0,1,4,13,22,0,5,1,13,0,0,0,0,1,0,2,1,6,2,2,0,0,0,31,1,0,0
0,0,32,260,7,1,1,0,5,21,32,0,5,1,21,0,0,1,1,0,0,7,0,5,4,3,1,0,0,24,2,0,0
0,0,8,291,1,0,0,0,3,5,8,0,0,1,5,0,0,0,0,0,0,1,0,0,1,2,0,0,0,4,1,0,0
1,2,51,83,10,6,1,5,3,18,50,0,2,0,18,5,9,0,0,0,0,0,0,2,0,1,5,0,0,48,2,0,0
0,0,3,60,0,0,0,0,1,0,3,0,0,0,0,0,0,0,0,0,0,1,0,0,0,0,0,0,0,2,1,0,0
0,0,32,154,6,4,1,3,1,9,32,1,0,1,9,3,4,0,0,0,0,0,0,0,0,0,2,0,0,42,2,0,0
0,0,3,147,0,0,0,0,1,2,3,0,0,1,2,0,0,0,0,0,0,1,0,0,0,0,0,0,0,8,1,0,0
0,0,3,159,2,1,0,1,2,2,3,1,0,1,2,0,0,0,0,0,1,0,0,0,0,0,0,0,0,10,1,0,0
0,0,3,110,0,0,0,0,1,2,3,0,0,1,2,0,0,0,0,0,0,1,0,0,0,0,0,0,0,8,1,0,0
0,0,17,121,4,3,0,3,2,11,17,0,0,1,11,0,0,0,0,0,0,1,1,0,1,1,2,0,0,21,1,0,0
0,0,9,97,2,3,0,3,3,4,9,0,0,1,4,0,0,0,0,0,0,1,2,0,1,1,0,0,0,13,1,0,0
0,0,3,322,1,2,1,1,1,2,3,1,0,0,2,1,1,0,0,0,0,1,0,0,0,0,0,0,0,6,2,0,0
0,0,3,304,1,8,8,0,1,2,3,1,0,0,2,0,0,0,0,0,0,0,0,0,0,0,0,0,0,5,2,0,0
0,0,4,312,1,2,1,1,1,6,4,0,0,1,6,1,1,0,0,0,0,1,0,0,1,0,0,0,0,11,2,0,0
0,0,3,326,1,2,1,1,1,4,3,1,0,0,4,1,1,0,0,0,0,1,0,0,0,0,0,0,0,4,2,0,0
0,0,3,256,1,4,3,1,1,2,3,1,0,0,2,1,1,0,0,0,0,1,0,0,0,0,0,0,0,5,2,0,0
0,0,3,318,1,2,1,1,1,3,3,1,0,0,3,1,1,0,0,0,0,0,1,0,0,0,0,0,0,9,2,0,0
0,0,2,336,0,0,0,0,1,0,2,0,0,1,0,0,0,0,0,0,0,0,0,0,0,0,0,0,0,4,1,0,0
0,0,2,331,1,0,0,0,1,0,2,0,0,1,0,0,0,0,0,0,0,0,0,0,0,0,0,0,0,4,1,0,0
0,0,3,252,1,3,2,1,1,2,3,1,0,0,2,1,1,0,0,0,0,1,0,0,0,0,0,0,0,5,2,0,0
0,0,2,341,1,0,0,0,1,0,2,0,0,1,0,0,0,0,0,0,0,0,0,0,0,0,0,0,0,5,1,0,0
0,0,21,194,2,0,0,0,1,0,21,1,0,0,0,0,0,0,0,0,0,0,0,0,0,0,1,0,0,13,10,0,0
0,0,3,248,1,2,1,1,1,2,3,1,0,0,2,1,2,0,0,0,0,0,0,0,0,0,0,0,0,5,2,0,0
0,0,3,244,1,2,1,1,1,3,3,1,0,0,3,1,1,0,0,0,0,0,0,0,0,0,0,0,0,6,2,0,0
0,0,5,147,1,1,0,1,1,4,5,0,0,1,4,0,0,0,0,0,0,3,0,0,0,0,0,0,0,12,1,0,0
0,0,5,134,1,0,0,0,2,1,5,0,0,1,1,0,0,0,0,0,0,1,0,0,1,1,0,0,0,7,1,0,0
0,0,27,155,8,3,1,2,3,16,27,1,4,2,16,2,1,0,0,0,0,1,0,4,0,1,1,0,0,39,2,0,0
0,0,5,41,1,0,0,0,1,4,5,0,0,0,4,0,0,0,0,0,0,0,0,1,0,0,0,0,0,6,1,0,0
0,0,5,52,2,0,0,0,2,3,5,0,0,1,3,0,0,0,0,0,0,0,0,0,0,1,0,0,0,5,1,0,0
0,0,27,113,8,3,1,2,3,16,27,1,4,3,16,2,1,0,0,0,0,1,0,4,0,1,1,0,0,40,2,0,0
0,0,3,109,0,2,2,0,1,2,3,1,0,0,2,0,0,0,0,0,0,1,0,0,0,0,0,0,0,3,2,0,0
0,0,8,197,1,3,3,0,1,2,8,0,0,1,2,0,0,0,0,0,0,1,0,0,0,0,1,0,0,7,2,0,0
2,0,42,59,5,3,0,3,8,20,44,0,13,1,20,3,3,1,2,0,0,7,0,13,2,4,0,0,0,36,1,0,0
0,0,3,200,1,0,0,0,1,2,3,0,0,1,2,0,0,0,0,0,0,2,0,0,1,0,0,0,0,6,1,0,0
0,0,5,189,1,1,0,1,1,4,5,0,0,1,4,0,0,0,0,0,0,3,0,0,0,0,0,0,0,12,1,0,0
0,0,3,105,0,2,2,0,1,2,3,1,0,0,2,0,0,0,0,0,0,1,0,0,0,0,0,0,0,3,2,0,0
0,0,4,141,1,1,0,1,1,3,4,0,0,0,3,0,0,0,0,0,0,2,0,0,0,0,0,0,0,8,1,0,0
0,0,5,176,1,0,0,0,2,1,5,0,0,1,1,0,0,0,0,0,0,1,0,0,1,1,0,0,0,7,1,0,0
0,0,4,183,1,1,0,1,1,3,4,0,0,0,3,0,0,0,0,0,0,2,0,0,0,0,0,0,0,8,1,0,0
0,0,9,33,2,2,2,0,3,4,9,1,0,1,4,0,0,0,1,0,0,0,0,1,0,2,0,0,0,6,42,0,0
2,1,8,20,4,1,0,1,2,9,9,0,1,3,9,1,1,0,0,0,0,2,0,1,1,1,0,0,0,12,9,0,0
2,1,4,14,0,1,1,0,2,1,5,0,0,1,1,0,0,0,0,0,0,1,0,0,0,1,0,0,0,2,9,0,0
0,0,4,43,3,2,0,2,1,7,4,0,0,3,7,2,1,0,0,0,0,3,0,0,1,0,0,0,0,9,9,0,0
0,0,9,43,2,2,2,0,3,4,9,1,0,1,4,0,0,0,1,0,0,0,0,1,0,2,0,0,0,6,42,0,0
0,0,5,24,0,1,1,0,2,1,5,0,0,1,1,0,0,0,0,0,0,1,0,0,0,1,0,0,0,2,9,0,0
0,0,9,30,4,1,0,1,2,9,9,0,1,3,9,1,1,0,0,0,0,2,0,1,1,1,0,0,0,12,9,0,0
0,0,4,53,3,2,0,2,1,7,4,0,0,3,7,2,1,0,0,0,0,3,0,0,1,0,0,0,0,9,9,0,0
0,0,3,49,0,0,0,0,1,0,3,1,0,0,0,0,0,0,0,0,0,0,0,0,0,0,0,0,0,3,1,0,0
0,0,3,95,0,0,0,0,1,0,3,1,0,0,0,0,0,0,0,0,0,0,0,0,0,0,0,0,0,3,1,0,0
0,0,11,128,1,2,0,2,3,3,11,3,2,0,3,2,1,0,0,0,0,1,0,2,1,1,0,0,0,7,1,0,0
0,0,7,99,1,2,1,1,2,4,7,2,1,0,4,1,1,0,0,0,0,2,1,1,0,1,0,0,0,6,1,0,0
0,0,3,64,0,0,0,0,1,0,3,1,0,0,0,0,0,0,0,0,0,0,0,0,0,0,0,0,0,4,1,0,0
0,0,11,30,0,0,0,0,1,1,11,0,0,9,1,0,0,0,0,0,0,1,0,9,0,0,0,0,0,21,1,0,0
1,1,4,107,0,0,0,0,2,3,4,1,1,0,3,0,0,0,1,0,0,4,0,1,0,0,0,0,0,5,1,0,0
0,0,6,84,0,2,2,0,2,2,6,2,0,1,2,0,0,0,0,0,0,1,3,0,1,1,0,0,0,4,2,0,0
0,0,6,76,1,3,0,3,2,3,6,2,0,0,3,3,2,0,0,0,0,0,0,0,0,1,0,0,0,9,1,0,0
0,0,3,116,1,0,0,0,1,0,3,0,0,1,0,0,0,0,0,0,0,0,0,1,0,0,0,0,0,5,1,0,0
0,0,6,53,0,1,1,0,2,2,6,2,0,0,2,0,0,0,0,0,0,1,0,0,0,1,0,0,0,3,1,0,0
0,0,3,120,1,0,0,0,1,0,3,1,0,0,0,0,0,0,0,0,0,0,0,0,0,0,0,0,0,4,1,0,0
0,0,3,112,0,0,0,0,1,0,3,1,0,0,0,0,0,0,0,0,0,0,0,0,0,0,0,0,0,3,1,0,0
0,0,6,42,0,1,1,0,2,2,6,2,0,0,2,0,0,0,0,0,0,1,0,0,0,1,0,0,0,3,1,0,0
0,0,3,60,0,0,0,0,1,0,3,1,0,0,0,0,0,0,0,0,0,0,0,0,0,0,0,0,0,3,1,0,0
0,0,3,124,0,0,0,0,1,0,3,1,0,0,0,0,0,0,0,0,0,0,0,0,0,0,0,0,0,3,1,0,0
0,0,3,91,0,2,2,0,1,1,3,1,0,0,1,0,0,0,0,0,0,1,0,0,0,0,0,0,0,3,1,0,0
0,0,6,68,1,1,0,1,2,1,6,2,0,0,1,1,1,0,0,0,0,1,0,0,1,1,0,0,0,9,1,0,0
0,0,3,60,0,0,0,0,1,0,3,1,0,0,0,0,0,0,0,0,0,0,0,0,0,0,0,0,0,3,1,0,0
0,0,11,30,0,0,0,0,1,1,11,0,0,9,1,0,0,0,0,0,0,1,0,9,0,0,0,0,0,21,1,0,0
0,0,3,49,0,0,0,0,1,0,3,1,0,0,0,0,0,0,0,0,0,0,0,0,0,0,0,0,0,3,1,0,0
0,0,6,42,0,1,1,0,2,2,6,2,0,0,2,0,0,0,0,0,0,1,0,0,0,1,0,0,0,3,1,0,0
0,0,6,53,0,1,1,0,2,2,6,2,0,0,2,0,0,0,0,0,0,1,0,0,0,1,0,0,0,3,1,0,0
0,0,3,116,1,0,0,0,1,0,3,0,0,1,0,0,0,0,0,0,0,0,0,1,0,0,0,0,0,5,1,0,0
0,0,6,76,1,3,0,3,2,3,6,2,0,0,3,3,2,0,0,0,0,0,0,0,0,1,0,0,0,9,1,0,0
0,0,6,84,0,2,2,0,2,2,6,2,0,1,2,0,0,0,0,0,0,1,3,0,1,1,0,0,0,4,2,0,0
0,0,3,91,0,2,2,0,1,1,3,1,0,0,1,0,0,0,0,0,0,1,0,0,0,0,0,0,0,3,1,0,0
0,0,3,112,0,0,0,0,1,0,3,1,0,0,0,0,0,0,0,0,0,0,0,0,0,0,0,0,0,3,1,0,0
0,0,3,120,1,0,0,0,1,0,3,1,0,0,0,0,0,0,0,0,0,0,0,0,0,0,0,0,0,4,1,0,0
0,0,6,68,1,1,0,1,2,1,6,2,0,0,1,1,1,0,0,0,0,1,0,0,1,1,0,0,0,9,1,0,0
0,0,3,64,0,0,0,0,1,0,3,1,0,0,0,0,0,0,0,0,0,0,0,0,0,0,0,0,0,4,1,0,0
0,0,3,124,0,0,0,0,1,0,3,1,0,0,0,0,0,0,0,0,0,0,0,0,0,0,0,0,0,3,1,0,0
0,0,7,99,1,2,1,1,2,4,7,2,1,0,4,1,1,0,0,0,0,2,1,1,0,1,0,0,0,6,1,0,0
2,1,10,128,1,2,0,2,3,3,11,3,2,0,3,2,1,0,0,0,0,1,0,2,1,1,0,0,0,7,1,0,0
0,0,3,95,0,0,0,0,1,0,3,1,0,0,0,0,0,0,0,0,0,0,0,0,0,0,0,0,0,3,1,0,0
0,0,4,107,0,0,0,0,2,3,4,1,1,0,3,0,0,0,1,0,0,4,0,1,0,0,0,0,0,5,1,0,0
0,0,16,199,3,0,0,0,1,0,16,1,0,1,0,0,0,0,0,0,0,0,0,0,0,0,1,0,0,11,1,0,0
0,0,2,351,1,0,0,0,1,0,2,0,0,1,0,0,0,0,0,0,0,0,0,0,0,0,0,0,0,5,1,0,0
0,0,2,346,0,0,0,0,1,0,2,0,0,1,0,0,0,0,0,0,0,0,0,0,0,0,0,0,0,4,1,0,0
0,0,22,169,2,1,0,1,4,13,22,0,5,1,13,0,0,0,0,1,0,2,1,6,1,2,0,0,0,31,1,0,0
0,0,3,328,1,2,1,1,1,3,3,1,0,0,3,1,1,0,0,0,0,0,1,0,0,0,0,0,0,9,2,0,0
0,0,6,71,1,1,1,0,2,6,6,0,0,0,6,0,0,0,0,0,0,0,0,1,0,1,0,0,0,7,2,0,0
0,0,5,212,2,0,0,0,2,1,5,0,0,1,1,0,0,1,0,0,0,0,0,0,0,1,0,0,0,5,1,0,0
0,0,3,207,1,0,0,0,1,1,3,0,0,1,1,0,0,0,0,0,0,0,0,0,0,0,0,0,0,4,1,0,0
0,0,3,202,1,0,0,0,1,1,3,0,0,0,1,1,0,0,0,0,0,0,0,0,0,0,0,0,0,2,1,0,0
0,0,3,141,0,0,0,0,1,3,3,0,0,1,3,0,0,0,0,0,0,0,0,0,0,0,0,0,0,6,1,0,0
0,0,15,228,3,0,0,0,4,6,15,1,4,2,6,0,0,0,0,1,0,3,0,4,0,2,0,0,0,21,1,0,0
0,0,5,134,1,0,0,0,2,1,5,0,0,1,1,0,0,0,0,0,0,1,0,0,1,1,0,0,0,11,1,0,0
0,0,3,247,1,0,0,0,1,0,3,0,0,1,0,0,0,0,0,0,0,0,0,0,0,0,0,0,0,9,1,0,0
0,0,3,262,1,3,2,1,1,2,3,1,0,0,2,1,1,0,0,0,0,1,0,0,0,0,0,0,0,5,2,0,0
0,0,3,149,0,0,0,0,1,2,3,0,0,1,2,0,0,0,0,0,0,1,0,0,0,0,0,0,0,8,1,0,0
0,0,3,161,2,1,0,1,2,2,3,1,0,1,2,0,0,0,0,0,1,0,0,0,0,0,0,0,0,10,1,0,0
0,0,23,222,4,3,1,2,1,6,23,1,0,0,6,2,3,0,0,0,0,0,0,0,0,0,1,0,0,35,2,0,0
0,0,2,341,1,0,0,0,1,0,2,0,0,1,0,0,0,0,0,0,0,0,0,0,0,0,0,0,0,4,1,0,0
0,0,9,97,2,3,0,3,3,4,9,0,0,1,4,0,0,0,0,0,0,1,2,0,1,1,0,0,0,13,1,0,0
0,0,19,121,4,3,0,3,2,11,19,0,0,1,11,0,0,0,0,0,0,1,1,0,1,1,2,0,0,23,1,0,0
0,0,3,110,0,0,0,0,1,2,3,0,0,1,2,0,0,0,0,0,0,1,0,0,0,0,0,0,0,8,1,0,0
0,0,8,301,1,0,0,0,3,5,8,0,0,1,5,0,0,0,0,0,0,1,0,0,1,2,0,0,0,4,1,0,0
0,0,4,322,1,2,1,1,1,6,4,0,0,1,6,1,1,0,0,0,0,1,0,0,1,0,0,0,0,11,2,0,0
0,0,3,332,1,2,1,1,1,2,3,1,0,0,2,1,1,0,0,0,0,1,0,0,0,0,0,0,0,6,2,0,0
0,0,32,270,7,1,1,0,5,21,32,0,5,1,21,0,0,1,1,0,0,7,0,5,4,3,1,0,0,24,2,0,0
0,0,3,314,1,8,8,0,1,2,3,1,0,0,2,0,0,0,0,0,0,0,0,0,0,0,0,0,0,5,2,0,0
0,0,52,83,10,6,1,5,3,18,52,0,2,0,18,5,9,0,0,0,0,0,0,2,0,1,5,0,0,50,2,0,0
1,1,32,156,6,4,1,3,1,9,32,1,0,1,9,3,4,0,0,0,0,0,0,0,0,0,2,0,0,42,2,0,0
0,0,21,196,2,0,0,0,1,0,21,1,0,0,0,0,0,0,0,0,0,0,0,0,0,0,1,0,0,13,10,0,0
0,0,3,336,1,2,1,1,1,4,3,1,0,0,4,1,1,0,0,0,0,1,0,0,0,0,0,0,0,4,2,0,0
0,0,3,266,1,4,3,1,1,2,3,1,0,0,2,1,1,0,0,0,0,1,0,0,0,0,0,0,0,5,2,0,0
0,0,3,318,1,2,1,1,1,3,3,1,0,0,3,1,1,0,0,0,0,1,0,0,0,0,0,0,0,7,2,0,0
0,0,3,60,0,0,0,0,1,0,3,0,0,0,0,0,0,0,0,0,0,1,0,0,0,0,0,0,0,2,1,0,0
0,0,4,65,2,2,0,2,1,2,4,0,0,1,2,2,10,0,0,0,0,0,0,0,0,0,0,0,0,13,4,0,0
0,0,3,254,1,2,1,1,1,3,3,1,0,0,3,1,1,0,0,0,0,0,0,0,0,0,0,0,0,6,2,0,0
0,0,3,258,1,2,1,1,1,2,3,1,0,0,2,1,2,0,0,0,0,0,0,0,0,0,0,0,0,5,2,0,0
0,1,6,24,0,1,1,0,2,1,5,0,0,1,1,0,0,0,0,0,0,1,0,0,0,1,0,0,0,2,9,0,0
1,1,9,56,2,2,2,0,3,4,9,1,0,1,4,0,0,0,1,0,0,0,0,1,0,2,0,0,0,6,42,0,0
12,10,6,43,3,2,0,2,2,7,8,0,0,3,7,2,1,0,0,0,0,3,0,0,1,1,0,0,0,9,9,0,0
1,0,8,30,4,1,0,1,2,9,9,0,1,3,9,1,1,0,0,0,0,2,0,1,1,1,0,0,0,13,9,0,0
0,0,9,65,2,2,2,0,3,4,9,1,0,1,4,0,0,0,1,0,0,0,0,1,0,2,0,0,0,6,42,0,0
5,0,0,32,3,1,1,0,2,3,5,1,2,1,3,0,0,0,1,0,0,0,0,2,0,0,0,0,0,12,10,0,0
0,0,8,52,3,2,0,2,2,7,8,0,0,3,7,2,1,0,0,0,0,3,0,0,1,1,0,0,0,9,9,0,0
0,0,5,26,0,1,1,0,2,1,5,0,0,1,1,0,0,0,0,0,0,1,0,0,0,1,0,0,0,2,9,0,0
5,4,8,38,4,2,0,2,2,12,9,0,1,3,12,2,1,0,0,0,0,2,0,1,1,1,0,0,0,17,9,0,0
12,1,6,41,6,2,0,2,4,17,17,0,3,3,17,2,1,0,1,0,0,7,0,5,4,3,0,0,0,23,9,0,0
0,0,5,29,0,1,1,0,2,1,5,0,0,1,1,0,0,0,0,0,0,1,0,0,0,1,0,0,0,2,9,0,0
0,0,8,66,3,2,0,2,2,7,8,0,0,3,7,2,1,0,0,0,0,3,0,0,1,1,0,0,0,9,9,0,0
0,0,5,35,3,1,1,0,2,3,5,1,2,1,3,0,0,0,1,0,0,0,0,2,0,0,0,0,0,12,10,0,0
0,0,9,79,2,2,2,0,3,4,9,1,0,1,4,0,0,0,1,0,0,0,0,1,0,2,0,0,0,6,42,0,0
0,0,5,149,0,0,0,0,1,5,5,0,0,0,5,0,0,0,0,0,0,0,0,0,0,0,0,0,0,4,1,0,0
0,0,9,136,2,0,0,0,2,6,9,0,2,1,6,0,0,0,0,0,0,1,0,2,1,1,0,0,0,16,1,0,0
0,0,4,222,1,2,1,1,1,8,4,0,0,3,8,1,3,0,0,0,0,0,0,0,0,0,0,0,0,11,2,0,0
0,0,5,263,1,2,1,1,2,4,5,0,1,0,4,1,4,1,0,0,0,0,1,1,0,1,0,0,0,7,4,0,0
0,0,4,91,0,0,0,0,1,4,4,0,0,0,4,0,0,0,0,0,0,0,0,0,0,0,0,0,0,5,1,0,0
0,0,22,280,4,5,3,2,8,9,22,1,5,1,9,2,2,0,1,0,0,0,1,5,0,3,0,0,0,19,4,0,0
0,0,18,105,3,3,0,3,5,9,18,2,0,1,9,3,3,0,0,0,0,0,0,0,0,2,0,0,0,18,1,0,0
0,0,3,241,0,2,2,0,1,3,3,1,0,0,3,0,0,0,0,0,0,1,0,0,0,0,0,0,0,5,2,0,0
0,0,24,185,7,1,1,0,1,14,24,0,3,2,14,0,0,0,0,0,0,1,0,3,0,0,1,0,0,31,2,0,0
0,0,3,305,0,1,1,0,1,3,3,1,0,0,3,0,0,0,0,0,0,1,0,0,0,0,0,0,0,5,2,0,0
0,0,3,233,1,3,2,1,1,2,3,1,0,0,2,1,1,0,0,0,0,0,0,0,0,0,0,0,0,5,2,0,0
0,0,9,69,3,2,0,2,1,8,9,0,0,1,8,2,5,0,0,0,0,0,0,0,0,0,0,0,0,18,1,0,0
0,0,11,165,4,1,1,0,1,10,11,0,3,0,10,0,0,0,0,0,0,0,0,3,0,0,1,0,0,18,2,0,0
0,0,4,98,0,0,0,0,1,4,4,0,0,0,4,0,0,0,0,0,0,0,0,0,0,0,0,0,0,5,1,0,0
0,0,11,269,3,4,2,2,3,4,11,0,2,1,4,2,3,1,0,0,0,0,1,2,0,2,0,0,0,9,4,0,0
0,0,11,246,4,2,0,2,5,11,11,0,1,2,11,2,3,0,0,0,0,1,0,1,0,1,0,0,0,21,1,0,0
0,0,3,237,0,1,1,0,1,3,3,1,0,0,3,0,0,0,0,0,0,1,0,0,0,0,0,0,0,5,2,0,0
0,0,28,121,9,3,1,2,1,17,28,0,3,0,17,2,1,0,0,0,0,2,0,3,0,0,1,0,0,37,2,0,0
0,0,6,83,1,1,1,0,2,2,6,0,1,1,2,0,0,0,1,0,0,0,0,1,0,1,0,0,0,9,2,0,0
0,0,6,156,0,0,0,0,1,8,6,0,0,1,8,0,0,0,0,0,0,0,0,0,0,0,0,0,0,6,1,0,0
0,0,2,65,0,1,1,0,1,0,2,0,0,0,0,0,0,0,0,0,0,0,0,0,0,0,0,0,0,2,1,0,0
9,0,0,54,1,0,0,0,2,4,9,2,0,2,4,0,0,0,0,0,0,0,0,0,0,1,0,0,0,8,1,0,0
0,0,3,259,0,1,1,0,1,6,3,0,0,0,6,0,0,0,0,0,0,0,1,0,0,0,0,0,0,8,2,0,0
4,0,0,48,1,0,0,0,1,2,4,1,0,1,2,0,0,0,0,0,0,0,0,0,0,0,0,0,0,8,1,0,0
0,0,6,199,2,1,0,1,2,4,6,0,0,1,4,0,0,0,0,0,0,1,0,0,1,1,0,0,0,10,1,0,0
0,0,6,213,0,0,0,0,1,8,6,0,0,1,8,0,0,0,0,0,0,0,0,0,0,0,0,0,0,6,1,0,0
0,0,3,175,2,1,0,1,1,3,3,0,0,2,3,0,0,0,0,0,0,0,0,0,0,0,0,0,0,8,1,0,0
0,0,4,207,0,0,0,0,1,4,4,0,0,0,4,0,0,0,0,0,0,0,0,0,0,0,0,0,0,4,1,0,0
0,0,4,41,2,1,0,1,1,5,4,0,0,1,5,0,0,0,0,0,0,0,0,0,0,0,0,0,0,10,4,0,0
0,0,5,35,3,1,1,0,2,3,5,1,2,1,3,0,0,0,1,0,0,0,0,2,0,0,0,0,0,12,10,0,0
0,0,5,29,0,1,1,0,2,1,5,0,0,1,1,0,0,0,0,0,0,1,0,0,0,1,0,0,0,2,9,0,0
2,7,18,41,5,2,0,2,3,14,13,0,2,3,14,2,1,0,0,0,0,5,0,3,4,2,0,0,0,20,9,0,0
0,0,8,61,3,2,0,2,2,7,8,0,0,3,7,2,1,0,0,0,0,3,0,0,1,1,0,0,0,9,9,0,0
0,0,9,74,2,2,2,0,3,4,9,1,0,1,4,0,0,0,1,0,0,0,0,1,0,2,0,0,0,6,42,0,0
1,1,5,28,0,1,1,0,2,1,5,0,0,1,1,0,0,0,0,0,0,1,0,0,0,1,0,0,0,2,9,0,0
0,0,5,34,3,1,1,0,2,3,5,1,2,1,3,0,0,0,1,0,0,0,0,2,0,0,0,0,0,12,10,0,0
1,1,13,40,5,2,0,2,3,14,13,0,2,3,14,2,1,0,0,0,0,5,0,3,4,2,0,0,0,20,9,0,0
1,1,8,60,3,2,0,2,2,7,8,0,0,3,7,2,1,0,0,0,0,3,0,0,1,1,0,0,0,9,9,0,0
1,1,9,73,2,2,2,0,3,4,9,1,0,1,4,0,0,0,1,0,0,0,0,1,0,2,0,0,0,6,42,0,0
0,0,9,75,2,2,2,0,3,4,9,1,0,1,4,0,0,0,1,0,0,0,0,1,0,2,0,0,0,6,42,0,0
0,0,8,62,3,2,0,2,2,7,8,0,0,3,7,2,1,0,0,0,0,3,0,0,1,1,0,0,0,9,9,0,0
0,0,5,30,0,1,1,0,2,1,5,0,0,1,1,0,0,0,0,0,0,1,0,0,0,1,0,0,0,2,9,0,0
0,0,13,42,5,2,0,2,3,14,13,0,2,3,14,2,1,0,0,0,0,5,0,3,4,2,0,0,0,20,9,0,0
0,0,5,36,3,1,1,0,2,3,5,1,2,1,3,0,0,0,1,0,0,0,0,2,0,0,0,0,0,12,10,0,0
0,0,3,267,1,4,3,1,1,2,3,1,0,0,2,1,1,0,0,0,0,1,0,0,0,0,0,0,0,5,2,0,0
0,0,3,255,1,2,1,1,1,3,3,1,0,0,3,1,1,0,0,0,0,0,0,0,0,0,0,0,0,6,2,0,0
0,0,3,162,2,1,0,1,2,2,3,1,0,1,2,0,0,0,0,0,1,0,0,0,0,0,0,0,0,10,1,0,0
0,0,22,170,2,1,0,1,4,14,22,0,5,1,14,0,0,0,0,1,0,2,1,6,1,2,0,0,0,31,1,0,0
0,0,3,203,1,0,0,0,1,1,3,0,0,0,1,1,0,0,0,0,0,0,0,0,0,0,0,0,0,2,1,0,0
0,0,3,208,1,0,0,0,1,1,3,0,0,1,1,0,0,0,0,0,0,0,0,0,0,0,0,0,0,4,1,0,0
0,0,5,213,2,0,0,0,2,1,5,0,0,1,1,0,0,1,0,0,0,0,0,0,0,1,0,0,0,5,1,0,0
0,0,3,111,0,0,0,0,1,2,3,0,0,1,2,0,0,0,0,0,0,1,0,0,0,0,0,0,0,8,1,0,0
0,0,9,98,2,5,0,5,3,4,9,0,0,1,4,0,0,0,0,0,0,1,2,0,1,1,0,0,0,13,1,0,0
0,0,19,122,4,5,0,5,2,13,19,0,0,1,13,0,0,0,0,0,0,1,1,0,1,1,2,0,0,25,1,0,0
0,0,3,150,0,0,0,0,1,2,3,0,0,1,2,0,0,0,0,0,0,1,0,0,0,0,0,0,0,8,1,0,0
7,5,33,271,9,3,1,2,5,25,35,0,6,1,25,2,3,1,1,0,0,7,0,6,4,3,1,0,0,26,2,0,0
0,0,3,263,1,3,2,1,1,2,3,1,0,0,2,1,1,0,0,0,0,1,0,0,0,0,0,0,0,5,2,0,0
0,0,3,336,1,2,1,1,1,2,3,1,0,0,2,1,1,0,0,0,0,1,0,0,0,0,0,0,0,6,2,0,0
0,0,3,322,1,2,1,1,1,3,3,1,0,0,3,1,1,0,0,0,0,1,0,0,0,0,0,0,0,7,2,0,0
0,0,3,142,0,0,0,0,1,3,3,0,0,1,3,0,0,0,0,0,0,0,0,0,0,0,0,0,0,6,1,0,0
0,0,5,135,1,0,0,0,2,1,5,0,0,1,1,0,0,0,0,0,0,1,0,0,1,1,0,0,0,11,1,0,0
0,0,8,305,1,0,0,0,3,5,8,0,0,1,5,0,0,0,0,0,0,1,0,0,1,2,0,0,0,4,1,0,0
0,0,15,229,3,0,0,0,4,6,15,1,4,2,6,0,0,0,0,1,0,3,0,4,0,2,0,0,0,21,1,0,0
0,0,3,61,0,0,0,0,1,0,3,0,0,0,0,0,0,0,0,0,0,1,0,0,0,0,0,0,0,2,1,0,0
0,0,3,248,1,0,0,0,1,0,3,0,0,1,0,0,0,0,0,0,0,0,0,0,0,0,0,0,0,9,1,0,0
0,0,16,200,3,0,0,0,1,0,16,1,0,1,0,0,0,0,0,0,0,0,0,0,0,0,1,0,0,11,1,0,0
0,0,6,72,1,1,1,0,2,6,6,0,0,0,6,0,0,0,0,0,0,0,0,1,0,1,0,0,0,7,2,0,0
0,0,2,355,1,0,0,0,1,0,2,0,0,1,0,0,0,0,0,0,0,0,0,0,0,0,0,0,0,5,1,0,0
0,0,2,350,0,0,0,0,1,0,2,0,0,1,0,0,0,0,0,0,0,0,0,0,0,0,0,0,0,4,1,0,0
0,0,21,197,2,0,0,0,1,0,21,1,0,0,0,0,0,0,0,0,0,0,0,0,0,0,1,0,0,13,10,0,0
0,0,50,84,9,6,1,5,3,18,50,0,2,0,18,5,9,0,0,0,0,0,0,2,0,1,4,0,0,48,2,0,0
0,0,23,223,3,1,1,0,1,4,23,1,0,2,4,0,0,0,0,0,0,0,0,0,0,0,1,0,0,35,2,0,0
0,0,3,340,1,2,1,1,1,4,3,1,0,0,4,1,1,0,0,0,0,1,0,0,0,0,0,0,0,4,2,0,0
0,0,3,332,1,2,1,1,1,3,3,1,0,0,3,1,1,0,0,0,0,0,1,0,0,0,0,0,0,9,2,0,0
0,0,2,345,1,0,0,0,1,0,2,0,0,1,0,0,0,0,0,0,0,0,0,0,0,0,0,0,0,4,1,0,0
0,0,4,66,2,2,0,2,1,2,4,0,0,1,2,2,10,0,0,0,0,0,0,0,0,0,0,0,0,13,4,0,0
0,0,32,157,6,4,1,3,1,9,32,1,0,1,9,3,4,0,0,0,0,0,0,0,0,0,2,0,0,42,2,0,0
0,0,3,259,1,3,2,1,1,2,3,1,0,0,2,1,2,0,0,0,0,0,0,0,0,0,0,0,0,5,2,0,0
0,0,4,326,1,2,1,1,1,6,4,0,0,1,6,1,1,0,0,0,0,1,0,0,1,0,0,0,0,11,2,0,0
0,0,3,318,1,9,9,0,1,2,3,1,0,0,2,0,0,0,0,0,0,0,0,0,0,0,0,0,0,5,2,0,0
0,0,13,43,5,2,0,2,3,14,13,0,2,3,14,2,1,0,0,0,0,5,0,3,4,2,0,0,0,20,9,0,0
0,0,5,37,3,1,1,0,2,3,5,1,2,1,3,0,0,0,1,0,0,0,0,2,0,0,0,0,0,12,10,0,0
0,0,9,76,2,2,2,0,3,4,9,1,0,1,4,0,0,0,1,0,0,0,0,1,0,2,0,0,0,6,42,0,0
0,0,8,63,3,2,0,2,2,7,8,0,0,3,7,2,1,0,0,0,0,3,0,0,1,1,0,0,0,9,9,0,0
2,2,5,31,0,1,1,0,2,1,5,0,0,1,1,0,0,0,0,0,0,1,0,0,0,1,0,0,0,2,9,0,0
0,0,5,149,1,2,0,2,1,4,5,0,0,1,4,0,0,0,0,0,0,1,0,0,0,0,0,0,0,10,1,0,0
0,0,5,194,1,2,0,2,1,5,5,0,0,1,5,0,0,0,0,0,0,1,0,0,0,0,0,0,0,12,1,0,0
0,0,2,189,0,0,0,0,1,0,2,0,0,1,0,0,0,0,0,0,0,0,0,0,0,0,0,0,0,3,1,0,0
0,0,5,219,1,0,0,0,2,1,5,0,0,1,1,0,0,0,0,0,0,1,0,0,1,1,0,0,0,10,1,0,0
0,0,5,232,1,1,0,1,1,5,5,0,0,1,5,0,0,0,0,0,0,0,0,0,0,0,0,0,0,10,1,0,0
0,0,4,226,1,1,0,1,1,3,4,0,0,0,3,0,0,0,0,0,0,0,0,0,0,0,0,0,0,8,1,0,0
0,0,4,254,1,1,0,1,1,3,4,0,0,0,3,0,0,0,0,0,0,0,0,0,0,0,0,0,0,8,1,0,0
0,0,3,171,1,0,0,0,1,2,3,0,0,1,2,0,0,0,0,0,0,1,0,0,1,0,0,0,0,5,1,0,0
0,0,5,247,1,0,0,0,2,1,5,0,0,1,1,0,0,0,0,0,0,1,0,0,1,1,0,0,0,10,1,0,0
0,0,3,277,0,3,3,0,1,2,3,1,0,0,2,0,0,0,0,0,0,1,0,0,0,0,0,0,0,3,2,0,0
0,0,3,268,6,4,2,2,1,8,3,1,0,0,8,2,1,0,0,0,0,0,0,0,0,0,0,0,0,10,2,0,0
0,0,3,281,0,3,3,0,1,2,3,1,0,0,2,0,0,0,0,0,0,1,0,0,0,0,0,0,0,3,2,0,0
0,0,56,69,5,5,0,5,11,25,56,0,16,1,25,5,5,1,2,0,0,2,0,16,3,4,0,0,0,47,1,0,0
0,0,5,62,2,0,0,0,2,3,5,0,0,1,3,0,0,0,0,0,0,0,0,0,0,1,0,0,0,5,1,0,0
0,0,15,157,6,1,1,0,1,11,15,0,4,1,11,0,0,0,0,0,0,2,0,4,1,0,1,0,0,17,2,0,0
1,1,20,126,9,3,1,2,1,16,20,0,2,1,16,2,1,0,0,0,0,2,0,2,1,0,2,0,0,25,2,0,0
0,0,8,285,1,5,5,0,1,2,8,0,0,1,2,0,0,0,0,0,0,1,0,0,0,0,1,0,0,7,2,0,0
0,0,22,177,6,3,1,2,1,12,22,0,2,2,12,2,1,0,0,0,0,0,0,2,0,0,3,0,0,24,2,0,0
0,0,20,212,3,2,1,1,1,8,20,0,1,3,8,1,2,0,0,0,0,0,0,1,0,0,1,0,0,29,2,0,0
0,0,20,240,3,2,1,1,1,8,20,0,1,2,8,1,2,0,0,0,0,0,0,1,0,0,1,0,0,29,2,0,0
0,0,5,141,2,1,0,1,1,5,5,0,0,1,5,0,0,0,0,0,0,1,0,0,1,0,0,0,0,7,1,0,0
0,0,4,201,1,2,0,2,1,4,4,0,0,0,4,0,0,0,0,0,0,0,0,0,0,0,0,0,0,9,1,0,0
0,0,3,288,1,0,0,0,1,2,3,0,0,1,2,0,0,0,0,0,0,2,0,0,1,0,0,0,0,6,1,0,0
0,0,5,260,1,1,0,1,1,5,5,0,0,1,5,0,0,0,0,0,0,0,0,0,0,0,0,0,0,10,1,0,0
0,0,5,51,1,0,0,0,1,4,5,0,0,0,4,0,0,0,0,0,0,0,0,1,0,0,0,0,0,6,1,0,0
0,0,3,208,0,2,2,0,2,0,3,1,0,1,0,0,0,0,0,0,0,0,1,0,0,0,0,0,0,5,10,0,0
0,0,9,65,0,1,1,0,3,4,9,2,0,1,4,0,0,0,0,0,0,3,1,1,0,1,0,0,0,5,2,0,0
0,3,31,19,5,4,1,3,10,14,28,1,9,3,14,3,1,1,0,0,0,25,0,10,1,4,0,0,0,23,1,0,0
0,0,10,77,2,1,1,0,4,5,10,1,2,2,5,0,0,0,1,0,0,1,0,3,0,2,0,0,0,12,2,0,0
0,0,6,12,3,1,0,1,1,6,6,1,1,1,6,1,1,0,0,0,0,1,0,1,1,0,0,0,0,7,9,0,0
0,0,9,19,1,1,1,0,2,3,9,2,0,2,3,0,0,0,0,1,0,2,1,0,0,1,0,0,0,9,9,0,0
0,0,2,188,0,0,0,0,1,0,2,0,0,1,0,0,0,0,0,0,0,0,0,0,0,0,0,0,0,3,1,0,0
0,0,3,287,1,0,0,0,1,2,3,0,0,1,2,0,0,0,0,0,0,2,0,0,1,0,0,0,0,6,1,0,0
0,0,4,200,1,2,0,2,1,4,4,0,0,0,4,0,0,0,0,0,0,0,0,0,0,0,0,0,0,9,1,0,0
0,0,4,225,1,1,0,1,1,3,4,0,0,0,3,0,0,0,0,0,0,0,0,0,0,0,0,0,0,8,1,0,0
0,0,4,253,1,1,0,1,1,3,4,0,0,0,3,0,0,0,0,0,0,0,0,0,0,0,0,0,0,8,1,0,0
0,0,8,284,1,6,6,0,1,2,8,0,0,1,2,0,0,0,0,0,0,1,0,0,0,0,1,0,0,7,2,0,0
0,0,20,211,3,2,1,1,1,8,20,0,1,3,8,1,2,0,0,0,0,0,0,1,0,0,1,0,0,29,2,0,0
0,0,20,239,3,2,1,1,1,8,20,0,1,2,8,1,2,0,0,0,0,0,0,1,0,0,1,0,0,29,2,0,0
0,0,5,218,1,0,0,0,2,1,5,0,0,1,1,0,0,0,0,0,0,1,0,0,1,1,0,0,0,10,1,0,0
0,0,3,276,0,3,3,0,1,2,3,1,0,0,2,0,0,0,0,0,0,1,0,0,0,0,0,0,0,3,2,0,0
0,0,5,51,1,0,0,0,1,4,5,0,0,0,4,0,0,0,0,0,0,0,0,1,0,0,0,0,0,6,1,0,0
0,0,3,170,1,0,0,0,1,2,3,0,0,1,2,0,0,0,0,0,0,1,0,0,1,0,0,0,0,5,1,0,0
0,2,16,158,6,1,1,0,1,10,14,0,4,1,10,0,0,0,0,0,0,1,0,4,0,0,1,0,0,17,2,0,0
1,3,26,126,9,3,1,2,1,15,24,0,2,1,15,2,1,0,0,0,0,1,0,2,0,0,2,0,0,26,2,0,0
0,0,5,150,1,2,0,2,1,4,5,0,0,1,4,0,0,0,0,0,0,1,0,0,0,0,0,0,0,10,1,0,0
0,0,5,193,1,2,0,2,1,5,5,0,0,1,5,0,0,0,0,0,0,1,0,0,0,0,0,0,0,12,1,0,0
0,0,5,246,1,0,0,0,2,1,5,0,0,1,1,0,0,0,0,0,0,1,0,0,1,1,0,0,0,10,1,0,0
0,0,22,176,6,3,1,2,1,12,22,0,2,2,12,2,1,0,0,0,0,0,0,2,0,0,3,0,0,24,2,0,0
0,0,5,259,1,1,0,1,1,5,5,0,0,1,5,0,0,0,0,0,0,0,0,0,0,0,0,0,0,10,1,0,0
0,0,5,231,1,1,0,1,1,5,5,0,0,1,5,0,0,0,0,0,0,0,0,0,0,0,0,0,0,10,1,0,0
0,0,10,139,2,2,0,2,2,4,10,0,0,1,4,0,0,0,1,0,0,0,0,0,0,1,0,0,0,10,1,0,0
0,0,3,207,0,2,2,0,2,0,3,1,0,1,0,0,0,0,0,0,0,0,1,0,0,0,0,0,0,5,10,0,0
0,0,3,280,0,3,3,0,1,2,3,1,0,0,2,0,0,0,0,0,0,1,0,0,0,0,0,0,0,3,2,0,0
0,0,3,267,6,4,2,2,1,8,3,1,0,0,8,2,1,0,0,0,0,0,0,0,0,0,0,0,0,10,2,0,0
0,0,56,69,5,5,0,5,11,25,56,0,16,1,25,5,5,1,2,0,0,2,0,16,3,4,0,0,0,47,1,0,0
0,0,5,62,2,0,0,0,2,3,5,0,0,1,3,0,0,0,0,0,0,0,0,0,0,1,0,0,0,5,1,0,0
7,0,6,68,1,1,1,0,2,3,6,2,0,2,3,0,0,0,0,0,0,0,0,0,0,1,0,0,0,7,2,0,0
0,0,9,97,0,1,1,0,3,4,9,2,0,1,4,0,0,0,0,0,0,3,1,1,0,1,0,0,0,5,2,0,0
2,0,7,84,2,3,2,1,3,3,9,0,0,2,3,1,0,1,1,0,0,0,0,0,0,2,0,0,0,8,2,0,0
8,4,25,19,5,7,1,6,10,17,29,1,9,3,17,6,1,1,0,0,0,26,1,10,1,4,0,0,0,26,1,0,0
7,0,6,76,1,1,1,0,2,3,6,2,0,2,3,0,0,0,0,0,0,0,1,0,0,1,0,0,0,6,2,0,0
0,0,10,109,2,1,1,0,4,5,10,1,2,2,5,0,0,0,1,0,0,1,0,3,0,2,0,0,0,12,2,0,0
0,0,6,87,1,1,0,1,2,1,6,2,0,0,1,1,1,0,0,0,0,1,0,0,1,1,0,0,0,9,1,0,0
0,0,7,118,1,2,1,1,2,4,7,2,1,0,4,1,1,0,0,0,0,2,1,1,0,1,0,0,0,6,1,0,0
0,0,3,83,0,0,0,0,1,0,3,1,0,0,0,0,0,0,0,0,0,0,0,0,0,0,0,0,0,4,1,0,0
0,0,3,186,0,0,0,0,1,0,3,1,0,0,0,0,0,0,0,0,0,0,0,0,0,0,0,0,0,4,1,0,0
1,1,14,46,0,0,0,0,1,1,14,0,0,12,1,0,0,0,0,0,0,1,0,12,0,0,0,0,0,26,1,0,0
0,0,11,147,1,2,0,2,3,3,11,3,2,0,3,2,1,0,0,0,0,1,0,2,1,1,0,0,0,7,1,0,0
0,0,6,61,0,1,1,0,2,2,6,2,0,0,2,0,0,0,0,0,0,1,0,0,0,1,0,0,0,3,1,0,0
0,0,3,162,1,0,0,0,1,0,3,0,0,1,0,0,0,0,0,0,0,0,0,1,0,0,0,0,0,4,1,0,0
0,0,3,178,0,0,0,0,1,0,3,1,0,0,0,0,0,0,0,0,0,0,0,0,0,0,0,0,0,3,1,0,0
0,0,6,103,0,2,2,0,2,2,6,2,0,1,2,0,0,0,0,0,0,1,3,0,1,1,0,0,0,4,2,0,0
0,0,3,182,0,0,0,0,1,0,3,1,0,0,0,0,0,0,0,0,0,0,0,0,0,0,0,0,0,3,1,0,0
0,0,5,190,2,0,0,0,1,1,5,1,0,0,1,0,0,0,0,0,0,0,0,0,0,0,1,0,0,5,9,0,0
0,0,3,110,0,2,2,0,1,1,3,1,0,0,1,0,0,0,0,0,0,1,0,0,0,0,0,0,0,3,1,0,0
0,0,3,131,0,0,0,0,1,0,3,1,0,0,0,0,0,0,0,0,0,0,0,0,0,0,0,0,0,3,1,0,0
0,0,3,114,0,0,0,0,1,0,3,1,0,0,0,0,0,0,0,0,0,0,0,0,0,0,0,0,0,3,1,0,0
0,0,3,135,1,0,0,0,1,0,3,0,0,1,0,0,0,0,0,0,0,0,0,1,0,0,0,0,0,5,1,0,0
0,0,3,166,1,0,0,0,1,0,3,1,0,0,0,0,0,0,0,0,0,0,0,0,0,0,0,0,0,3,1,0,0
0,0,3,170,0,0,0,0,1,0,3,1,0,0,0,0,0,0,0,0,0,0,0,0,0,0,0,0,0,4,1,0,0
0,0,3,79,0,0,0,0,1,0,3,1,0,0,0,0,0,0,0,0,0,0,0,0,0,0,0,0,0,3,1,0,0
0,0,3,68,0,0,0,0,1,0,3,1,0,0,0,0,0,0,0,0,0,0,0,0,0,0,0,0,0,3,1,0,0
0,0,3,174,0,0,0,0,1,0,3,0,0,1,0,0,0,0,0,0,0,0,0,1,0,0,0,0,0,5,1,0,0
0,0,4,126,0,0,0,0,2,3,4,1,1,0,3,0,0,0,1,0,0,4,0,1,0,0,0,0,0,5,1,0,0
0,0,6,72,0,1,1,0,2,2,6,2,0,0,2,0,0,0,0,0,0,1,0,0,0,1,0,0,0,3,1,0,0
0,0,3,139,1,0,0,0,1,0,3,1,0,0,0,0,0,0,0,0,0,0,0,0,0,0,0,0,0,4,1,0,0
0,0,3,143,0,0,0,0,1,0,3,1,0,0,0,0,0,0,0,0,0,0,0,0,0,0,0,0,0,3,1,0,0
0,0,6,95,1,3,0,3,2,3,6,2,0,0,3,3,2,0,0,0,0,0,0,0,0,1,0,0,0,9,1,0,0
0,0,3,68,0,0,0,0,1,0,3,1,0,0,0,0,0,0,0,0,0,0,0,0,0,0,0,0,0,3,1,0,0
1,1,14,46,0,0,0,0,1,0,14,0,0,12,0,0,0,0,0,0,0,0,0,12,0,0,0,0,0,26,1,0,0
0,0,11,147,1,2,0,2,3,3,11,3,2,0,3,2,1,0,0,0,0,1,0,2,1,1,0,0,0,7,1,0,0
0,0,6,103,0,2,2,0,2,2,6,2,0,1,2,0,0,0,0,0,0,1,3,0,1,1,0,0,0,4,2,0,0
0,0,6,72,0,1,1,0,2,2,6,2,0,0,2,0,0,0,0,0,0,1,0,0,0,1,0,0,0,3,1,0,0
0,0,3,139,1,0,0,0,1,0,3,1,0,0,0,0,0,0,0,0,0,0,0,0,0,0,0,0,0,4,1,0,0
0,0,3,174,0,0,0,0,1,0,3,0,0,1,0,0,0,0,0,0,0,0,0,1,0,0,0,0,0,5,1,0,0
0,0,4,126,0,0,0,0,2,3,4,1,1,0,3,0,0,0,1,0,0,4,0,1,0,0,0,0,0,5,1,0,0
0,0,6,95,1,3,0,3,2,3,6,2,0,0,3,3,2,0,0,0,0,0,0,0,0,1,0,0,0,9,1,0,0
0,0,3,143,0,0,0,0,1,0,3,1,0,0,0,0,0,0,0,0,0,0,0,0,0,0,0,0,0,3,1,0,0
0,0,3,186,0,0,0,0,1,0,3,1,0,0,0,0,0,0,0,0,0,0,0,0,0,0,0,0,0,4,1,0,0
0,0,3,131,0,0,0,0,1,0,3,1,0,0,0,0,0,0,0,0,0,0,0,0,0,0,0,0,0,3,1,0,0
0,0,3,83,0,0,0,0,1,0,3,1,0,0,0,0,0,0,0,0,0,0,0,0,0,0,0,0,0,4,1,0,0
0,0,6,87,1,1,0,1,2,1,6,2,0,0,1,1,1,0,0,0,0,1,0,0,1,1,0,0,0,9,1,0,0
0,0,3,166,1,0,0,0,1,0,3,1,0,0,0,0,0,0,0,0,0,0,0,0,0,0,0,0,0,3,1,0,0
0,0,3,170,0,0,0,0,1,0,3,1,0,0,0,0,0,0,0,0,0,0,0,0,0,0,0,0,0,4,1,0,0
0,0,7,118,1,2,1,1,2,4,7,2,1,0,4,1,1,0,0,0,0,2,1,1,0,1,0,0,0,6,1,0,0
0,0,3,110,0,2,2,0,1,1,3,1,0,0,1,0,0,0,0,0,0,1,0,0,0,0,0,0,0,3,1,0,0
0,0,3,79,0,0,0,0,1,0,3,1,0,0,0,0,0,0,0,0,0,0,0,0,0,0,0,0,0,3,1,0,0
0,0,5,190,2,0,0,0,1,1,5,1,0,0,1,0,0,0,0,0,0,0,0,0,0,0,1,0,0,5,9,0,0
0,0,3,114,0,0,0,0,1,0,3,1,0,0,0,0,0,0,0,0,0,0,0,0,0,0,0,0,0,3,1,0,0
0,0,6,61,0,1,1,0,2,2,6,2,0,0,2,0,0,0,0,0,0,1,0,0,0,1,0,0,0,3,1,0,0
0,0,3,162,1,0,0,0,1,0,3,0,0,1,0,0,0,0,0,0,0,0,0,1,0,0,0,0,0,4,1,0,0
0,0,3,182,0,0,0,0,1,0,3,1,0,0,0,0,0,0,0,0,0,0,0,0,0,0,0,0,0,3,1,0,0
0,0,3,135,1,0,0,0,1,0,3,0,0,1,0,0,0,0,0,0,0,0,0,1,0,0,0,0,0,5,1,0,0
0,0,3,178,0,0,0,0,1,0,3,1,0,0,0,0,0,0,0,0,0,0,0,0,0,0,0,0,0,3,1,0,0
0,0,3,106,0,0,0,0,1,1,3,1,0,0,1,0,0,0,0,0,0,0,0,0,0,0,0,0,0,3,1,0,0
0,0,5,47,3,1,1,0,1,4,5,1,1,1,4,0,0,0,0,0,0,0,0,1,0,0,0,0,0,6,2,0,0
0,0,15,29,6,2,0,2,4,5,15,0,2,3,5,1,1,1,1,0,0,0,0,4,0,2,0,0,0,17,1,0,0
0,0,3,111,1,1,0,1,1,2,3,1,0,1,2,0,0,0,0,0,0,0,0,0,0,0,0,0,0,5,1,0,0
0,0,7,78,4,0,0,0,1,3,7,1,1,1,3,0,0,0,0,0,0,0,0,1,0,0,0,0,0,23,4,0,0
0,0,3,63,1,1,1,0,1,1,3,0,0,1,1,0,0,0,0,0,0,0,0,0,0,0,0,0,0,3,1,0,0
0,0,3,71,0,1,1,0,1,1,3,1,0,0,1,0,0,0,0,0,0,0,0,0,0,0,0,0,0,3,1,0,0
0,0,3,67,1,1,1,0,1,1,3,1,0,1,1,0,0,0,0,0,0,0,0,0,0,0,0,0,0,4,0,0,0
0,0,5,57,2,2,1,1,2,1,5,0,0,1,1,1,1,1,0,0,0,0,0,0,0,1,0,0,0,5,1,0,0
6,0,0,92,2,0,0,0,2,1,6,2,0,2,1,0,0,0,1,0,0,0,1,0,0,1,0,0,0,7,1,0,0
0,0,4,100,2,1,0,1,1,2,4,1,1,2,2,0,0,0,0,0,0,0,0,1,0,0,0,0,0,6,1,0,0
0,0,9,25,1,1,1,0,2,3,9,2,0,2,3,0,0,0,0,1,0,2,1,0,0,1,0,0,0,9,9,0,0
0,0,6,12,3,1,0,1,1,6,6,1,1,1,6,1,1,0,0,0,0,1,0,1,1,0,0,0,0,7,9,0,0
5,0,3,19,0,0,0,0,1,1,3,1,0,1,1,0,0,0,0,0,0,3,0,0,0,0,0,0,0,5,9,0,0
0,0,5,136,1,0,0,0,2,1,5,0,0,1,1,0,0,0,0,0,0,1,0,0,1,1,0,0,0,11,1,0,0
0,0,4,343,1,2,1,1,1,6,4,0,0,1,6,1,1,0,0,0,0,1,0,0,1,0,0,0,0,11,2,0,0
0,0,3,335,1,9,9,0,1,2,3,1,0,0,2,0,0,0,0,0,0,0,0,0,0,0,0,0,0,5,2,0,0
0,0,50,85,9,6,1,5,3,18,50,0,2,0,18,5,9,0,0,0,0,0,0,2,0,1,4,0,0,48,2,0,0
0,0,3,260,1,3,2,1,1,2,3,1,0,0,2,1,2,0,0,0,0,0,0,0,0,0,0,0,0,5,2,0,0
0,0,21,198,2,0,0,0,1,0,21,1,0,0,0,0,0,0,0,0,0,0,0,0,0,0,1,0,0,13,10,0,0
0,0,2,372,1,0,0,0,1,0,2,0,0,1,0,0,0,0,0,0,0,0,0,0,0,0,0,0,0,5,1,0,0
0,0,2,367,0,0,0,0,1,0,2,0,0,1,0,0,0,0,0,0,0,0,0,0,0,0,0,0,0,4,1,0,0
0,0,3,256,1,2,1,1,1,3,3,1,0,0,3,1,1,0,0,0,0,0,0,0,0,0,0,0,0,6,2,0,0
0,0,3,268,1,4,3,1,1,2,3,1,0,0,2,1,1,0,0,0,0,1,0,0,0,0,0,0,0,5,2,0,0
1,3,36,272,9,3,1,2,5,25,34,0,6,1,25,2,4,1,1,0,0,7,0,6,4,3,1,0,0,26,2,0,0
0,0,3,264,1,3,2,1,1,2,3,1,0,0,2,1,1,0,0,0,0,1,0,0,0,0,0,0,0,5,2,0,0
0,0,3,62,0,0,0,0,1,0,3,0,0,0,0,0,0,0,0,0,0,1,0,0,0,0,0,0,0,2,1,0,0
0,0,23,224,3,1,1,0,1,4,23,1,0,2,4,0,0,0,0,0,0,0,0,0,0,0,1,0,0,35,2,0,0
0,0,32,158,6,4,1,3,1,9,32,1,0,1,9,3,4,0,0,0,0,0,0,0,0,0,2,0,0,42,2,0,0
0,0,3,349,1,2,1,1,1,3,3,1,0,0,3,1,1,0,0,0,0,0,1,0,0,0,0,0,0,9,2,0,0
17,0,14,317,1,2,1,1,3,3,14,1,1,0,3,1,3,0,0,0,0,0,0,1,0,1,0,0,0,7,2,0,0
0,0,3,204,1,0,0,0,1,1,3,0,0,0,1,1,0,0,0,0,0,0,0,0,0,0,0,0,0,2,1,0,0
0,0,3,209,1,0,0,0,1,1,3,0,0,1,1,0,0,0,0,0,0,0,0,0,0,0,0,0,0,4,1,0,0
0,0,3,143,0,0,0,0,1,3,3,0,0,1,3,0,0,0,0,0,0,0,0,0,0,0,0,0,0,6,1,0,0
0,0,22,171,2,1,0,1,4,14,22,0,5,1,14,0,0,0,0,1,0,2,1,6,1,2,0,0,0,31,1,0,0
0,0,3,151,0,0,0,0,1,2,3,0,0,1,2,0,0,0,0,0,0,1,0,0,0,0,0,0,0,8,1,0,0
0,0,19,123,4,5,0,5,2,13,19,0,0,1,13,0,0,0,0,0,0,1,1,0,1,1,2,0,0,25,1,0,0
0,0,9,99,2,5,0,5,3,4,9,0,0,1,4,0,0,0,0,0,0,1,2,0,1,1,0,0,0,13,1,0,0
0,0,2,362,1,0,0,0,1,0,2,0,0,1,0,0,0,0,0,0,0,0,0,0,0,0,0,0,0,4,1,0,0
0,0,3,353,1,2,1,1,1,2,3,1,0,0,2,1,1,0,0,0,0,1,0,0,0,0,0,0,0,6,2,0,0
0,0,3,163,2,1,0,1,2,2,3,1,0,1,2,0,0,0,0,0,1,0,0,0,0,0,0,0,0,10,1,0,0
0,0,3,112,0,0,0,0,1,2,3,0,0,1,2,0,0,0,0,0,0,1,0,0,0,0,0,0,0,8,1,0,0
0,0,3,249,1,0,0,0,1,0,3,0,0,1,0,0,0,0,0,0,0,0,0,0,0,0,0,0,0,9,1,0,0
0,0,15,230,3,0,0,0,4,6,15,1,4,2,6,0,0,0,0,1,0,3,0,4,0,2,0,0,0,21,1,0,0
0,0,16,201,3,0,0,0,1,0,16,1,0,1,0,0,0,0,0,0,0,0,0,0,0,0,1,0,0,11,1,0,0
0,0,3,339,1,2,1,1,1,3,3,1,0,0,3,1,1,0,0,0,0,1,0,0,0,0,0,0,0,7,2,0,0
0,0,6,73,1,1,1,0,2,6,6,0,0,0,6,0,0,0,0,0,0,0,0,1,0,1,0,0,0,7,2,0,0
0,0,4,67,2,2,0,2,1,2,4,0,0,1,2,2,10,0,0,0,0,0,0,0,0,0,0,0,0,13,4,0,0
0,0,5,214,2,0,0,0,2,1,5,0,0,1,1,0,0,1,0,0,0,0,0,0,0,1,0,0,0,5,1,0,0
0,0,8,304,1,0,0,0,3,5,8,0,0,1,5,0,0,0,0,0,0,1,0,0,1,2,0,0,0,4,1,0,0
0,0,3,357,1,2,1,1,1,4,3,1,0,0,4,1,1,0,0,0,0,1,0,0,0,0,0,0,0,4,2,0,0
0,0,13,46,5,2,0,2,3,14,13,0,2,3,14,2,1,0,0,0,0,5,0,3,4,2,0,0,0,20,9,0,0
0,0,5,34,0,1,1,0,2,1,5,0,0,1,1,0,0,0,0,0,0,1,0,0,0,1,0,0,0,2,9,0,0
0,0,9,79,2,2,2,0,3,4,9,1,0,1,4,0,0,0,1,0,0,0,0,1,0,2,0,0,0,6,42,0,0
0,0,5,40,3,1,1,0,2,3,5,1,2,1,3,0,0,0,1,0,0,0,0,2,0,0,0,0,0,12,10,0,0
0,0,8,66,3,2,0,2,2,7,8,0,0,3,7,2,1,0,0,0,0,3,0,0,1,1,0,0,0,9,9,0,0
0,0,6,20,2,0,0,0,1,6,6,0,0,1,6,0,0,0,0,0,0,0,0,1,0,0,0,0,0,13,4,0,0
1,1,8,46,1,2,1,1,1,2,8,0,0,0,2,0,0,0,0,0,0,0,1,0,0,0,1,0,0,5,2,0,0
0,0,3,50,0,0,0,0,1,1,3,0,0,0,1,0,0,0,0,0,0,0,0,0,0,0,0,0,0,2,1,0,0
0,0,2,57,0,0,0,0,1,0,2,0,0,1,0,0,0,0,0,0,0,0,0,0,0,0,0,0,0,4,1,0,0
0,0,11,34,2,0,0,0,1,2,11,0,0,1,2,0,0,0,0,0,0,1,0,0,0,0,1,0,0,8,1,0,0
0,0,6,37,2,1,0,1,2,6,6,0,0,1,6,0,0,0,0,0,0,1,0,0,1,1,0,0,0,5,1,0,0
0,0,2,12,0,0,0,0,1,0,2,0,0,0,0,0,0,0,0,0,0,0,0,0,0,0,0,0,0,4,1,0,0
1,1,6,16,2,0,0,0,1,5,6,0,3,2,5,0,0,0,0,0,0,1,0,3,1,0,0,0,0,11,1,0,0
0,0,2,400,1,0,0,0,1,0,2,0,0,1,0,0,0,0,0,0,0,0,0,0,0,0,0,0,0,5,1,0,0
0,0,2,395,0,0,0,0,1,0,2,0,0,1,0,0,0,0,0,0,0,0,0,0,0,0,0,0,0,4,1,0,0
0,0,3,64,0,0,0,0,1,0,3,0,0,0,0,0,0,0,0,0,0,1,0,0,0,0,0,0,0,2,1,0,0
0,0,4,69,2,2,0,2,1,2,4,0,0,1,2,2,7,0,0,0,0,0,0,0,0,0,0,0,0,13,4,0,0
0,0,35,313,9,2,1,1,5,26,35,0,7,1,26,1,1,1,0,0,0,7,0,7,4,3,1,0,0,28,2,0,0
0,0,52,87,9,4,1,3,3,19,52,0,4,0,19,3,6,0,0,0,0,0,0,4,0,1,4,0,0,48,2,0,0
0,0,2,390,1,0,0,0,1,0,2,0,0,1,0,0,0,0,0,0,0,0,0,0,0,0,0,0,0,4,1,0,0
0,0,3,381,1,2,1,1,1,2,3,1,0,0,2,1,1,0,0,0,0,1,0,0,0,0,0,0,0,6,2,0,0
0,0,3,363,1,9,9,0,1,2,3,1,0,0,2,0,0,0,0,0,0,0,0,0,0,0,0,0,0,5,2,0,0
0,0,16,254,3,0,0,0,1,0,16,1,0,1,0,0,0,0,0,0,0,0,0,0,0,0,1,0,0,11,1,0,0
0,0,15,283,3,0,0,0,4,6,15,1,4,2,6,0,0,0,0,1,0,3,0,4,0,2,0,0,0,21,1,0,0
0,0,3,302,1,0,0,0,1,0,3,0,0,1,0,0,0,0,0,0,0,0,0,0,0,0,0,0,0,9,1,0,0
0,0,8,350,1,0,0,0,3,5,8,0,0,1,5,0,0,0,0,0,0,1,0,0,1,2,0,0,0,4,1,0,0
0,0,5,141,1,0,0,0,2,1,5,0,0,1,1,0,0,0,0,0,0,1,0,0,1,1,0,0,0,11,1,0,0
0,0,3,148,0,0,0,0,1,3,3,0,0,1,3,0,0,0,0,0,0,0,0,0,0,0,0,0,0,6,1,0,0
0,0,3,367,1,2,1,1,1,3,3,1,0,0,3,1,1,0,0,0,0,1,0,0,0,0,0,0,0,7,2,0,0
0,0,6,75,1,1,1,0,2,6,6,0,0,0,6,0,0,0,0,0,0,0,0,1,0,1,0,0,0,7,2,0,0
0,0,3,377,1,2,1,1,1,3,3,1,0,0,3,1,1,0,0,0,0,0,1,0,0,0,0,0,0,9,2,0,0
0,0,21,251,2,0,0,0,1,0,21,1,0,0,0,0,0,0,0,0,0,0,0,0,0,0,1,0,0,13,10,0,0
0,0,3,168,2,3,0,3,2,2,3,1,0,1,2,0,0,0,0,0,1,0,0,0,0,0,0,0,0,10,1,0,0
0,0,39,176,5,3,0,3,7,24,39,0,9,1,24,0,0,0,0,1,0,2,1,15,1,2,0,0,0,51,1,0,0
0,0,3,156,0,0,0,0,1,2,3,0,0,1,2,0,0,0,0,0,0,1,0,0,0,0,0,0,0,8,1,0,0
2,0,47,163,6,4,1,3,1,9,49,1,0,1,9,3,4,0,0,0,0,0,0,0,0,0,2,0,0,62,2,0,0
0,0,9,104,2,3,0,3,3,4,9,0,0,1,4,0,0,0,0,0,0,1,2,0,1,1,0,0,0,13,1,0,0
0,0,3,117,0,0,0,0,1,2,3,0,0,1,2,0,0,0,0,0,0,1,0,0,0,0,0,0,0,8,1,0,0
0,0,3,257,1,0,0,0,1,1,3,0,0,0,1,1,0,0,0,0,0,0,0,0,0,0,0,0,0,2,1,0,0
0,0,5,267,2,0,0,0,2,1,5,0,0,1,1,0,0,1,0,0,0,0,0,0,0,1,0,0,0,5,1,0,0
0,0,3,262,1,0,0,0,1,1,3,0,0,1,1,0,0,0,0,0,0,0,0,0,0,0,0,0,0,4,1,0,0
0,0,3,309,1,2,1,1,1,3,3,1,0,0,3,1,1,0,0,0,0,0,0,0,0,0,0,0,0,6,2,0,0
0,0,3,385,1,2,1,1,1,4,3,1,0,0,4,1,1,0,0,0,0,1,0,0,0,0,0,0,0,4,2,0,0
0,0,23,277,3,1,1,0,1,4,23,1,0,2,4,0,0,0,0,0,0,0,0,0,0,0,1,0,0,35,2,0,0
0,0,14,230,1,1,1,0,5,1,14,1,5,3,1,0,0,1,0,0,2,1,4,6,5,2,0,0,0,11,9,0,0
0,0,19,128,4,3,0,3,2,11,19,0,0,1,11,0,0,0,0,0,0,1,1,0,1,1,2,0,0,24,1,0,0
0,0,4,371,1,2,1,1,1,6,4,0,0,1,6,1,1,0,0,0,0,1,0,0,1,0,0,0,0,11,2,0,0
0,0,81,129,14,6,0,6,19,53,81,1,23,1,53,6,5,2,4,0,1,3,4,26,2,6,0,0,0,85,1,0,0
0,0,9,348,4,1,1,0,1,4,9,1,1,3,4,0,0,0,0,0,0,0,0,1,0,0,0,0,0,8,2,0,0
0,0,10,358,3,1,1,0,1,3,10,1,1,3,3,0,0,0,0,0,0,0,0,1,1,0,0,0,0,9,2,0,0
0,0,24,242,2,2,1,1,4,5,24,1,3,2,5,1,1,0,1,2,0,2,1,5,0,3,0,0,0,27,2,0,0
0,2,7,396,4,2,1,1,1,3,5,1,1,1,3,1,1,0,0,0,0,0,0,1,1,0,0,0,0,8,2,0,0
0,0,8,378,3,1,1,0,1,6,8,1,1,2,6,0,0,0,0,0,0,0,0,1,1,0,0,0,0,19,2,0,0
0,0,15,330,2,1,1,0,1,9,15,0,1,5,9,0,0,0,0,0,0,1,0,1,0,0,1,0,0,16,2,0,0
0,0,5,402,4,2,1,1,1,3,5,1,1,1,3,1,1,0,0,0,0,0,0,1,1,0,0,0,0,7,2,0,0
0,0,3,408,0,3,3,0,1,0,3,1,0,1,0,0,0,0,0,0,0,1,0,0,1,0,0,0,0,6,2,0,0
0,0,30,267,5,7,1,6,10,14,30,0,2,6,14,6,2,1,0,0,0,0,3,2,2,3,0,0,0,23,2,0,0
0,0,13,111,3,1,1,0,3,8,13,3,2,1,8,0,0,0,1,0,0,1,0,2,0,1,0,0,0,13,1,0,0
0,0,3,231,1,1,1,0,1,1,3,0,0,1,1,0,0,0,0,0,0,0,0,0,0,0,0,0,0,18,2,0,0
0,0,6,68,2,0,0,0,1,4,6,0,0,0,4,0,0,0,0,0,0,0,0,2,0,0,0,0,0,7,1,0,0
0,0,5,236,3,1,1,0,1,2,5,0,1,2,2,0,0,0,0,0,0,0,0,1,0,0,0,0,0,7,2,0,0
0,0,8,369,3,1,1,0,1,3,8,1,1,2,3,0,0,0,0,0,0,0,0,1,1,0,0,0,0,9,2,0,0
0,0,33,81,1,1,0,1,9,5,33,0,2,1,5,0,0,0,0,0,0,1,0,9,0,1,1,0,0,10,1,0,0
0,0,3,342,1,0,0,0,1,3,3,0,0,1,3,0,0,0,0,0,0,1,0,0,1,0,0,0,0,6,1,0,0
0,0,3,104,0,0,0,0,1,2,3,0,0,0,2,0,0,0,0,0,0,0,0,0,0,0,0,0,0,1,1,0,0
0,0,19,310,3,1,0,1,5,8,19,2,7,3,8,1,1,0,3,0,0,1,0,8,0,2,0,0,0,42,1,0,0
0,0,8,387,4,1,1,0,1,4,8,1,1,2,4,0,0,0,0,0,0,0,0,1,1,0,0,0,0,9,2,0,0
0,0,12,116,2,5,0,5,3,4,12,0,2,2,4,0,0,1,0,0,0,0,1,2,0,2,0,0,0,13,1,0,0
0,0,3,30,2,0,0,0,1,0,3,0,0,2,0,0,0,0,0,0,0,0,0,0,0,0,0,0,0,4,1,0,0
0,0,3,132,2,5,0,5,1,1,3,0,0,2,1,0,0,0,0,0,0,0,0,0,0,0,0,0,0,8,1,0,0
0,0,8,148,3,5,0,5,2,7,8,0,2,2,7,0,0,0,0,0,0,0,1,2,0,1,0,0,0,14,1,0,0
0,0,3,41,0,2,2,0,1,2,3,1,0,0,2,0,0,0,0,0,0,0,0,0,0,0,0,0,0,5,1,0,0
0,0,5,72,1,3,1,2,1,3,5,0,1,1,3,2,1,0,0,0,0,0,0,1,0,0,0,0,0,7,2,0,0
0,0,4,35,1,1,0,1,1,2,4,0,0,0,2,1,3,0,0,0,0,0,0,0,0,0,0,0,0,6,4,0,0
0,0,5,78,1,3,1,2,1,3,5,0,1,1,3,2,3,0,0,0,0,0,0,1,0,0,0,0,0,8,2,0,0
0,0,6,45,0,2,2,0,1,4,6,1,2,0,4,0,0,0,0,0,0,0,0,2,0,0,0,0,0,10,1,0,0
0,0,4,58,1,1,1,0,1,1,4,1,1,2,1,0,0,0,0,0,0,0,0,1,0,0,0,0,0,10,9,0,0
4,2,12,141,3,1,1,0,1,10,14,0,1,0,10,0,0,0,0,0,0,0,0,1,0,0,1,0,0,19,2,0,0
0,0,4,67,1,3,1,2,1,2,4,0,0,1,2,2,5,0,0,0,0,0,0,0,0,0,0,0,0,11,1,0,1
0,0,3,54,1,4,2,2,1,3,3,1,0,0,3,2,1,0,0,0,0,0,0,0,0,0,0,0,0,6,1,0,0
0,0,4,109,2,0,0,0,1,2,4,0,0,3,2,0,0,0,0,0,1,0,0,1,0,0,0,0,0,7,1,0,0
0,0,3,26,1,0,0,0,1,0,3,0,0,1,0,0,0,0,0,0,0,0,0,0,0,0,0,0,0,4,1,0,0
0,0,3,88,1,3,2,1,1,5,3,0,0,1,5,1,1,0,0,0,0,0,0,0,0,0,0,0,0,8,1,0,0
0,0,3,84,0,2,2,0,1,5,3,0,0,1,5,0,0,0,0,0,0,0,0,0,0,0,0,0,0,7,1,0,0
0,0,36,92,4,4,2,2,2,15,36,0,4,0,15,2,2,1,0,0,0,0,1,5,0,1,3,0,0,23,2,0,0
0,0,13,17,4,0,0,0,4,8,13,0,3,3,8,0,0,0,1,0,0,1,3,3,1,2,0,0,0,12,1,0,0
0,0,3,35,0,0,0,0,1,0,3,1,0,0,0,0,0,0,0,0,1,0,1,0,1,0,0,0,0,3,1,0,0
0,0,3,31,2,0,0,0,1,1,3,0,0,1,1,0,0,0,0,0,0,0,0,0,0,0,0,0,0,5,1,0,0
0,0,9,29,1,1,1,0,2,3,9,2,0,2,3,0,0,0,0,1,0,2,1,0,0,1,0,0,0,9,9,0,0
0,0,3,47,2,1,1,0,1,1,3,1,0,2,1,0,0,0,0,0,0,1,0,0,0,0,0,0,0,5,9,0,0
0,0,3,23,0,0,0,0,1,1,3,1,0,1,1,0,0,0,0,0,0,3,0,0,0,0,0,0,0,5,9,0,0
3,1,5,14,3,1,0,1,1,6,7,1,2,1,6,1,1,0,0,0,0,2,0,2,2,0,0,0,0,8,9,0,0
0,0,3,43,2,0,0,0,1,1,3,1,0,2,1,0,0,0,0,0,0,1,0,0,0,0,0,0,0,5,9,0,0
0,0,3,39,3,1,0,1,1,2,3,1,0,2,2,1,1,0,0,0,0,0,0,0,0,0,0,0,0,8,9,0,0
1,1,3,31,1,0,0,0,1,2,3,0,0,1,2,0,0,0,0,0,0,0,0,0,0,0,0,0,0,5,1,0,0
0,0,3,35,0,0,0,0,1,0,3,1,0,0,0,0,0,0,0,0,1,0,1,0,1,0,0,0,0,3,1,0,0
0,0,13,17,4,0,0,0,4,8,13,0,3,3,8,0,0,0,1,0,0,1,3,3,1,2,0,0,0,12,1,0,0
0,0,11,91,3,1,1,0,3,2,11,1,2,2,2,0,0,0,1,1,0,0,1,3,0,1,0,0,0,16,10,0,0
0,0,8,82,2,3,2,1,3,1,8,2,0,1,1,1,1,1,0,0,0,0,0,0,0,2,0,0,0,37,10,0,1
0,0,3,74,2,1,0,1,2,1,3,1,0,1,1,1,2,0,1,0,0,0,0,0,0,0,0,0,0,13,9,0,1
0,0,16,51,3,1,0,1,4,6,16,2,2,3,6,1,2,0,2,0,0,1,1,2,0,1,0,0,0,44,9,0,1
5,0,4,13,1,0,0,0,1,4,4,0,0,0,4,0,0,0,0,0,0,0,0,1,0,0,0,0,0,6,1,0,0
3,0,0,23,2,0,0,0,1,1,3,1,0,1,1,0,0,0,0,0,0,0,0,0,0,0,0,0,0,4,9,0,0
3,0,0,19,1,0,0,0,1,0,3,1,0,0,0,0,0,0,0,0,0,0,0,0,0,0,0,0,0,4,1,0,0
0,0,5,229,3,0,0,0,1,1,5,1,1,1,1,0,0,0,0,0,0,0,0,1,0,0,0,0,0,7,9,0,0
41,41,51,100,7,2,1,1,3,14,51,0,2,1,14,1,1,0,0,0,0,0,0,2,0,1,4,0,0,45,2,0,0
0,0,3,235,3,0,0,0,1,0,3,1,0,1,0,0,0,0,0,0,0,0,0,0,0,0,0,0,0,7,9,0,0
0,0,2,220,0,0,0,0,1,0,2,0,0,1,0,0,0,0,0,0,0,0,0,0,0,0,0,0,0,4,1,0,0
0,0,8,69,2,2,0,2,2,4,8,0,1,1,4,2,2,0,0,0,0,0,0,2,0,1,0,0,0,35,4,0,0
0,0,3,57,0,0,0,0,1,0,3,0,0,0,0,0,0,0,0,0,0,1,0,0,0,0,0,0,0,2,1,0,0
1,1,34,166,8,1,1,0,6,27,34,0,7,1,27,0,0,1,1,0,1,6,0,7,3,3,1,0,0,28,2,0,0
0,0,2,225,1,0,0,0,1,0,2,0,0,1,0,0,0,0,0,0,0,0,0,0,0,0,0,0,0,5,1,0,0
0,0,3,151,0,0,0,0,1,3,3,0,0,1,3,0,0,0,0,0,0,0,0,0,0,0,0,0,0,6,1,0,0
7,0,6,92,2,1,1,0,2,2,6,2,0,1,2,0,0,0,0,0,0,0,0,0,0,1,0,0,0,10,2,0,0
0,0,4,62,0,0,0,0,1,4,4,0,0,0,4,0,0,0,0,0,0,0,0,0,0,0,0,0,0,2,1,0,0
0,0,8,201,1,0,0,0,3,5,8,0,0,1,5,0,0,0,0,0,0,1,0,0,1,2,0,0,0,4,1,0,0
0,0,3,159,0,0,0,0,1,2,3,0,0,1,2,0,0,0,0,0,0,1,0,0,0,0,0,0,0,8,1,0,0
0,0,19,132,4,1,0,1,2,10,19,0,0,1,10,0,0,0,0,0,0,1,1,0,1,1,2,0,0,23,1,0,0
0,0,2,215,1,0,0,0,1,0,2,0,0,1,0,0,0,0,0,0,0,0,0,0,0,0,0,0,0,4,1,0,0
0,0,5,144,1,0,0,0,2,1,5,0,0,1,1,0,0,0,0,0,0,1,0,0,1,1,0,0,0,11,1,0,0
0,0,3,120,0,0,0,0,1,2,3,0,0,1,2,0,0,0,0,0,0,1,0,0,0,0,0,0,0,8,1,0,0
0,0,6,80,1,1,1,0,2,6,6,0,0,0,6,0,0,0,0,0,0,0,0,1,0,1,0,0,0,7,2,0,0
0,0,10,108,2,1,0,1,3,4,10,0,0,1,4,0,0,0,0,0,0,2,1,0,1,1,0,0,0,12,1,0,0
0,0,3,23,1,0,0,0,1,0,3,1,0,0,0,0,0,0,0,0,0,0,0,0,0,0,0,0,0,4,1,0,0
0,0,4,17,1,0,0,0,1,4,4,0,0,0,4,0,0,0,0,0,0,0,0,1,0,0,0,0,0,6,1,0,0
3,3,3,12,2,0,0,0,1,1,3,1,0,1,1,0,0,0,0,0,0,0,0,0,0,0,0,0,0,4,9,0,0
5,7,9,18,1,0,0,0,1,0,7,0,0,5,0,0,0,0,0,0,0,0,0,5,0,0,0,0,0,14,0,0,0
5,7,5,14,1,0,0,0,1,0,3,0,0,3,0,0,0,0,0,0,0,0,0,0,0,0,0,0,0,3,0,0,0
2,0,1,38,0,0,0,0,1,0,3,1,0,0,0,0,0,0,0,0,0,0,0,0,0,0,0,0,0,4,1,0,0
2,1,2,26,0,0,0,0,2,0,3,1,0,0,0,0,0,0,0,0,0,1,0,0,1,0,0,0,0,7,1,0,0
3,0,0,30,0,0,0,0,1,0,3,1,0,0,0,0,0,0,0,0,0,0,0,0,0,0,0,0,0,3,1,0,0
3,0,0,34,0,0,0,0,1,0,3,1,0,0,0,0,0,0,0,0,0,0,0,0,0,0,0,0,0,4,1,0,0
0,0,3,37,1,0,0,0,1,0,3,0,0,1,0,0,0,0,0,0,0,0,0,0,0,0,0,0,0,6,1,0,0
0,0,3,188,1,1,1,0,1,2,3,0,0,1,2,0,0,0,0,0,0,0,0,1,0,0,0,0,0,6,1,0,0
12,0,0,138,3,0,0,0,1,11,12,0,3,2,11,0,0,0,0,0,1,1,1,3,2,0,0,0,0,11,1,0,0
0,0,7,165,1,0,0,0,1,4,7,0,1,2,4,0,0,0,0,0,0,0,0,1,0,0,0,0,0,11,1,0,0
0,0,3,155,0,0,0,0,1,1,3,1,0,0,1,0,0,0,0,0,0,0,0,0,0,0,0,0,0,3,1,0,0
0,0,6,219,1,0,0,0,2,2,6,0,1,2,2,0,0,0,1,0,0,0,0,1,0,1,0,0,0,9,1,0,0
0,0,9,206,5,1,1,0,1,2,9,0,0,2,2,0,0,0,0,0,0,0,0,5,0,0,0,0,0,12,1,0,0
2,2,43,126,7,2,1,1,1,13,43,0,3,0,13,0,0,0,0,0,0,0,0,3,0,0,1,0,0,47,2,0,0
5,0,4,132,4,1,0,1,1,2,4,1,1,2,2,0,0,0,0,0,0,0,0,1,0,0,0,0,0,11,1,0,0
0,0,5,41,2,0,0,0,1,3,5,0,0,2,3,0,0,0,0,0,0,0,0,1,0,0,0,0,0,8,1,0,0
12,0,0,109,3,0,0,0,2,10,12,0,2,1,10,0,0,0,0,0,0,0,0,2,0,1,0,0,0,9,4,0,0
0,0,4,49,1,1,0,1,1,2,4,0,0,0,2,1,1,0,0,0,0,0,0,0,0,0,0,0,0,6,4,0,0
0,0,13,56,1,3,1,2,4,9,13,2,1,0,9,2,2,1,0,0,0,1,0,1,0,2,0,0,0,12,1,0,0
0,0,11,91,2,2,0,2,2,6,11,0,1,2,6,2,3,0,0,0,0,0,0,1,0,1,0,0,0,14,1,0,0
0,0,3,122,1,3,3,0,1,2,3,1,0,1,2,0,0,0,0,0,0,0,0,0,0,0,0,0,0,7,2,0,0
0,0,12,74,1,2,1,1,3,6,12,0,2,0,6,1,1,2,0,0,0,0,0,2,0,1,0,0,0,10,2,0,0
5,0,4,103,2,0,0,0,1,3,4,1,0,1,3,0,0,0,0,0,0,0,0,0,0,0,0,0,0,7,4,0,0
0,0,3,160,0,0,0,0,1,2,3,1,0,1,2,0,0,0,0,0,0,0,0,0,0,0,0,0,0,4,1,0,0
0,0,3,193,4,0,0,0,1,1,3,0,0,4,1,0,0,0,0,0,0,0,0,0,0,0,0,0,0,5,1,0,0
0,0,8,395,3,1,1,0,1,3,8,1,1,2,3,0,0,0,0,0,0,0,0,1,1,0,0,0,0,9,2,0,0
0,0,14,123,3,1,1,0,3,8,14,3,2,1,8,0,0,0,1,0,0,2,0,2,0,1,0,0,0,13,2,0,0
0,0,8,404,3,1,1,0,1,6,8,1,1,2,6,0,0,0,0,0,0,0,0,1,1,0,0,0,0,19,2,0,0
0,0,5,262,3,1,1,0,1,2,5,0,1,2,2,0,0,0,0,0,0,0,0,1,0,0,0,0,0,7,2,0,0
0,0,30,293,5,7,1,6,10,14,30,0,2,6,14,6,2,1,0,0,0,0,3,2,2,3,0,0,0,23,2,0,0
0,0,5,428,4,2,1,1,1,3,5,1,1,1,3,1,1,0,0,0,0,0,0,1,1,0,0,0,0,7,2,0,0
0,0,9,374,4,1,1,0,1,4,9,1,1,3,4,0,0,0,0,0,0,0,0,1,0,0,0,0,0,8,2,0,0
0,0,19,336,3,1,0,1,5,8,19,2,7,3,8,1,1,0,3,0,0,1,0,8,0,2,0,0,0,42,1,0,0
0,0,6,113,1,0,0,0,2,4,6,0,0,0,4,0,0,0,0,0,0,0,0,0,0,1,0,0,0,8,1,0,0
0,0,3,368,1,0,0,0,1,3,3,0,0,1,3,0,0,0,0,0,0,1,0,0,1,0,0,0,0,6,1,0,0
1,1,10,384,3,1,1,0,1,3,10,1,1,3,3,0,0,0,0,0,0,0,0,1,1,0,0,0,0,9,2,0,0
0,0,3,257,1,1,1,0,1,1,3,0,0,1,1,0,0,0,0,0,0,0,0,0,0,0,0,0,0,18,2,0,0
0,0,5,422,4,2,1,1,1,3,5,1,1,1,3,1,1,0,0,0,0,0,0,1,1,0,0,0,0,8,2,0,0
0,0,24,268,2,2,1,1,4,5,24,1,3,2,5,1,1,0,1,2,0,2,1,5,0,3,0,0,0,27,2,0,0
0,0,14,108,0,2,1,1,2,2,14,0,1,2,2,0,0,0,0,0,0,0,0,1,0,1,1,0,0,13,2,0,0
0,0,6,67,2,0,0,0,1,4,6,0,0,0,4,0,0,0,0,0,0,0,0,2,0,0,0,0,0,7,1,0,0
0,0,54,142,12,1,0,1,11,31,54,1,17,1,31,1,6,2,1,1,0,7,4,17,3,5,0,0,0,65,1,0,0
0,0,32,80,2,1,0,1,9,5,32,0,3,1,5,1,1,0,0,0,0,2,0,12,1,1,0,0,0,14,1,0,0
0,0,3,434,0,3,3,0,1,0,3,1,0,1,0,0,0,0,0,0,0,1,0,0,1,0,0,0,0,6,2,0,0
0,0,8,413,4,1,1,0,1,4,8,1,1,2,4,0,0,0,0,0,0,0,0,1,1,0,0,0,0,9,2,0,0
0,0,42,203,8,7,1,6,11,26,42,0,5,6,26,6,5,0,3,1,1,1,0,8,1,3,0,0,0,55,2,0,0
0,0,15,356,2,1,1,0,1,9,15,0,1,5,9,0,0,0,0,0,0,1,0,1,0,0,1,0,0,16,2,0,0
0,0,1,22,1,0,0,0,1,0,1,0,0,1,0,0,0,0,0,0,0,0,0,0,0,0,0,0,0,2,0,0,0
0,0,1,21,1,0,0,0,1,0,1,0,0,1,0,0,0,0,0,0,0,0,0,0,0,0,0,0,0,6,0,0,0
0,0,1,24,1,0,0,0,1,0,1,0,0,1,0,0,0,0,0,0,0,0,0,0,0,0,0,0,0,4,0,0,0
0,0,1,23,1,0,0,0,1,0,1,0,0,1,0,0,0,0,0,0,0,0,0,0,0,0,0,0,0,5,0,0,0
0,0,3,44,3,0,0,0,1,1,3,1,0,0,1,0,0,0,0,0,0,0,0,0,0,0,0,0,0,5,1,0,0
3,0,0,76,4,0,0,0,1,1,3,1,0,0,1,0,0,0,0,0,0,1,0,0,0,0,0,0,0,3,1,0,0
0,0,3,26,1,0,0,0,1,0,3,0,0,1,0,0,0,0,0,0,0,0,0,1,0,0,0,0,0,5,1,0,0
2,2,3,56,5,0,0,0,1,0,3,1,0,2,0,0,0,0,0,0,0,0,0,0,0,0,0,0,0,9,1,0,0
3,0,0,50,3,0,0,0,1,0,3,1,0,0,0,0,0,0,0,0,0,0,0,0,0,0,0,0,0,5,1,0,0
0,0,3,62,3,0,0,0,1,0,3,1,0,0,0,0,0,0,0,0,0,0,0,0,0,0,0,0,0,4,1,0,0
0,0,3,32,3,0,0,0,1,0,3,1,0,0,0,0,0,0,0,0,0,0,0,0,0,0,0,0,0,4,1,0,0
0,0,3,38,3,0,0,0,1,1,3,1,0,0,1,0,0,0,0,0,0,0,0,0,0,0,0,0,0,2,1,0,0
3,0,0,69,4,0,0,0,1,1,3,1,0,0,1,0,0,0,0,0,0,1,0,0,0,0,0,0,0,3,1,0,0
0,0,3,76,4,0,0,0,1,1,3,1,0,0,1,0,0,0,0,0,0,1,0,0,0,0,0,0,0,3,1,0,0
0,0,3,38,3,0,0,0,1,1,3,1,0,0,1,0,0,0,0,0,0,0,0,0,0,0,0,0,0,2,1,0,0
0,0,3,26,1,0,0,0,1,0,3,0,0,1,0,0,0,0,0,0,0,0,0,1,0,0,0,0,0,5,1,0,0
0,0,3,69,4,0,0,0,1,1,3,1,0,0,1,0,0,0,0,0,0,1,0,0,0,0,0,0,0,3,1,0,0
0,0,3,50,3,0,0,0,1,0,3,1,0,0,0,0,0,0,0,0,0,0,0,0,0,0,0,0,0,5,1,0,0
2,2,3,56,5,0,0,0,1,0,3,1,0,2,0,0,0,0,0,0,0,0,0,0,0,0,0,0,0,9,1,0,0
0,0,3,32,3,0,0,0,1,0,3,1,0,0,0,0,0,0,0,0,0,0,0,0,0,0,0,0,0,4,1,0,0
0,0,3,62,3,0,0,0,1,0,3,1,0,0,0,0,0,0,0,0,0,0,0,0,0,0,0,0,0,4,1,0,0
0,0,3,44,3,0,0,0,1,1,3,1,0,0,1,0,0,0,0,0,0,0,0,0,0,0,0,0,0,5,1,0,0
0,0,3,81,1,0,0,0,1,0,3,0,0,1,0,0,0,0,0,0,0,0,0,1,0,0,0,0,0,4,1,0,0
1,0,5,110,2,0,0,0,1,9,6,0,1,0,9,0,0,0,0,0,0,0,0,1,0,0,0,0,0,21,1,0,0
0,0,7,67,2,2,2,0,1,6,7,1,1,1,6,0,0,0,0,0,0,0,0,1,0,0,0,0,0,18,2,0,0
1,0,6,119,2,0,0,0,1,9,7,0,1,0,9,0,0,0,0,0,0,0,0,1,0,0,0,0,0,42,1,0,0
1,0,19,75,5,1,0,1,1,20,20,0,2,0,20,1,1,0,0,0,0,0,1,2,0,0,1,0,0,44,1,0,0
1,0,6,100,2,0,0,0,1,10,7,0,1,0,10,0,0,0,0,0,0,0,0,1,0,0,0,0,0,32,1,0,0
0,0,12,50,2,1,0,1,1,12,12,0,0,0,12,1,1,0,0,0,0,0,0,1,0,0,0,0,0,26,1,0,0
0,0,1,31,1,0,0,0,1,0,1,0,0,1,0,0,0,0,0,0,0,0,0,0,0,0,0,0,0,2,0,0,0
0,0,1,25,2,0,0,0,1,0,1,0,0,0,0,0,0,0,0,0,0,1,0,0,0,0,0,0,0,4,0,0,0
0,0,1,26,2,0,0,0,1,0,1,0,0,0,0,0,0,0,0,0,0,1,0,0,0,0,0,0,0,3,0,0,0
0,0,1,28,2,0,0,0,1,0,1,0,0,0,0,0,0,0,0,0,0,1,0,0,0,0,0,0,0,3,0,0,0
0,0,1,32,1,0,0,0,1,0,1,0,0,1,0,0,0,0,0,0,0,0,0,0,0,0,0,0,0,5,0,0,0
0,0,1,30,1,0,0,0,1,0,1,0,0,1,0,0,0,0,0,0,0,0,0,0,0,0,0,0,0,6,0,0,0
0,0,1,27,2,0,0,0,1,0,1,0,0,0,0,0,0,0,0,0,0,1,0,0,0,0,0,0,0,4,0,0,0
0,0,1,33,1,0,0,0,1,0,1,0,0,1,0,0,0,0,0,0,0,0,0,0,0,0,0,0,0,4,0,0,0
0,0,1,24,2,0,0,0,1,0,1,0,0,0,0,0,0,0,0,0,0,1,0,0,0,0,0,0,0,2,0,0,0
0,0,1,30,1,0,0,0,1,0,1,0,0,1,0,0,0,0,0,0,0,0,0,0,0,0,0,0,0,5,0,0,0
0,0,1,31,1,0,0,0,1,0,1,0,0,1,0,0,0,0,0,0,0,0,0,0,0,0,0,0,0,4,0,0,0
0,0,1,28,1,0,0,0,1,0,1,0,0,1,0,0,0,0,0,0,0,0,0,0,0,0,0,0,0,5,0,0,0
0,0,1,25,2,0,0,0,1,0,1,0,0,0,0,0,0,0,0,0,0,1,0,0,0,0,0,0,0,2,0,0,0
0,0,1,27,1,0,0,0,1,0,1,0,0,1,0,0,0,0,0,0,0,0,0,0,0,0,0,0,0,6,0,0,0
0,0,1,29,1,0,0,0,1,0,1,0,0,1,0,0,0,0,0,0,0,0,0,0,0,0,0,0,0,2,0,0,0
0,0,5,33,1,1,0,1,2,5,5,0,0,1,5,1,2,0,0,0,0,0,0,0,0,1,0,0,0,10,1,0,0
0,0,3,78,0,0,0,0,1,2,3,1,0,0,2,0,0,0,0,0,0,0,0,0,0,0,0,0,0,6,1,0,0
0,0,3,59,0,0,0,0,1,1,3,1,0,0,1,0,0,0,0,0,0,1,0,0,0,0,0,0,0,3,1,0,0
0,0,3,47,0,0,0,0,1,1,3,1,0,0,1,0,0,0,0,0,0,1,0,0,0,0,0,0,0,3,1,0,0
0,0,3,86,0,2,2,0,1,2,3,1,0,0,2,0,0,0,0,0,0,0,1,0,0,0,0,0,0,3,2,0,0
0,0,3,82,1,2,1,1,2,1,3,1,0,1,1,1,1,0,0,0,0,0,0,0,0,0,0,0,0,9,1,0,0
0,0,4,22,3,0,0,0,1,0,4,0,0,2,0,0,0,0,0,0,0,0,0,2,0,0,0,0,0,8,0,0,0
0,0,4,28,0,0,0,0,1,2,4,1,1,0,2,0,0,0,0,0,0,1,0,1,0,0,0,0,0,5,1,0,0
0,0,3,73,0,0,0,0,1,2,3,1,0,0,2,0,0,0,0,0,0,0,0,0,0,0,0,0,0,4,1,0,0
0,0,3,42,0,0,0,0,1,4,3,0,0,0,4,0,0,0,0,0,0,0,0,0,0,0,0,0,0,2,1,0,0
0,0,5,52,0,0,0,0,1,3,5,1,2,0,3,0,0,0,0,0,0,1,0,2,0,0,0,0,0,6,1,0,0
0,0,3,68,0,0,0,0,1,2,3,1,0,0,2,0,0,0,0,0,0,0,0,0,0,0,0,0,0,2,1,0,0
0,0,3,63,1,1,0,1,1,2,3,1,0,0,2,1,1,0,0,0,0,0,0,0,0,0,0,0,0,3,1,0,0
0,0,3,84,7,0,0,0,1,0,3,1,0,3,0,0,0,0,0,0,0,1,0,0,0,0,0,0,0,8,1,0,0
0,0,3,56,3,0,0,0,1,0,3,1,0,0,0,0,0,0,0,0,0,0,0,0,0,0,0,0,0,5,1,0,0
0,0,3,104,3,0,0,0,1,0,3,1,0,0,0,0,0,0,0,0,0,0,0,0,0,0,0,0,0,4,1,0,0
0,0,3,38,3,0,0,0,1,0,3,1,0,0,0,0,0,0,0,0,0,0,0,0,0,0,0,0,0,4,1,0,0
2,2,3,64,10,0,0,0,1,0,3,1,0,7,0,0,0,0,0,0,0,2,0,0,0,0,0,0,0,12,1,0,0
0,0,3,50,3,0,0,0,1,1,3,1,0,0,1,0,0,0,0,0,0,0,0,0,0,0,0,0,0,5,1,0,0
0,0,3,98,4,0,0,0,1,1,3,1,0,0,1,0,0,0,0,0,0,1,0,0,0,0,0,0,0,3,1,0,0
0,0,3,32,1,0,0,0,1,0,3,0,0,1,0,0,0,0,0,0,0,0,0,1,0,0,0,0,0,5,1,0,0
0,0,3,77,3,0,0,0,1,0,3,1,0,0,0,0,0,0,0,0,0,0,0,0,0,0,0,0,0,4,1,0,0
0,0,3,44,3,0,0,0,1,1,3,1,0,0,1,0,0,0,0,0,0,0,0,0,0,0,0,0,0,2,1,0,0
0,0,3,91,4,0,0,0,1,1,3,1,0,0,1,0,0,0,0,0,0,1,0,0,0,0,0,0,0,3,1,0,0
0,0,28,335,4,2,2,0,9,9,28,1,5,1,9,0,0,0,1,0,0,0,1,5,0,3,0,0,0,19,4,0,0
0,0,3,314,0,1,1,0,1,1,3,0,0,0,1,0,0,0,0,0,0,0,0,0,0,0,0,0,0,4,2,0,0
0,0,10,293,0,2,2,0,3,4,10,0,1,0,4,0,0,1,1,0,0,0,0,2,0,2,0,0,0,27,2,0,0
0,0,37,207,3,3,0,3,9,16,37,2,1,1,16,3,3,0,0,0,0,1,0,1,0,2,0,0,0,19,1,0,0
0,0,4,200,0,0,0,0,1,4,4,0,0,0,4,0,0,0,0,0,0,0,0,0,0,0,0,0,0,5,1,0,0
0,0,6,105,1,1,1,0,2,2,6,0,1,1,2,0,0,0,1,0,0,0,0,1,0,1,0,0,0,8,2,0,0
0,0,23,165,2,1,1,0,1,10,23,0,2,1,10,0,0,0,0,0,0,1,0,2,1,0,1,0,0,27,2,0,0
0,0,5,318,1,3,2,1,2,4,5,0,1,0,4,1,2,1,0,0,0,0,1,1,0,1,0,0,0,7,4,0,0
0,0,5,259,0,2,0,2,1,5,5,0,0,0,5,0,0,0,0,0,0,0,0,0,0,0,0,0,0,4,1,0,0
0,0,4,100,0,3,3,0,1,4,4,0,0,0,4,0,0,0,0,0,0,0,0,0,0,0,0,0,0,7,2,0,0
0,0,13,127,0,1,1,0,1,11,13,1,1,0,11,0,0,0,0,0,0,16,0,1,8,0,0,0,0,10,2,0,0
0,0,3,113,2,0,0,0,1,1,3,0,0,2,1,0,0,0,0,0,0,0,0,0,0,0,0,0,0,5,1,0,0
0,0,12,145,3,1,0,1,3,17,12,0,1,0,17,1,1,0,0,0,0,0,0,1,0,1,0,0,0,10,1,0,0
0,0,6,266,0,0,0,0,1,8,6,0,0,1,8,0,0,0,0,0,0,0,0,0,0,0,0,0,0,6,1,0,0
0,0,7,249,2,0,0,0,2,5,7,0,1,1,5,0,0,0,0,0,0,1,0,1,1,1,0,0,0,15,1,0,0
0,0,5,51,2,1,0,1,1,7,5,0,0,1,7,0,0,0,0,0,0,0,0,0,0,0,0,0,0,13,4,0,0
0,0,21,72,3,4,0,4,2,16,21,0,1,1,16,4,3,0,0,0,0,0,0,1,0,1,0,0,0,34,1,0,0
0,0,11,304,1,1,1,0,4,5,11,0,0,2,5,0,0,0,0,0,0,3,0,0,2,1,0,0,0,8,2,0,0
0,0,7,118,2,1,0,1,2,6,7,2,0,1,6,1,1,0,1,0,0,0,0,0,0,1,0,0,0,10,1,0,0
0,0,25,238,5,1,1,0,1,12,25,0,2,0,12,0,0,0,0,0,0,1,0,2,0,0,1,0,0,28,2,0,0
0,0,15,276,3,4,0,4,7,13,15,0,1,2,13,4,1,0,0,0,0,1,0,1,0,1,0,0,0,26,1,0,0
0,0,3,193,1,0,0,0,1,1,3,0,0,1,1,0,0,0,0,0,0,0,0,0,0,0,0,0,0,5,1,0,0
0,0,6,185,0,0,0,0,1,8,6,0,0,1,8,0,0,0,0,0,0,0,0,0,0,0,0,0,0,6,1,0,0
0,0,7,176,1,2,0,2,1,10,7,0,0,0,10,0,0,0,0,0,0,0,0,0,0,0,0,0,0,13,1,0,0
0,0,11,324,3,5,3,2,3,4,11,0,2,1,4,2,1,1,0,0,0,0,1,2,0,2,0,0,0,9,4,0,0
0,0,5,44,4,1,1,0,1,6,5,1,2,0,6,0,0,0,0,0,0,0,0,2,0,0,0,0,0,14,2,0,0
0,0,5,20,3,0,0,0,1,0,5,0,0,3,0,0,0,0,0,0,0,0,0,3,0,0,0,0,0,11,1,0,0
0,0,11,26,7,1,0,1,2,9,11,1,3,1,9,1,1,0,1,0,0,0,0,3,0,1,0,0,0,16,1,0,0
0,0,3,10,0,0,0,0,3,1,3,1,0,1,1,0,0,0,2,0,1,0,1,0,0,0,0,0,0,14,9,0,1
0,0,1,28,1,0,0,0,1,0,1,0,0,1,0,0,0,0,0,0,0,0,0,0,0,0,0,0,0,2,0,0,0
0,0,1,27,1,0,0,0,1,0,1,0,0,1,0,0,0,0,0,0,0,0,0,0,0,0,0,0,0,5,0,0,0
0,0,1,29,1,0,0,0,1,0,1,0,0,1,0,0,0,0,0,0,0,0,0,0,0,0,0,0,0,5,0,0,0
0,0,1,24,2,0,0,0,1,0,1,0,0,0,0,0,0,0,0,0,0,1,0,0,0,0,0,0,0,2,0,0,0
0,0,1,30,1,0,0,0,1,0,1,0,0,1,0,0,0,0,0,0,0,0,0,0,0,0,0,0,0,4,0,0,0
0,0,1,26,1,0,0,0,1,0,1,0,0,1,0,0,0,0,0,0,0,0,0,0,0,0,0,0,0,6,0,0,0
0,0,1,30,1,0,0,0,1,0,1,0,0,1,0,0,0,0,0,0,0,0,0,0,0,0,0,0,0,5,0,0,0
0,0,1,32,1,0,0,0,1,0,1,0,0,1,0,0,0,0,0,0,0,0,0,0,0,0,0,0,0,5,0,0,0
0,0,1,31,1,0,0,0,1,0,1,0,0,1,0,0,0,0,0,0,0,0,0,0,0,0,0,0,0,2,0,0,0
0,0,1,26,2,0,0,0,1,0,1,0,0,0,0,0,0,0,0,0,0,1,0,0,0,0,0,0,0,2,0,0,0
0,0,1,33,1,0,0,0,1,0,1,0,0,1,0,0,0,0,0,0,0,0,0,0,0,0,0,0,0,4,0,0,0
0,0,1,29,1,0,0,0,1,0,1,0,0,1,0,0,0,0,0,0,0,0,0,0,0,0,0,0,0,6,0,0,0
0,0,3,60,3,0,0,0,1,1,3,1,0,0,1,0,0,0,0,0,0,0,0,0,0,0,0,0,0,5,1,0,0
0,0,3,133,4,0,0,0,1,1,3,1,0,0,1,0,0,0,0,0,0,1,0,0,0,0,0,0,0,3,1,0,0
0,0,3,140,4,0,0,0,1,1,3,1,0,0,1,0,0,0,0,0,0,1,0,0,0,0,0,0,0,3,1,0,0
19,3,9,110,18,0,0,0,1,8,9,1,4,4,8,0,0,0,0,0,0,2,0,4,0,0,0,0,0,24,1,0,0
0,0,3,54,3,0,0,0,1,1,3,1,0,0,1,0,0,0,0,0,0,0,0,0,0,0,0,0,0,2,1,0,0
2,1,5,89,16,0,0,0,1,6,6,1,3,2,6,0,0,0,0,0,0,2,0,3,1,0,0,0,0,25,1,0,0
7,7,3,76,8,0,0,0,1,0,3,1,0,5,0,0,0,0,0,0,0,2,0,0,0,0,0,0,0,10,1,0,0
0,0,3,146,3,0,0,0,1,0,3,1,0,0,0,0,0,0,0,0,0,0,0,0,0,0,0,0,0,4,1,0,0
0,0,3,66,3,0,0,0,1,0,3,1,0,0,0,0,0,0,0,0,0,0,0,0,0,0,0,0,0,5,1,0,0
0,0,3,48,3,0,0,0,1,0,3,1,0,0,0,0,0,0,0,0,0,0,0,0,0,0,0,0,0,4,1,0,0
0,0,3,42,1,0,0,0,1,0,3,0,0,1,0,0,0,0,0,0,0,0,0,1,0,0,0,0,0,5,1,0,0
0,0,16,139,3,0,0,0,1,0,16,1,0,1,0,0,0,0,0,0,0,0,0,0,0,0,1,0,0,11,1,0,0
0,0,3,93,2,0,0,0,1,2,3,1,0,1,2,0,0,0,0,0,0,0,0,0,0,0,0,0,0,5,1,0,0
83,0,80,47,5,0,0,0,1,3,80,1,2,0,3,0,0,0,0,0,0,0,0,2,0,0,4,0,0,34,1,0,0
0,0,37,49,5,3,0,3,1,11,37,1,0,0,11,0,0,0,0,0,0,0,0,0,0,0,3,0,0,20,1,0,0
0,0,10,63,3,3,0,3,3,6,10,1,2,0,6,0,0,0,1,0,0,0,0,2,0,2,0,0,0,7,1,0,0
0,0,9,111,3,1,0,1,3,4,9,1,1,1,4,0,0,0,0,0,0,1,0,1,1,2,0,0,0,12,1,0,0
0,0,20,61,5,1,0,1,1,2,20,1,0,1,2,0,0,0,0,0,0,0,0,0,0,0,2,0,0,9,1,0,0
0,0,7,31,4,0,0,0,1,0,7,0,0,5,0,0,0,0,0,0,0,0,0,5,0,0,0,0,0,18,1,0,0
0,0,3,170,1,1,1,0,1,0,3,0,0,1,0,0,0,0,0,0,0,0,0,1,0,0,0,0,0,5,1,0,0
0,0,24,100,3,3,0,3,3,10,24,2,0,0,10,0,0,0,0,0,0,0,0,0,0,1,2,0,0,19,1,0,0
0,0,5,152,2,0,0,0,2,1,5,0,0,1,1,0,0,1,0,0,0,0,0,0,0,1,0,0,0,5,1,0,0
0,0,3,142,1,0,0,0,1,1,3,0,0,0,1,1,0,0,0,0,0,0,0,0,0,0,0,0,0,2,1,0,0
0,0,3,147,1,0,0,0,1,1,3,0,0,1,1,0,0,0,0,0,0,0,0,0,0,0,0,0,0,4,1,0,0
0,0,3,174,1,0,0,0,1,0,3,1,0,0,0,0,0,0,0,0,0,0,0,0,0,0,0,0,0,4,1,0,0
0,0,3,166,1,2,2,0,1,0,3,0,0,1,0,0,0,0,0,0,0,0,0,1,0,0,0,0,0,5,1,0,0
0,0,3,178,1,1,1,0,1,0,3,1,0,0,0,0,0,0,0,0,0,0,0,0,0,0,0,0,0,3,1,0,0
0,0,5,83,1,1,0,1,2,3,5,0,0,1,3,0,0,1,0,0,0,0,0,0,0,1,0,0,0,6,1,0,0
0,0,3,74,2,0,0,0,1,1,3,1,0,1,1,0,0,0,0,0,0,0,0,0,0,0,0,0,0,3,1,0,0
0,0,3,105,2,1,0,1,1,0,3,1,0,1,0,0,0,0,0,0,0,0,0,0,0,0,0,0,0,5,1,0,0
0,0,3,127,2,0,0,0,1,2,3,1,0,1,2,0,0,0,0,0,0,0,0,0,0,0,0,0,0,5,1,0,0
0,0,3,55,1,1,0,1,2,2,3,1,0,1,2,0,0,0,0,0,0,0,0,0,0,0,0,0,0,4,1,0,0
0,0,6,39,1,1,1,0,2,1,6,2,0,0,1,0,0,0,0,0,0,0,0,0,0,1,0,0,0,10,2,0,0
0,0,21,136,3,0,0,0,1,0,21,1,0,0,0,0,0,0,0,0,0,0,0,0,0,0,1,0,0,13,10,0,0
0,0,3,61,3,0,0,0,1,1,3,1,0,0,1,0,0,0,0,0,0,0,0,0,0,0,0,0,0,5,1,0,0
0,0,3,143,4,0,0,0,1,1,3,1,0,0,1,0,0,0,0,0,0,1,0,0,0,0,0,0,0,3,1,0,0
0,0,3,136,4,0,0,0,1,1,3,1,0,0,1,0,0,0,0,0,0,1,0,0,0,0,0,0,0,3,1,0,0
0,0,3,49,3,0,0,0,1,0,3,1,0,0,0,0,0,0,0,0,0,0,0,0,0,0,0,0,0,4,1,0,0
0,0,3,67,3,0,0,0,1,0,3,1,0,0,0,0,0,0,0,0,0,0,0,0,0,0,0,0,0,5,1,0,0
0,0,3,77,8,0,0,0,1,0,3,1,0,5,0,0,0,0,0,0,0,2,0,0,0,0,0,0,0,10,1,0,0
2,1,8,112,19,0,0,0,1,8,9,1,4,4,8,0,0,0,0,0,0,2,0,4,0,0,0,0,0,25,1,0,0
0,0,3,43,1,0,0,0,1,0,3,0,0,1,0,0,0,0,0,0,0,0,0,1,0,0,0,0,0,5,1,0,0
0,0,3,149,3,0,0,0,1,0,3,1,0,0,0,0,0,0,0,0,0,0,0,0,0,0,0,0,0,4,1,0,0
2,1,5,90,17,0,0,0,1,6,6,1,3,2,6,0,0,0,0,0,0,2,0,3,1,0,0,0,0,26,1,0,0
0,0,3,55,3,0,0,0,1,1,3,1,0,0,1,0,0,0,0,0,0,0,0,0,0,0,0,0,0,2,1,0,0
0,0,8,15,2,0,0,0,1,3,8,1,2,2,3,0,0,0,0,0,0,2,0,2,2,0,0,0,0,9,9,0,0
0,0,13,61,1,1,1,0,5,0,13,1,5,3,0,0,0,1,0,0,2,0,4,6,4,2,0,0,0,11,10,0,0
0,1,27,28,5,1,0,1,2,12,26,1,8,1,12,1,1,0,0,1,0,1,1,12,0,1,0,0,0,37,1,0,0
0,0,3,24,2,0,0,0,1,0,3,0,0,1,0,0,0,0,0,0,0,0,0,1,0,0,0,0,0,5,1,0,0
0,0,4,104,2,0,0,0,1,3,4,1,0,1,3,0,0,0,0,0,0,0,0,0,0,0,0,0,0,7,4,0,0
0,0,6,221,1,0,0,0,2,2,6,0,1,2,2,0,0,0,1,0,0,0,0,1,0,1,0,0,0,9,1,0,0
0,0,9,208,5,1,1,0,1,2,9,0,0,2,2,0,0,0,0,0,0,0,0,5,0,0,0,0,0,12,1,0,0
0,0,3,162,0,0,0,0,1,2,3,1,0,1,2,0,0,0,0,0,0,0,0,0,0,0,0,0,0,4,1,0,0
0,0,12,110,3,0,0,0,2,10,12,0,2,1,10,0,0,0,0,0,0,0,0,2,0,1,0,0,0,9,4,0,0
0,0,12,140,3,0,0,0,1,11,12,0,3,2,11,0,0,0,0,0,1,1,1,3,2,0,0,0,0,11,1,0,0
0,0,5,42,2,0,0,0,1,3,5,0,0,2,3,0,0,0,0,0,0,0,0,1,0,0,0,0,0,8,1,0,0
0,0,7,167,1,0,0,0,1,4,7,0,1,2,4,0,0,0,0,0,0,0,0,1,0,0,0,0,0,11,1,0,0
0,0,11,92,2,2,0,2,2,6,11,0,1,2,6,2,3,0,0,0,0,0,0,1,0,1,0,0,0,14,1,0,0
0,0,3,123,1,3,3,0,1,2,3,1,0,1,2,0,0,0,0,0,0,0,0,0,0,0,0,0,0,7,2,0,0
0,0,3,38,1,0,0,0,1,0,3,0,0,1,0,0,0,0,0,0,0,0,0,0,0,0,0,0,0,6,1,0,0
0,0,12,75,1,2,1,1,3,6,12,0,2,0,6,1,1,2,0,0,0,0,0,2,0,1,0,0,0,10,2,0,0
0,0,3,157,0,0,0,0,1,1,3,1,0,0,1,0,0,0,0,0,0,0,0,0,0,0,0,0,0,3,1,0,0
1,0,42,127,8,2,1,1,1,13,43,0,3,0,13,0,0,0,0,0,0,1,0,3,0,0,1,0,0,47,2,0,0
0,0,13,57,1,3,1,2,4,9,13,2,1,0,9,2,2,1,0,0,0,1,0,1,0,2,0,0,0,12,1,0,0
0,0,4,50,1,1,0,1,1,2,4,0,0,0,2,1,1,0,0,0,0,0,0,0,0,0,0,0,0,6,4,0,0
0,0,3,190,1,1,1,0,1,2,3,0,0,1,2,0,0,0,0,0,0,0,0,1,0,0,0,0,0,6,1,0,0
0,0,3,195,4,0,0,0,1,1,3,0,0,4,1,0,0,0,0,0,0,0,0,0,0,0,0,0,0,5,1,0,0
0,0,4,134,4,1,0,1,1,2,4,1,1,2,2,0,0,0,0,0,0,0,0,1,0,0,0,0,0,11,1,0,0
0,0,1,22,1,0,0,0,1,0,1,0,0,1,0,0,0,0,0,0,0,0,0,0,0,0,0,0,0,5,0,0,0
0,0,1,25,1,0,0,0,1,0,1,0,0,1,0,0,0,0,0,0,0,0,0,0,0,0,0,0,0,4,0,0,0
0,0,1,23,1,0,0,0,1,0,1,0,0,1,0,0,0,0,0,0,0,0,0,0,0,0,0,0,0,2,0,0,0
0,0,1,24,1,0,0,0,1,0,1,0,0,1,0,0,0,0,0,0,0,0,0,0,0,0,0,0,0,5,0,0,0
0,0,1,21,1,0,0,0,1,0,1,0,0,1,0,0,0,0,0,0,0,0,0,0,0,0,0,0,0,6,0,0,0
0,0,3,305,1,0,0,0,1,1,3,0,0,1,1,0,0,0,0,0,0,0,0,0,0,0,0,0,0,4,1,0,0
0,0,3,227,1,0,0,0,1,1,3,0,0,1,1,0,0,0,0,0,0,0,0,0,0,0,0,0,0,4,1,0,0
0,0,23,112,5,1,0,1,1,22,23,0,2,0,22,1,1,0,0,0,0,0,4,2,0,0,1,0,0,50,1,0,0
0,0,3,255,1,0,0,0,1,1,3,0,0,1,1,0,0,0,0,0,0,0,0,0,0,0,0,0,0,4,1,0,0
0,0,6,168,1,0,0,0,1,11,6,0,0,0,11,0,0,0,0,0,0,0,0,0,0,0,0,0,0,27,1,0,0
0,0,5,106,3,4,3,1,1,4,5,1,1,1,4,1,1,0,0,0,0,0,0,1,0,0,0,0,0,8,2,0,0
0,0,18,241,7,1,0,1,1,23,18,0,3,0,23,1,2,0,0,0,0,1,2,3,0,0,1,0,0,39,1,0,0
0,0,17,65,3,2,0,2,1,15,17,0,0,0,15,2,1,0,0,0,0,0,0,2,0,0,0,0,0,32,1,0,0
0,0,21,265,8,1,0,1,1,24,21,0,5,0,24,1,2,0,0,0,0,1,2,5,0,0,1,0,0,48,1,0,0
0,0,3,202,1,0,0,0,1,1,3,0,0,1,1,0,0,0,0,0,0,0,0,0,0,0,0,0,0,4,1,0,0
0,0,13,196,3,0,0,0,1,17,13,0,1,0,17,0,0,0,0,0,0,0,2,1,0,0,1,0,0,24,1,0,0
0,0,18,294,4,0,0,0,1,22,18,0,2,0,22,0,0,0,0,0,0,1,2,2,0,0,1,0,0,28,1,0,0
0,0,7,177,1,0,0,0,1,12,7,0,0,0,12,0,0,0,0,0,0,0,0,0,0,0,0,0,0,28,1,0,0
31,0,27,343,5,2,0,2,1,19,27,0,3,0,19,2,1,0,0,0,0,0,14,3,0,0,2,0,0,31,1,0,0
0,0,21,317,5,1,0,1,1,21,21,0,6,0,21,1,1,0,0,0,0,0,3,6,0,0,1,0,0,44,1,0,0
0,0,23,140,5,1,0,1,1,22,23,0,2,0,22,1,1,0,0,0,0,0,4,2,0,0,1,0,0,53,1,0,0
0,0,6,99,2,6,6,0,1,5,6,1,1,1,5,0,0,0,0,0,0,0,0,1,0,0,0,0,0,6,2,0,0
0,0,23,211,7,1,0,1,1,23,23,0,4,0,23,1,2,0,0,0,0,0,3,4,0,0,1,0,0,47,1,0,0
0,0,6,187,1,0,0,0,1,10,6,0,0,0,10,0,0,0,0,0,0,0,0,0,0,0,0,0,0,37,1,0,0
0,0,3,146,1,0,0,0,1,1,3,0,0,1,1,0,0,0,0,0,0,0,0,0,0,0,0,0,0,4,1,0,0
0,0,9,90,1,2,2,0,1,3,9,0,0,1,3,0,0,0,0,0,0,0,0,0,0,0,1,0,0,18,2,0,0
0,0,3,118,1,0,0,0,1,1,3,0,0,1,1,0,0,0,0,0,0,0,0,0,0,0,0,0,0,4,1,0,0
0,0,4,92,1,0,0,0,1,3,4,1,0,1,3,0,0,0,0,0,0,0,0,0,0,0,0,0,0,9,1,0,0
0,0,3,364,1,0,0,0,1,1,3,0,0,1,1,0,0,0,0,0,0,0,0,0,0,0,0,0,0,4,1,0,0
0,0,3,333,1,0,0,0,1,1,3,0,0,1,1,0,0,0,0,0,0,0,0,0,0,0,0,0,0,4,1,0,0
0,0,3,351,1,0,0,0,1,1,3,0,0,1,1,0,0,0,0,0,0,0,0,0,0,0,0,0,0,4,1,0,0
0,0,3,285,1,0,0,0,1,1,3,0,0,1,1,0,0,0,0,0,0,0,0,0,0,0,0,0,0,4,1,0,0
0,0,3,155,3,0,0,0,1,0,3,1,0,0,0,0,0,0,0,0,0,0,0,0,0,0,0,0,0,4,1,0,0
0,0,3,62,3,0,0,0,1,1,3,1,0,0,1,0,0,0,0,0,0,0,0,0,0,0,0,0,0,5,1,0,0
0,0,3,142,4,0,0,0,1,1,3,1,0,0,1,0,0,0,0,0,0,1,0,0,0,0,0,0,0,3,1,0,0
0,0,3,78,8,0,0,0,1,0,3,1,0,5,0,0,0,0,0,0,0,2,0,0,0,0,0,0,0,10,1,0,0
0,0,3,50,3,0,0,0,1,0,3,1,0,0,0,0,0,0,0,0,0,0,0,0,0,0,0,0,0,4,1,0,0
0,0,3,68,3,0,0,0,1,0,3,1,0,0,0,0,0,0,0,0,0,0,0,0,0,0,0,0,0,5,1,0,0
0,0,3,90,3,0,0,0,1,0,3,1,0,0,0,0,0,0,0,0,0,0,0,0,0,0,0,0,0,2,1,0,0
0,0,3,56,3,0,0,0,1,1,3,1,0,0,1,0,0,0,0,0,0,0,0,0,0,0,0,0,0,2,1,0,0
1,1,5,97,18,0,0,0,1,6,5,1,2,3,6,0,0,0,0,0,0,2,0,2,1,0,0,0,0,27,1,0,0
1,1,8,119,20,0,0,0,1,8,8,1,3,5,8,0,0,0,0,0,0,2,0,3,0,0,0,0,0,27,1,0,0
0,0,3,44,1,0,0,0,1,0,3,0,0,1,0,0,0,0,0,0,0,0,0,1,0,0,0,0,0,5,1,0,0
0,0,3,149,4,0,0,0,1,1,3,1,0,0,1,0,0,0,0,0,0,1,0,0,0,0,0,0,0,3,1,0,0
11,0,8,56,1,0,0,0,2,6,8,0,0,2,6,0,0,0,0,0,0,3,0,0,1,1,0,0,0,7,1,0,0
3,0,0,68,0,0,0,0,1,0,3,1,0,0,0,0,0,0,0,0,0,0,0,0,0,0,0,0,0,4,1,0,0
15,0,2,31,3,1,0,1,2,14,17,0,0,0,14,0,0,0,0,0,0,0,1,3,0,1,0,0,0,17,1,0,0
0,0,3,52,1,0,0,0,1,0,3,1,0,0,0,0,0,0,0,0,0,0,0,0,0,0,0,0,0,4,1,0,0
0,0,3,26,2,0,0,0,1,1,3,1,0,1,1,0,0,0,0,0,0,0,0,0,0,0,0,0,0,4,9,0,0
15,0,0,75,1,1,1,0,1,0,3,0,0,1,0,0,0,0,0,0,0,0,0,1,0,0,0,0,0,6,2,0,0
0,0,11,79,2,0,0,0,3,8,11,0,3,4,8,0,0,0,1,0,2,7,0,3,4,1,0,0,0,11,4,0,0
0,0,11,79,2,0,0,0,3,8,11,0,3,4,8,0,0,0,1,0,2,7,0,3,4,1,0,0,0,11,4,0,0
2,1,17,30,3,1,0,1,2,17,18,0,0,0,17,0,0,0,0,0,0,1,1,3,0,1,0,0,0,17,1,0,0
0,0,3,75,1,1,1,0,1,0,3,0,0,1,0,0,0,0,0,0,0,0,0,1,0,0,0,0,0,6,2,0,0
0,0,3,25,2,0,0,0,1,1,3,1,0,1,1,0,0,0,0,0,0,0,0,0,0,0,0,0,0,4,9,0,0
0,0,3,52,1,0,0,0,1,0,3,1,0,0,0,0,0,0,0,0,0,0,0,0,0,0,0,0,0,4,1,0,0
0,0,3,68,0,0,0,0,1,0,3,1,0,0,0,0,0,0,0,0,0,0,0,0,0,0,0,0,0,4,1,0,0
0,0,8,56,1,0,0,0,2,6,8,0,0,2,6,0,0,0,0,0,0,3,0,0,1,1,0,0,0,7,1,0,0
0,0,3,57,3,0,0,0,1,1,3,1,0,0,1,0,0,0,0,0,0,0,0,0,0,0,0,0,0,2,1,0,0
0,0,3,102,3,0,0,0,1,0,3,1,0,0,0,0,0,0,0,0,0,0,0,0,0,0,0,0,0,2,1,0,0
8,0,3,92,7,0,0,0,1,0,3,1,0,3,0,0,0,0,0,0,0,1,0,0,0,0,0,0,0,10,1,0,0
0,0,3,154,4,0,0,0,1,1,3,1,0,0,1,0,0,0,0,0,0,1,0,0,0,0,0,0,0,3,1,0,0
0,0,8,131,20,0,0,0,1,8,8,1,3,5,8,0,0,0,0,0,0,2,0,3,0,0,0,0,0,27,1,0,0
0,0,3,51,3,0,0,0,1,0,3,1,0,0,0,0,0,0,0,0,0,0,0,0,0,0,0,0,0,4,1,0,0
0,0,3,79,8,0,0,0,1,0,3,1,0,5,0,0,0,0,0,0,0,2,0,0,0,0,0,0,0,10,1,0,0
0,0,3,167,3,0,0,0,1,0,3,1,0,0,0,0,0,0,0,0,0,0,0,0,0,0,0,0,0,4,1,0,0
0,0,3,69,3,0,0,0,1,0,3,1,0,0,0,0,0,0,0,0,0,0,0,0,0,0,0,0,0,3,1,0,0
0,0,5,109,18,0,0,0,1,6,5,1,2,3,6,0,0,0,0,0,0,2,0,2,1,0,0,0,0,27,1,0,0
0,0,3,161,4,0,0,0,1,1,3,1,0,0,1,0,0,0,0,0,0,1,0,0,0,0,0,0,0,3,1,0,0
0,0,3,45,1,0,0,0,1,0,3,0,0,1,0,0,0,0,0,0,0,0,0,1,0,0,0,0,0,5,1,0,0
0,0,3,63,3,0,0,0,1,1,3,1,0,0,1,0,0,0,0,0,0,0,0,0,0,0,0,0,0,5,1,0,0
1,1,4,79,2,1,1,0,1,0,4,0,0,2,0,0,0,0,0,0,0,0,0,2,0,0,0,0,0,8,2,0,0
0,0,3,71,0,0,0,0,1,0,3,1,0,0,0,0,0,0,0,0,0,0,0,0,0,0,0,0,0,4,1,0,0
3,3,18,33,3,1,0,1,2,15,18,0,0,0,15,0,0,0,0,0,0,1,1,3,0,1,0,0,0,17,1,0,0
0,0,3,28,2,0,0,0,1,1,3,1,0,1,1,0,0,0,0,0,0,0,0,0,0,0,0,0,0,4,9,0,0
0,0,3,55,1,0,0,0,1,0,3,1,0,0,0,0,0,0,0,0,0,0,0,0,0,0,0,0,0,4,1,0,0
0,0,11,84,2,0,0,0,3,9,11,0,3,4,9,0,0,0,1,0,2,8,0,3,4,1,0,0,0,11,4,0,0
1,1,8,59,1,0,0,0,2,6,8,0,0,2,6,0,0,0,0,0,0,3,0,0,2,1,0,0,0,7,1,0,0
0,0,3,55,1,0,0,0,1,0,3,1,0,0,0,0,0,0,0,0,0,0,0,0,0,0,0,0,0,4,1,0,0
0,0,3,71,0,0,0,0,1,0,3,1,0,0,0,0,0,0,0,0,0,0,0,0,0,0,0,0,0,4,1,0,0
1,1,18,33,3,1,0,1,2,15,18,0,0,0,15,0,0,0,0,0,0,1,1,3,0,1,0,0,0,17,1,0,0
0,0,8,59,1,0,0,0,2,6,8,0,0,2,6,0,0,0,0,0,0,3,0,0,2,1,0,0,0,7,1,0,0
0,0,3,28,2,0,0,0,1,1,3,1,0,1,1,0,0,0,0,0,0,0,0,0,0,0,0,0,0,4,9,0,0
0,5,8,78,1,1,1,0,1,0,3,0,0,1,0,0,0,0,0,0,0,0,0,1,0,0,0,0,0,6,2,0,0
0,0,8,82,2,0,0,0,3,6,8,0,3,4,6,0,0,0,1,0,2,6,0,3,3,1,0,0,0,11,4,0,0
0,0,28,349,4,2,2,0,9,9,28,1,5,1,9,0,0,0,1,0,0,0,1,5,0,3,0,0,0,19,4,0,0
0,0,5,48,2,1,0,1,1,7,5,0,0,1,7,0,0,0,0,0,0,0,0,0,0,0,0,0,0,13,4,0,0
0,0,7,263,2,0,0,0,2,5,7,0,1,1,5,0,0,0,0,0,0,1,0,1,1,1,0,0,0,15,1,0,0
0,0,6,280,0,0,0,0,1,7,6,0,0,1,7,0,0,0,0,0,0,1,0,0,0,0,0,0,0,8,1,0,0
0,0,5,273,0,0,0,0,1,6,5,0,0,0,6,0,0,0,0,0,0,0,0,0,0,0,0,0,0,4,1,0,0
0,0,6,193,0,0,0,0,1,7,6,0,0,1,7,0,0,0,0,0,0,1,0,0,0,0,0,0,0,8,1,0,0
0,0,3,188,0,0,0,0,1,1,3,0,0,0,1,0,0,0,0,0,0,0,0,0,0,0,0,0,0,2,1,0,0
0,0,12,201,2,2,0,2,2,11,12,0,0,1,11,0,0,0,0,0,0,1,0,0,1,1,0,0,0,20,1,0,0
0,0,7,132,2,1,0,1,2,6,7,2,0,1,6,1,1,0,1,0,0,0,0,0,0,1,0,0,0,10,1,0,0
0,0,4,114,0,3,3,0,1,4,4,0,0,0,4,0,0,0,0,0,0,0,0,0,0,0,0,0,0,7,2,0,0
0,0,3,103,1,0,0,0,1,5,3,0,0,2,5,0,0,0,0,0,0,0,0,0,0,0,0,0,0,10,1,0,0
0,0,13,141,0,1,1,0,1,11,13,1,1,0,11,0,0,0,0,0,0,16,0,1,8,0,0,0,0,10,2,0,0
0,0,10,307,0,2,2,0,3,4,10,0,1,0,4,0,0,1,1,0,0,0,0,2,0,2,0,0,0,27,2,0,0
0,0,3,328,0,1,1,0,1,1,3,0,0,0,1,0,0,0,0,0,0,0,0,0,0,0,0,0,0,4,2,0,0
0,0,4,216,0,0,0,0,1,4,4,0,0,0,4,0,0,0,0,0,0,0,0,0,0,0,0,0,0,5,1,0,0
0,0,37,223,3,3,0,3,9,17,37,2,1,1,17,3,3,0,0,0,0,1,0,1,0,2,0,0,0,19,1,0,0
0,0,3,127,2,0,0,0,1,1,3,0,0,2,1,0,0,0,0,0,0,0,0,0,0,0,0,0,0,5,1,0,0
0,0,12,96,2,1,1,0,2,11,12,0,2,0,11,0,0,0,0,0,0,2,0,2,1,1,1,0,0,19,2,0,0
0,0,6,119,1,1,1,0,2,2,6,0,1,1,2,0,0,0,1,0,0,0,0,1,0,1,0,0,0,8,2,0,0
0,0,22,66,3,5,0,5,2,18,22,0,1,1,18,5,3,0,0,0,0,0,0,1,0,1,0,0,0,41,1,0,0
0,0,28,178,2,1,1,0,1,9,28,0,2,1,9,0,0,0,0,0,0,1,0,2,1,0,1,0,0,32,2,0,0
0,0,24,254,2,1,1,0,1,9,24,0,1,0,9,0,0,0,0,0,0,1,0,1,0,0,1,0,0,24,2,0,0
0,0,11,338,3,5,3,2,3,4,11,0,2,1,4,2,1,1,0,0,0,0,1,2,0,2,0,0,0,9,4,0,0
0,0,12,158,3,1,0,1,3,17,12,0,1,0,17,1,1,0,0,0,0,0,0,1,0,1,0,0,0,10,1,0,0
0,0,15,290,3,4,0,4,7,14,15,0,1,2,14,4,1,0,0,0,0,1,0,1,0,1,0,0,0,26,1,0,0
0,0,5,332,1,3,2,1,2,4,5,0,1,0,4,1,2,1,0,0,0,0,1,1,0,1,0,0,0,7,4,0,0
0,0,11,318,1,1,1,0,4,6,11,0,0,2,6,0,0,0,0,0,0,3,0,0,2,1,0,0,0,8,2,0,0
13,4,3,78,1,1,1,0,1,0,3,0,0,1,0,0,0,0,0,0,0,0,0,1,0,0,0,0,0,6,2,0,0
0,0,3,71,0,0,0,0,1,0,3,1,0,0,0,0,0,0,0,0,0,0,0,0,0,0,0,0,0,4,1,0,0
0,0,18,33,3,1,0,1,2,15,18,0,0,0,15,0,0,0,0,0,0,1,1,3,0,1,0,0,0,17,1,0,0
0,0,8,59,1,0,0,0,2,6,8,0,0,2,6,0,0,0,0,0,0,3,0,0,2,1,0,0,0,7,1,0,0
0,0,3,28,2,0,0,0,1,1,3,1,0,1,1,0,0,0,0,0,0,0,0,0,0,0,0,0,0,4,9,0,0
0,0,3,55,1,0,0,0,1,0,3,1,0,0,0,0,0,0,0,0,0,0,0,0,0,0,0,0,0,4,1,0,0
0,0,20,82,2,0,0,0,4,6,20,0,3,4,6,0,0,0,2,0,2,6,0,5,4,3,0,0,0,12,4,0,0
1,1,14,139,4,1,1,0,1,10,14,0,1,0,10,0,0,0,0,0,0,1,0,1,0,0,1,0,0,19,2,0,0
0,0,5,68,1,3,1,2,1,3,5,0,1,1,3,2,2,0,0,0,0,0,0,1,0,0,0,0,0,7,2,0,0
0,0,36,90,4,4,2,2,2,15,36,0,4,0,15,2,2,1,0,0,0,0,1,5,0,1,3,0,0,23,2,0,0
0,0,4,63,1,3,1,2,1,2,4,0,0,1,2,2,6,0,0,0,0,0,0,0,0,0,0,0,0,11,1,0,1
0,0,3,41,0,2,2,0,1,2,3,1,0,0,2,0,0,0,0,0,0,0,0,0,0,0,0,0,0,5,1,0,0
0,0,5,80,1,3,2,1,1,7,5,0,1,1,7,1,1,0,0,0,0,0,0,1,0,0,0,0,0,9,1,0,0
0,0,3,86,1,3,2,1,1,5,3,0,0,1,5,1,1,0,0,0,0,0,0,0,0,0,0,0,0,8,1,0,0
0,0,12,114,2,5,0,5,3,4,12,0,2,2,4,0,0,1,0,0,0,0,1,2,0,2,0,0,0,13,1,0,0
0,0,3,130,2,5,0,5,1,1,3,0,0,2,1,0,0,0,0,0,0,0,0,0,0,0,0,0,0,8,1,0,0
0,0,5,74,1,3,1,2,1,3,5,0,1,1,3,2,3,0,0,0,0,0,0,1,0,0,0,0,0,8,2,0,0
0,0,4,35,1,1,0,1,1,2,4,0,0,0,2,1,3,0,0,0,0,0,0,0,0,0,0,0,0,6,4,0,0
0,0,6,45,0,3,3,0,1,4,6,1,2,0,4,0,0,0,0,0,0,0,0,2,0,0,0,0,0,10,1,0,0
0,0,3,30,2,0,0,0,1,0,3,0,0,2,0,0,0,0,0,0,0,0,0,0,0,0,0,0,0,4,1,0,0
0,0,3,26,1,0,0,0,1,0,3,0,0,1,0,0,0,0,0,0,0,0,0,0,0,0,0,0,0,4,1,0,0
0,0,5,54,1,3,2,1,1,3,5,1,2,0,3,1,1,0,0,0,0,0,0,2,0,0,0,0,0,11,1,0,0
0,0,8,147,3,5,0,5,2,7,8,0,2,2,7,0,0,0,0,0,0,2,1,2,0,1,0,0,0,14,1,0,0
0,0,4,107,2,0,0,0,1,2,4,0,0,3,2,0,0,0,0,0,1,0,0,1,0,0,0,0,0,7,1,0,0
0,0,3,71,0,0,0,0,1,0,3,1,0,0,0,0,0,0,0,0,0,0,0,0,0,0,0,0,0,4,1,0,0
0,0,18,33,3,1,0,1,2,15,18,0,0,0,15,0,0,0,0,0,0,1,1,3,0,1,0,0,0,17,1,0,0
0,0,8,59,1,0,0,0,2,6,8,0,0,2,6,0,0,0,0,0,0,3,0,0,2,1,0,0,0,7,1,0,0
0,0,19,82,2,0,0,0,4,8,19,0,3,4,8,0,0,0,2,0,1,3,0,5,2,3,0,0,0,11,4,0,0
0,0,3,55,1,0,0,0,1,0,3,1,0,0,0,0,0,0,0,0,0,0,0,0,0,0,0,0,0,4,1,0,0
11,8,0,78,1,1,1,0,1,0,3,0,0,1,0,0,0,0,0,0,0,0,0,1,0,0,0,0,0,6,2,0,0
0,0,3,28,2,0,0,0,1,1,3,1,0,1,1,0,0,0,0,0,0,0,0,0,0,0,0,0,0,4,9,0,0
0,0,3,10,0,0,0,0,3,1,3,1,0,1,1,0,0,0,2,0,1,0,1,0,0,0,0,0,0,14,9,0,1
13,0,1,19,0,0,0,0,3,3,14,1,2,2,3,0,0,1,0,0,0,0,0,3,0,2,0,0,0,31,9,0,1
0,0,22,82,2,0,0,0,4,8,22,0,3,4,8,0,0,0,2,0,1,4,0,5,3,3,0,0,0,11,4,0,0
0,0,3,28,2,0,0,0,1,1,3,1,0,1,1,0,0,0,0,0,0,0,0,0,0,0,0,0,0,4,9,0,0
0,0,3,55,1,0,0,0,1,0,3,1,0,0,0,0,0,0,0,0,0,0,0,0,0,0,0,0,0,4,1,0,0
5,0,3,78,1,1,1,0,1,0,3,0,0,1,0,0,0,0,0,0,0,0,0,1,0,0,0,0,0,6,2,0,0
0,0,8,59,1,0,0,0,2,6,8,0,0,2,6,0,0,0,0,0,0,3,0,0,2,1,0,0,0,7,1,0,0
0,0,18,33,3,1,0,1,2,15,18,0,0,0,15,0,0,0,0,0,0,1,1,3,0,1,0,0,0,17,1,0,0
0,0,3,71,0,0,0,0,1,0,3,1,0,0,0,0,0,0,0,0,0,0,0,0,0,0,0,0,0,4,1,0,0
0,0,9,407,4,1,1,0,1,4,9,1,1,3,4,0,0,0,0,0,0,0,0,1,0,0,0,0,0,8,2,0,0
0,0,3,113,2,5,4,1,1,1,3,0,0,1,1,1,2,0,0,0,0,0,0,0,0,0,0,0,0,5,2,0,0
0,0,3,126,1,1,0,1,1,2,3,0,0,1,2,0,0,0,0,0,0,1,0,0,1,0,0,0,0,8,1,0,0
0,0,6,144,1,0,0,0,2,4,6,0,0,0,4,0,0,0,0,0,0,0,0,0,0,1,0,0,0,8,1,0,0
0,0,3,401,2,1,0,1,1,3,3,0,0,1,3,0,0,0,0,0,0,1,0,0,1,0,0,0,0,9,1,0,0
0,0,3,290,1,1,1,0,1,1,3,0,0,1,1,0,0,0,0,0,0,0,0,0,0,0,0,0,0,18,2,0,0
0,0,6,72,2,0,0,0,1,4,6,0,0,0,4,0,0,0,0,0,0,0,0,2,0,0,0,0,0,7,1,0,0
0,0,24,301,2,3,1,2,4,5,24,1,3,2,5,2,2,0,1,2,0,2,1,5,0,3,0,0,0,30,2,0,0
0,0,5,456,4,2,1,1,1,3,5,1,1,1,3,1,1,0,0,0,0,0,0,1,1,0,0,0,0,8,2,0,0
0,0,68,173,13,3,0,3,14,32,68,2,19,1,32,3,8,2,2,1,1,12,4,24,6,5,1,0,0,69,1,0,0
0,0,30,326,5,7,1,6,10,14,30,0,2,6,14,6,5,1,0,0,0,0,3,2,2,3,0,0,0,23,2,0,0
0,0,6,132,2,1,1,0,2,2,6,2,0,1,2,0,0,0,1,0,0,2,0,0,1,1,0,0,0,6,2,0,0
0,0,3,468,0,3,3,0,1,0,3,1,0,1,0,0,0,0,0,0,0,1,0,0,1,0,0,0,0,6,2,0,0
0,0,8,429,3,1,1,0,1,3,8,1,1,2,3,0,0,0,0,0,0,0,0,1,1,0,0,0,0,9,2,0,0
0,0,5,462,4,2,1,1,1,3,5,1,1,1,3,1,1,0,0,0,0,0,0,1,1,0,0,0,0,7,2,0,0
0,0,14,154,3,1,1,0,3,8,14,3,2,1,8,0,0,0,1,0,0,2,0,2,0,1,0,0,0,13,2,0,0
0,0,14,139,0,2,1,1,2,2,14,0,1,2,2,0,0,0,0,0,0,0,0,1,0,1,1,0,0,13,2,0,0
0,0,8,447,4,1,1,0,1,4,8,1,1,2,4,0,0,0,0,0,0,0,0,1,1,0,0,0,0,9,2,0,0
0,0,5,295,3,1,1,0,1,2,5,0,1,2,2,0,0,0,0,0,0,0,0,1,0,0,0,0,0,7,2,0,0
0,0,19,369,3,1,0,1,5,8,19,2,7,3,8,1,1,0,3,0,0,1,0,8,0,2,0,0,0,42,1,0,0
0,0,12,117,6,5,4,1,1,9,12,0,2,2,9,1,1,0,0,0,0,2,0,2,1,0,1,0,0,22,2,0,0
0,0,32,246,7,8,1,7,7,22,32,0,3,6,22,7,7,0,3,1,0,1,0,6,1,2,0,0,0,56,2,0,0
1,0,10,417,4,2,1,1,1,4,11,1,1,3,4,1,3,0,0,0,0,1,0,1,2,0,0,0,0,14,2,0,0
0,0,15,389,2,1,1,0,1,9,15,0,1,5,9,0,0,0,0,0,0,1,0,1,0,0,1,0,0,17,2,0,0
0,0,8,438,3,1,1,0,1,6,8,1,1,2,6,0,0,0,0,0,0,0,0,1,1,0,0,0,0,19,2,0,0
0,0,32,85,2,2,0,2,9,5,32,0,3,1,5,2,3,0,0,0,0,4,0,12,1,1,0,0,0,17,1,0,0
0,0,3,89,0,0,0,0,1,2,3,1,0,2,2,0,0,0,0,0,0,2,0,0,0,0,0,0,0,2,1,0,0
11,3,6,39,2,1,0,1,2,9,14,0,4,0,9,1,1,0,1,0,0,7,0,4,2,1,0,0,0,19,1,0,0
0,0,5,33,5,0,0,0,1,0,5,0,0,3,0,0,0,0,0,0,0,1,0,3,0,0,0,0,0,14,0,0,0
48,0,37,62,4,2,1,1,5,21,37,2,8,2,21,0,0,2,1,0,0,7,3,8,0,2,1,0,0,21,2,0,0
0,0,3,97,3,0,0,0,1,0,3,1,0,0,0,0,0,0,0,0,0,0,0,0,0,0,0,0,0,2,1,0,0
0,0,3,55,3,0,0,0,1,0,3,1,0,0,0,0,0,0,0,0,0,0,0,0,0,0,0,0,0,4,1,0,0
0,0,3,61,3,0,0,0,1,1,3,1,0,0,1,0,0,0,0,0,0,0,0,0,0,0,0,0,0,2,1,0,0
0,0,3,160,3,0,0,0,1,0,3,1,0,0,0,0,0,0,0,0,0,0,0,0,0,0,0,0,0,4,1,0,0
0,0,5,103,10,0,0,0,1,6,5,1,2,2,6,0,0,0,0,0,0,1,0,2,1,0,0,0,0,17,1,0,0
0,0,3,154,7,0,0,0,1,1,3,1,0,2,1,0,0,0,0,0,0,1,0,0,0,0,0,0,0,8,1,0,0
3,0,0,91,4,0,0,0,1,1,3,1,0,1,1,0,0,0,0,0,0,0,0,0,0,0,0,0,0,6,1,0,0
0,0,3,49,1,0,0,0,1,0,3,0,0,1,0,0,0,0,0,0,0,0,0,1,0,0,0,0,0,5,1,0,0
0,0,3,73,3,0,0,0,1,0,3,1,0,0,0,0,0,0,0,0,0,0,0,0,0,0,0,0,0,3,1,0,0
0,0,3,79,6,0,0,0,1,0,3,1,0,3,0,0,0,0,0,0,0,0,0,0,0,0,0,0,0,10,1,0,0
0,0,3,147,4,0,0,0,1,1,3,1,0,0,1,0,0,0,0,0,0,1,0,0,0,0,0,0,0,3,1,0,0
0,0,3,67,3,0,0,0,1,1,3,1,0,0,1,0,0,0,0,0,0,0,0,0,0,0,0,0,0,5,1,0,0
0,0,8,116,20,0,0,0,1,8,8,1,3,5,8,0,0,0,0,0,0,0,0,3,0,0,0,0,0,25,1,0,0
0,0,3,85,6,0,0,0,1,0,3,1,0,3,0,0,0,0,0,0,0,0,0,0,0,0,0,0,0,9,1,0,0
0,0,3,140,4,0,0,0,1,1,3,1,0,0,1,0,0,0,0,0,0,1,0,0,0,0,0,0,0,3,1,0,0
0,0,3,30,2,0,0,0,1,0,3,0,0,1,0,0,0,0,0,0,0,0,0,1,0,0,0,0,0,7,1,0,0
0,0,3,61,0,0,0,0,1,2,3,1,0,2,2,0,0,0,0,0,0,0,0,0,0,0,0,0,0,11,1,0,0
7,7,37,34,4,1,0,1,5,20,37,2,8,2,20,0,0,2,1,0,0,0,3,8,0,2,1,0,0,39,1,0,0
0,0,14,33,1,0,0,0,2,9,14,0,4,0,9,0,0,0,1,0,0,7,0,4,2,1,0,0,0,16,1,0,0
2,1,5,26,6,0,0,0,1,0,6,0,0,4,0,0,0,0,0,0,0,1,0,4,0,0,0,0,0,18,0,0,0
0,0,3,61,0,0,0,0,1,2,3,1,0,2,2,0,0,0,0,0,0,0,0,0,0,0,0,0,0,11,1,0,0
1,1,37,34,4,1,0,1,5,20,37,2,8,2,20,0,0,2,1,0,0,0,3,8,0,2,1,0,0,39,1,0,0
0,0,3,30,2,0,0,0,1,0,3,0,0,1,0,0,0,0,0,0,0,0,0,1,0,0,0,0,0,7,1,0,0
0,0,19,369,3,1,0,1,5,8,19,2,7,3,8,1,1,0,3,0,0,1,0,8,0,2,0,0,0,42,1,0,0
0,0,8,437,3,1,1,0,1,6,8,1,1,2,6,0,0,0,0,0,0,0,0,1,1,0,0,0,0,19,2,0,0
0,0,32,246,7,8,1,7,7,22,32,0,3,6,22,7,6,0,3,1,0,1,0,6,1,2,0,0,0,56,2,0,0
0,0,14,154,3,1,1,0,3,8,14,3,2,1,8,0,0,0,1,0,0,2,0,2,0,1,0,0,0,13,2,0,0
0,0,9,407,4,1,1,0,1,4,9,1,1,3,4,0,0,0,0,0,0,0,0,1,0,0,0,0,0,8,2,0,0
0,0,30,326,5,7,1,6,10,14,30,0,2,6,14,6,2,1,0,0,0,0,3,2,2,3,0,0,0,23,2,0,0
0,0,5,455,4,2,1,1,1,3,5,1,1,1,3,1,1,0,0,0,0,0,0,1,1,0,0,0,0,8,2,0,0
0,0,32,85,2,2,0,2,9,5,32,0,3,1,5,2,3,0,0,0,0,4,0,12,1,1,0,0,0,17,1,0,0
0,0,6,132,2,1,1,0,2,2,6,2,0,1,2,0,0,0,1,0,0,2,0,0,1,1,0,0,0,6,2,0,0
0,0,68,173,13,3,0,3,14,32,68,2,19,1,32,3,8,2,2,1,1,12,4,24,6,5,1,0,0,69,1,0,0
0,0,12,117,6,5,4,1,1,9,12,0,2,2,9,1,1,0,0,0,0,2,0,2,1,0,1,0,0,22,2,0,0
0,0,3,113,2,4,3,1,1,1,3,0,0,1,1,1,2,0,0,0,0,0,0,0,0,0,0,0,0,5,2,0,0
0,0,5,295,3,1,1,0,1,2,5,0,1,2,2,0,0,0,0,0,0,0,0,1,0,0,0,0,0,7,2,0,0
0,0,15,389,2,1,1,0,1,9,15,0,1,5,9,0,0,0,0,0,0,1,0,1,0,0,1,0,0,17,2,0,0
0,0,5,461,4,2,1,1,1,3,5,1,1,1,3,1,1,0,0,0,0,0,0,1,1,0,0,0,0,7,2,0,0
0,1,11,417,3,1,1,0,1,3,10,1,1,3,3,0,0,0,0,0,0,0,0,1,1,0,0,0,0,9,2,0,0
0,0,8,446,4,1,1,0,1,4,8,1,1,2,4,0,0,0,0,0,0,0,0,1,1,0,0,0,0,9,2,0,0
0,0,14,139,0,2,1,1,2,2,14,0,1,2,2,0,0,0,0,0,0,0,0,1,0,1,1,0,0,13,2,0,0
0,0,24,301,2,3,1,2,4,5,24,1,3,2,5,2,2,0,1,2,0,2,1,5,0,3,0,0,0,30,2,0,0
0,0,8,428,3,1,1,0,1,3,8,1,1,2,3,0,0,0,0,0,0,0,0,1,1,0,0,0,0,9,2,0,0
0,0,6,72,2,0,0,0,1,4,6,0,0,0,4,0,0,0,0,0,0,0,0,2,0,0,0,0,0,7,1,0,0
0,0,3,290,1,1,1,0,1,1,3,0,0,1,1,0,0,0,0,0,0,0,0,0,0,0,0,0,0,18,2,0,0
0,0,3,401,2,1,0,1,1,3,3,0,0,1,3,0,0,0,0,0,0,1,0,0,1,0,0,0,0,9,1,0,0
0,0,6,144,1,0,0,0,2,4,6,0,0,0,4,0,0,0,0,0,0,0,0,0,0,1,0,0,0,8,1,0,0
0,0,3,126,1,1,0,1,1,2,3,0,0,1,2,0,0,0,0,0,0,1,0,0,1,0,0,0,0,8,1,0,0
0,0,3,467,0,3,3,0,1,0,3,1,0,1,0,0,0,0,0,0,0,1,0,0,1,0,0,0,0,6,2,0,0
0,0,4,143,1,0,0,0,1,0,4,1,0,1,0,0,0,0,0,0,0,0,0,1,0,0,0,0,0,5,1,0,0
0,0,3,64,0,0,0,0,1,0,3,1,0,0,0,0,0,0,0,0,0,0,0,0,0,0,0,0,0,3,1,0,0
0,0,3,56,0,0,0,0,1,0,3,1,0,0,0,0,0,0,0,0,0,0,0,0,0,0,0,0,0,4,1,0,0
0,0,3,60,0,0,0,0,1,0,3,1,0,0,0,0,0,0,0,0,0,0,0,0,0,0,0,0,0,3,1,0,0
0,0,3,84,0,0,0,0,1,0,3,1,0,0,0,0,0,0,0,0,0,0,0,0,0,0,0,0,0,3,1,0,0
0,0,3,96,0,0,0,0,1,0,3,1,0,0,0,0,0,0,0,0,0,0,0,0,0,0,0,0,0,4,1,0,0
0,0,3,80,0,0,0,0,1,0,3,1,0,0,0,0,0,0,0,0,0,0,0,0,0,0,0,0,0,4,1,0,0
0,0,17,22,1,1,1,0,1,0,17,0,0,1,0,0,0,0,0,0,0,0,0,15,0,0,0,0,0,22,1,0,0
0,0,4,178,1,0,0,0,1,0,4,1,0,1,0,0,0,0,0,0,0,0,0,1,0,0,0,0,0,6,1,0,0
0,0,3,48,0,0,0,0,1,0,3,1,0,0,0,0,0,0,0,0,0,0,0,0,0,0,0,0,0,3,1,0,0
19,0,3,100,0,0,0,0,1,0,3,1,0,0,0,0,0,0,0,0,0,16,0,0,2,0,0,0,0,22,1,0,0
0,0,4,203,1,0,0,0,1,0,4,1,0,1,0,0,0,0,0,0,0,0,0,1,0,0,0,0,0,5,1,0,0
0,0,4,188,1,0,0,0,1,0,4,1,0,1,0,0,0,0,0,0,0,0,0,1,0,0,0,0,0,5,1,0,0
0,0,4,163,1,0,0,0,1,0,4,1,0,1,0,0,0,0,0,0,0,0,0,1,0,0,0,0,0,6,1,0,0
0,0,4,173,1,0,0,0,1,0,4,1,0,1,0,0,0,0,0,0,0,0,0,1,0,0,0,0,0,6,1,0,0
0,0,4,168,1,0,0,0,1,0,4,1,0,1,0,0,0,0,0,0,0,0,0,1,0,0,0,0,0,6,1,0,0
0,0,4,213,1,0,0,0,1,0,4,1,0,1,0,0,0,0,0,0,0,0,0,1,0,0,0,0,0,5,1,0,0
0,0,4,183,1,0,0,0,1,0,4,1,0,1,0,0,0,0,0,0,0,0,0,1,0,0,0,0,0,6,1,0,0
0,0,4,198,1,0,0,0,1,0,4,1,0,1,0,0,0,0,0,0,0,0,0,1,0,0,0,0,0,5,1,0,0
0,0,4,158,1,0,0,0,1,0,4,1,0,1,0,0,0,0,0,0,0,0,0,1,0,0,0,0,0,5,1,0,0
0,0,4,193,1,0,0,0,1,0,4,1,0,1,0,0,0,0,0,0,0,0,0,1,0,0,0,0,0,5,1,0,0
0,0,4,148,1,0,0,0,1,0,4,1,0,1,0,0,0,0,0,0,0,0,0,1,0,0,0,0,0,5,1,0,0
0,0,3,139,1,1,0,1,1,0,3,1,0,0,0,0,0,0,0,0,0,0,0,0,0,0,0,0,0,2,1,0,0
0,0,4,153,1,0,0,0,1,0,4,1,0,1,0,0,0,0,0,0,0,0,0,1,0,0,0,0,0,7,1,0,0
0,0,3,76,0,0,0,0,1,0,3,1,0,0,0,0,0,0,0,0,0,0,0,0,0,0,0,0,0,3,1,0,0
0,0,4,208,1,0,0,0,1,0,4,1,0,1,0,0,0,0,0,0,0,0,0,1,0,0,0,0,0,5,1,0,0
0,0,3,44,0,0,0,0,1,0,3,1,0,0,0,0,0,0,0,0,0,0,0,0,0,0,0,0,0,3,1,0,0
0,0,3,92,0,0,0,0,1,0,3,1,0,0,0,0,0,0,0,0,0,0,0,0,0,0,0,0,0,4,1,0,0
0,0,3,88,0,0,0,0,1,0,3,1,0,0,0,0,0,0,0,0,0,0,0,0,0,0,0,0,0,5,1,0,0
0,0,3,52,0,0,0,0,1,0,3,1,0,0,0,0,0,0,0,0,0,0,0,0,0,0,0,0,0,3,1,0,0
0,0,3,40,0,0,0,0,1,0,3,1,0,0,0,0,0,0,0,0,0,0,0,0,0,0,0,0,0,5,1,0,0
0,0,3,68,0,0,0,0,1,0,3,1,0,0,0,0,0,0,0,0,0,0,0,0,0,0,0,0,0,3,1,0,0
0,0,3,72,0,0,0,0,1,0,3,1,0,0,0,0,0,0,0,0,0,0,0,0,0,0,0,0,0,3,1,0,0
0,0,3,88,0,0,0,0,1,0,3,1,0,0,0,0,0,0,0,0,0,0,0,0,0,0,0,0,0,3,1,0,0
0,0,3,48,0,0,0,0,1,0,3,1,0,0,0,0,0,0,0,0,0,0,0,0,0,0,0,0,0,3,1,0,0
0,0,3,100,0,0,0,0,1,0,3,1,0,0,0,0,0,0,0,0,0,0,0,0,0,0,0,0,0,4,1,0,0
0,0,3,52,0,0,0,0,1,0,3,1,0,0,0,0,0,0,0,0,0,0,0,0,0,0,0,0,0,3,1,0,0
0,0,3,76,0,0,0,0,1,0,3,1,0,0,0,0,0,0,0,0,0,0,0,0,0,0,0,0,0,3,1,0,0
0,0,3,104,0,0,0,0,1,0,3,1,0,0,0,0,0,0,0,0,0,0,0,0,0,0,0,0,0,3,1,0,0
0,0,3,116,1,0,0,0,1,0,3,1,0,0,0,0,0,0,0,0,0,0,0,0,0,0,0,0,0,5,1,0,0
0,0,3,96,0,0,0,0,1,0,3,1,0,0,0,0,0,0,0,0,0,0,0,0,0,0,0,0,0,3,1,0,0
0,0,3,56,0,0,0,0,1,0,3,1,0,0,0,0,0,0,0,0,0,0,0,0,0,0,0,0,0,5,1,0,0
0,0,3,64,0,0,0,0,1,0,3,1,0,0,0,0,0,0,0,0,0,0,0,0,0,0,0,0,0,3,1,0,0
0,0,3,60,0,0,0,0,1,0,3,1,0,0,0,0,0,0,0,0,0,0,0,0,0,0,0,0,0,3,1,0,0
0,0,3,108,0,0,0,0,1,0,3,1,0,0,0,0,0,0,0,0,0,0,0,0,0,0,0,0,0,3,1,0,0
0,0,3,80,0,0,0,0,1,0,3,1,0,0,0,0,0,0,0,0,0,0,0,0,0,0,0,0,0,3,1,0,0
0,0,3,72,0,0,0,0,1,0,3,1,0,0,0,0,0,0,0,0,0,0,0,0,0,0,0,0,0,3,1,0,0
0,0,3,162,0,0,0,0,1,0,3,1,0,0,0,0,0,0,0,0,0,0,0,0,0,0,0,0,0,5,1,0,0
0,0,3,92,1,0,0,0,1,0,3,1,0,0,0,0,0,0,0,0,0,0,0,0,0,0,0,0,0,3,1,0,0
0,0,3,155,1,0,0,0,1,0,3,1,0,0,0,0,0,0,0,0,0,0,0,0,0,0,0,0,0,3,1,0,0
0,0,3,19,1,0,0,0,1,0,3,1,0,0,0,0,0,0,0,0,0,0,0,0,0,0,0,0,0,3,1,0,0
0,0,3,127,1,0,0,0,1,0,3,1,0,0,0,0,0,0,0,0,0,0,0,0,0,0,0,0,0,3,1,0,0
0,0,3,146,0,0,0,0,1,0,3,1,0,0,0,0,0,0,0,0,0,0,0,0,0,0,0,0,0,3,1,0,0
0,0,3,15,0,0,0,0,1,0,3,1,0,0,0,0,0,0,0,0,0,0,0,0,0,0,0,0,0,3,1,0,0
0,0,3,68,0,0,0,0,1,0,3,1,0,0,0,0,0,0,0,0,0,0,0,0,0,0,0,0,0,3,1,0,0
0,0,3,112,0,0,0,0,1,0,3,1,0,0,0,0,0,0,0,0,0,0,0,0,0,0,0,0,0,3,1,0,0
0,0,3,84,0,0,0,0,1,0,3,1,0,0,0,0,0,0,0,0,0,0,0,0,0,0,0,0,0,5,1,0,0
0,0,3,120,1,0,0,0,1,0,3,1,0,0,0,0,0,0,0,0,0,0,0,0,0,0,0,0,0,3,1,0,0
0,0,3,136,1,0,0,0,1,0,3,1,0,0,0,0,0,0,0,0,0,0,0,0,0,0,0,0,0,3,1,0,0
0,0,22,102,5,1,0,1,1,21,22,0,2,0,21,1,1,0,0,0,0,0,3,2,0,0,1,0,0,48,1,0,0
0,0,6,156,1,0,0,0,1,11,6,0,0,0,11,0,0,0,0,0,0,0,0,0,0,0,0,0,0,27,1,0,0
0,0,7,165,1,0,0,0,1,12,7,0,0,0,12,0,0,0,0,0,0,0,0,0,0,0,0,0,0,28,1,0,0
0,0,9,86,1,2,2,0,1,3,9,0,0,1,3,0,0,0,0,0,0,0,0,0,0,0,1,0,0,18,2,0,0
0,0,27,210,5,2,0,2,1,19,27,0,3,0,19,2,1,0,0,0,0,0,14,3,0,0,2,0,0,31,1,0,0
0,0,22,129,5,1,0,1,1,21,22,0,2,0,21,1,1,0,0,0,0,0,3,2,0,0,1,0,0,51,1,0,0
0,0,3,135,1,0,0,0,1,1,3,0,0,1,1,0,0,0,0,0,0,0,0,0,0,0,0,0,0,4,1,0,0
0,0,21,184,5,1,0,1,1,21,21,0,6,0,21,1,1,0,0,0,0,0,3,6,0,0,1,0,0,44,1,0,0
0,0,3,231,1,0,0,0,1,1,3,0,0,1,1,0,0,0,0,0,0,0,0,0,0,0,0,0,0,4,1,0,0
0,0,3,218,1,0,0,0,1,1,3,0,0,1,1,0,0,0,0,0,0,0,0,0,0,0,0,0,0,4,1,0,0
0,0,3,200,1,0,0,0,1,1,3,0,0,1,1,0,0,0,0,0,0,0,0,0,0,0,0,0,0,4,1,0,0
0,0,3,108,1,0,0,0,1,1,3,0,0,1,1,0,0,0,0,0,0,0,0,0,0,0,0,0,0,4,1,0,0
0,0,4,88,1,0,0,0,1,3,4,1,0,1,3,0,0,0,0,0,0,0,0,0,0,0,0,0,0,9,1,0,0
1,1,5,242,1,0,0,0,1,7,5,0,0,0,7,0,0,0,0,0,0,2,0,0,0,0,0,0,0,10,1,0,0
0,0,17,61,3,2,0,2,1,15,17,0,0,0,15,2,1,0,0,0,0,0,0,2,0,0,0,0,0,32,1,0,0
0,0,6,175,1,0,0,0,1,10,6,0,0,0,10,0,0,0,0,0,0,0,0,0,0,0,0,0,0,37,1,0,0
0,0,6,95,2,5,5,0,1,5,6,1,1,1,5,0,0,0,0,0,0,0,0,1,0,0,0,0,0,6,2,0,0
24,52,53,32,4,0,0,0,5,24,25,4,9,0,24,0,0,0,1,0,0,2,0,5,0,4,0,0,7,17,1,0,0
1,1,5,26,4,0,0,0,1,0,5,0,0,3,0,0,0,0,0,0,0,0,0,3,0,0,0,0,0,13,1,0,0
0,0,3,78,1,0,0,0,1,0,3,1,0,0,0,0,0,0,0,0,0,0,0,0,0,0,0,0,0,3,1,0,0
0,0,3,74,1,0,0,0,1,0,3,1,0,0,0,0,0,0,0,0,0,0,0,0,0,0,0,0,0,4,1,0,0
0,0,3,70,1,0,0,0,1,0,3,0,0,1,0,0,0,0,0,0,0,0,0,1,0,0,0,0,0,5,1,0,0
0,0,3,66,1,0,0,0,1,0,3,0,0,1,0,0,0,0,0,0,0,0,0,1,0,0,0,0,0,5,0,0,0
0,0,3,74,1,0,0,0,1,0,3,0,0,1,0,0,0,0,0,0,0,0,0,1,0,0,0,0,0,5,0,0,0
9,1,26,32,4,0,0,0,7,24,34,4,10,0,24,0,0,1,1,0,0,2,1,7,0,4,0,0,7,20,1,0,0
0,0,3,82,1,0,0,0,1,0,3,1,0,0,0,0,0,0,0,0,0,0,0,0,0,0,0,0,0,4,1,0,0
0,0,3,78,1,0,0,0,1,0,3,0,0,1,0,0,0,0,0,0,0,0,0,1,0,0,0,0,0,5,1,0,0
0,0,3,86,1,0,0,0,1,0,3,1,0,0,0,0,0,0,0,0,0,0,0,0,0,0,0,0,0,3,1,0,0
0,0,5,26,4,0,0,0,1,0,5,0,0,3,0,0,0,0,0,0,0,0,0,3,0,0,0,0,0,13,1,0,0
0,0,3,55,1,0,0,0,1,0,3,1,0,0,0,0,0,0,0,0,0,0,0,0,0,0,0,0,0,4,1,0,0
1,6,8,78,1,1,1,0,1,0,3,0,0,1,0,0,0,0,0,0,0,0,0,1,0,0,0,0,0,6,2,0,0
0,0,19,82,2,0,0,0,4,8,19,0,3,4,8,0,0,0,2,0,1,3,0,5,2,3,0,0,0,11,4,0,0
0,0,3,28,2,0,0,0,1,1,3,1,0,1,1,0,0,0,0,0,0,0,0,0,0,0,0,0,0,4,9,0,0
0,0,8,59,1,0,0,0,2,6,8,0,0,2,6,0,0,0,0,0,0,3,0,0,2,1,0,0,0,7,1,0,0
0,0,18,33,3,1,0,1,2,15,18,0,0,0,15,0,0,0,0,0,0,1,1,3,0,1,0,0,0,17,1,0,0
0,0,3,71,0,0,0,0,1,0,3,1,0,0,0,0,0,0,0,0,0,0,0,0,0,0,0,0,0,4,1,0,0
0,0,13,52,1,1,1,0,5,0,13,1,5,3,0,0,0,1,0,0,2,0,4,6,4,2,0,0,0,11,10,0,0
0,0,26,19,5,1,0,1,2,12,26,1,8,1,12,1,1,0,0,1,0,1,1,12,0,1,0,0,0,37,1,0,0
5,7,10,51,1,0,0,0,2,4,8,0,0,2,4,0,0,0,0,0,0,3,0,0,1,1,0,0,0,9,1,0,0
5,9,19,29,5,0,0,0,2,10,15,0,0,0,10,0,0,0,0,0,0,2,0,1,0,1,0,0,0,11,1,0,0
0,0,3,47,1,0,0,0,1,0,3,1,0,0,0,0,0,0,0,0,0,0,0,0,0,0,0,0,0,4,1,0,0
0,0,3,24,2,0,0,0,1,1,3,1,0,1,1,0,0,0,0,0,0,0,0,0,0,0,0,0,0,4,9,0,0
0,0,3,61,0,0,0,0,1,0,3,1,0,0,0,0,0,0,0,0,0,0,0,0,0,0,0,0,0,4,1,0,0
9,15,24,133,0,1,1,0,2,11,18,0,2,1,11,0,0,0,1,0,0,2,0,0,0,2,0,0,2,9,2,0,0
2,6,7,48,1,3,3,0,1,4,3,0,1,2,4,0,0,0,0,0,0,3,0,0,1,0,0,0,1,9,9,0,0
0,0,5,67,1,0,0,0,2,4,5,0,0,1,4,0,0,0,0,0,0,0,0,0,0,1,0,0,0,5,1,0,0
0,0,19,178,1,1,1,0,1,6,19,0,0,3,6,0,0,0,0,0,0,0,0,0,0,0,1,0,0,21,2,0,0
1,6,12,152,3,0,0,0,1,12,7,0,3,1,12,0,0,0,0,0,0,3,0,2,1,0,0,0,1,12,2,0,0
0,1,60,74,5,5,0,5,12,25,59,0,17,1,25,5,1,1,2,0,0,1,0,17,2,4,0,0,0,37,1,0,0
0,0,19,205,1,1,1,0,1,6,19,0,0,2,6,0,0,0,0,0,0,0,0,0,0,0,1,0,0,21,2,0,0
0,0,3,44,0,0,0,0,2,0,3,1,0,1,0,0,0,0,0,0,0,0,1,0,0,0,0,0,0,5,10,0,0
0,0,6,54,1,0,0,0,1,7,6,0,0,0,7,0,0,0,0,0,0,0,0,1,0,0,0,0,0,6,1,0,0
0,0,5,211,1,0,0,0,2,1,5,0,0,1,1,0,0,0,0,0,0,1,0,0,1,1,0,0,0,9,1,0,0
0,0,4,218,1,1,0,1,1,3,4,0,0,0,3,0,0,0,0,0,0,0,0,0,0,0,0,0,0,5,1,0,0
0,0,5,224,1,1,0,1,1,4,5,0,0,1,4,0,0,0,0,0,0,1,0,0,0,0,0,0,0,10,1,0,0
0,0,4,191,1,1,0,1,1,3,4,0,0,0,3,0,0,0,0,0,0,0,0,0,0,0,0,0,0,5,1,0,0
0,0,5,197,1,1,0,1,1,4,5,0,0,1,4,0,0,0,0,0,0,1,0,0,0,0,0,0,0,10,1,0,0
0,0,5,184,1,0,0,0,2,1,5,0,0,1,1,0,0,0,0,0,0,1,0,0,1,1,0,0,0,9,1,0,0
9,18,23,162,0,1,1,0,1,11,14,0,2,2,11,0,0,0,0,0,0,1,0,0,0,1,0,0,3,10,2,0,0
0,0,3,466,0,3,3,0,1,0,3,1,0,1,0,0,0,0,0,0,0,1,0,0,1,0,0,0,0,6,2,0,0
0,0,5,290,3,1,1,0,1,2,5,0,1,2,2,0,0,0,0,0,0,0,0,1,0,0,0,0,0,7,2,0,0
0,0,12,117,6,5,4,1,1,9,12,0,2,2,9,1,1,0,0,0,0,2,0,2,1,0,1,0,0,22,2,0,0
0,0,8,445,4,1,1,0,1,4,8,1,1,2,4,0,0,0,0,0,0,0,0,1,1,0,0,0,0,9,2,0,0
0,0,6,72,2,0,0,0,1,4,6,0,0,0,4,0,0,0,0,0,0,0,0,2,0,0,0,0,0,7,1,0,0
0,0,3,285,1,1,1,0,1,1,3,0,0,1,1,0,0,0,0,0,0,0,0,0,0,0,0,0,0,18,2,0,0
0,0,14,139,0,2,1,1,2,2,14,0,1,2,2,0,0,0,0,0,0,0,0,1,0,1,1,0,0,13,2,0,0
0,0,3,126,1,1,0,1,1,2,3,0,0,1,2,0,0,0,0,0,0,1,0,0,1,0,0,0,0,8,1,0,0
0,0,6,144,1,0,0,0,2,4,6,0,0,0,4,0,0,0,0,0,0,0,0,0,0,1,0,0,0,8,1,0,0
0,0,3,400,2,1,0,1,1,3,3,0,0,1,3,0,0,0,0,0,0,1,0,0,1,0,0,0,0,9,1,0,0
0,0,10,416,3,1,1,0,1,3,10,1,1,3,3,0,0,0,0,0,0,0,0,1,1,0,0,0,0,9,2,0,0
0,0,24,296,2,3,1,2,4,5,24,1,3,2,5,2,2,0,1,2,0,2,1,5,0,3,0,0,0,30,2,0,0
0,0,8,427,3,1,1,0,1,3,8,1,1,2,3,0,0,0,0,0,0,0,0,1,1,0,0,0,0,9,2,0,0
0,0,15,388,2,1,1,0,1,9,15,0,1,5,9,0,0,0,0,0,0,1,0,1,0,0,1,0,0,17,2,0,0
5,10,67,173,13,3,0,3,13,30,62,2,19,1,30,3,8,2,2,1,1,10,4,24,6,5,1,0,0,68,1,0,0
0,0,19,368,3,1,0,1,5,8,19,2,7,3,8,1,1,0,3,0,0,1,0,8,0,2,0,0,0,42,1,0,0
0,0,32,241,7,8,1,7,7,22,32,0,3,6,22,7,6,0,3,1,0,1,0,6,1,2,0,0,0,56,2,0,0
0,0,5,454,4,2,1,1,1,3,5,1,1,1,3,1,1,0,0,0,0,0,0,1,1,0,0,0,0,8,2,0,0
0,0,3,113,2,5,4,1,1,1,3,0,0,1,1,1,2,0,0,0,0,0,0,0,0,0,0,0,0,5,2,0,0
0,0,5,460,4,2,1,1,1,3,5,1,1,1,3,1,1,0,0,0,0,0,0,1,1,0,0,0,0,7,2,0,0
0,0,14,154,3,1,1,0,3,8,14,3,2,1,8,0,0,0,1,0,0,2,0,2,0,1,0,0,0,13,2,0,0
0,0,8,436,3,1,1,0,1,6,8,1,1,2,6,0,0,0,0,0,0,0,0,1,1,0,0,0,0,19,2,0,0
0,0,32,85,2,2,0,2,9,5,32,0,3,1,5,2,3,0,0,0,0,4,0,12,1,1,0,0,0,17,1,0,0
0,0,9,406,4,1,1,0,1,4,9,1,1,3,4,0,0,0,0,0,0,0,0,1,0,0,0,0,0,8,2,0,0
0,0,6,132,2,1,1,0,2,2,6,2,0,1,2,0,0,0,1,0,0,2,0,0,1,1,0,0,0,6,2,0,0
0,0,33,321,5,8,1,7,11,16,33,0,2,6,16,7,4,1,0,0,0,1,3,2,3,3,0,0,0,29,2,0,0
20,21,29,27,7,0,0,0,3,15,28,0,3,1,15,0,0,0,1,0,0,0,0,4,0,1,2,0,0,35,4,0,0
0,0,5,61,2,0,0,0,1,2,5,0,1,1,2,0,0,0,0,0,0,0,0,1,0,0,0,0,0,8,1,0,0
0,0,7,41,2,0,0,0,2,5,7,1,2,2,5,0,0,0,0,0,0,0,0,2,0,0,0,0,0,11,1,0,0
0,0,3,36,1,0,0,0,1,2,3,0,0,1,2,0,0,0,0,0,0,0,0,0,0,0,0,0,0,5,1,0,0
0,0,15,20,3,0,0,0,4,10,15,0,4,3,10,0,0,0,1,0,0,0,3,4,1,2,0,0,0,12,1,0,0
1,1,3,40,1,0,0,0,1,0,3,1,0,1,0,0,0,0,0,0,1,0,1,0,1,0,0,0,0,5,1,0,0
18,0,14,39,3,0,0,0,1,17,14,0,1,2,17,0,0,0,0,0,0,11,0,1,0,0,0,0,0,9,1,0,0
8,0,6,30,1,0,0,0,1,3,6,0,1,2,3,0,0,0,0,0,0,3,0,1,1,0,0,0,0,6,1,0,0
6,0,5,14,1,0,0,0,1,1,5,0,0,1,1,0,0,0,0,0,0,2,0,1,0,0,0,0,0,3,1,0,0
8,0,6,21,1,0,0,0,1,3,6,0,1,1,3,0,0,0,0,0,0,2,0,1,1,0,0,0,0,7,1,0,0
1,1,6,21,1,0,0,0,1,3,6,0,1,1,3,0,0,0,0,0,0,2,0,1,0,0,0,0,0,7,1,0,0
0,0,5,14,1,0,0,0,1,1,5,0,0,1,1,0,0,0,0,0,0,2,0,1,0,0,0,0,0,3,1,0,0
1,1,6,30,1,0,0,0,1,3,6,0,1,2,3,0,0,0,0,0,0,2,0,1,0,0,0,0,0,5,1,0,0
0,0,14,39,3,0,0,0,1,17,14,0,1,2,17,0,0,0,0,0,0,11,0,1,0,0,0,0,0,9,1,0,0
0,0,24,311,2,3,1,2,4,5,24,1,3,2,5,2,2,0,1,2,0,2,1,5,0,3,0,0,0,30,2,0,0
0,0,33,81,2,2,0,2,9,6,33,0,3,1,6,2,3,0,0,0,0,5,0,12,2,1,0,0,0,17,1,0,0
0,0,63,172,13,3,0,3,13,31,63,2,19,1,31,3,8,2,2,1,1,11,4,24,7,5,1,0,0,68,1,0,0
0,0,3,111,2,5,4,1,1,1,3,0,0,1,1,1,2,0,0,0,0,0,0,0,0,0,0,0,0,5,2,0,0
0,0,10,452,3,1,1,0,1,3,10,1,1,3,3,0,0,0,0,0,0,0,0,1,1,0,0,0,0,9,2,0,0
0,0,8,493,4,1,1,0,1,4,8,1,1,2,4,0,0,0,0,0,0,0,0,1,1,0,0,0,0,9,2,0,0
0,0,8,481,3,1,1,0,1,6,8,1,1,2,6,0,0,0,0,0,0,0,0,1,1,0,0,0,0,19,2,0,0
0,0,14,137,0,2,1,1,2,2,14,0,1,2,2,0,0,0,0,0,0,0,0,1,0,1,1,0,0,13,2,0,0
0,0,5,515,4,2,1,1,1,3,5,1,1,1,3,1,1,0,0,0,0,0,0,1,1,0,0,0,0,7,2,0,0
0,0,6,71,2,0,0,0,1,4,6,0,0,0,4,0,0,0,0,0,0,0,0,2,0,0,0,0,0,7,1,0,0
0,0,3,430,2,1,0,1,1,3,3,0,0,1,3,0,0,0,0,0,0,1,0,0,1,0,0,0,0,9,1,0,0
0,0,6,141,1,0,0,0,2,4,6,0,0,0,4,0,0,0,0,0,0,0,0,0,0,1,0,0,0,8,1,0,0
1,1,3,300,1,1,1,0,1,1,3,0,0,1,1,0,0,0,0,0,0,0,0,0,0,0,0,0,0,18,2,0,0
0,0,3,524,0,3,3,0,1,0,3,1,0,1,0,0,0,0,0,0,0,1,0,0,1,0,0,0,0,6,2,0,0
0,0,6,130,2,1,1,0,2,2,6,2,0,1,2,0,0,0,1,0,0,2,0,0,1,1,0,0,0,6,2,0,0
0,0,3,124,1,1,0,1,1,2,3,0,0,1,2,0,0,0,0,0,0,1,0,0,1,0,0,0,0,8,1,0,0
2,2,5,305,3,1,1,0,1,2,5,0,1,2,2,0,0,0,0,0,0,0,0,1,0,0,0,0,0,7,2,0,0
0,0,12,115,6,5,4,1,1,9,12,0,2,2,9,1,1,0,0,0,0,2,0,2,1,0,1,0,0,22,2,0,0
0,0,8,467,3,1,1,0,1,3,8,1,1,2,3,0,0,0,0,0,0,0,0,1,1,0,0,0,0,9,2,0,0
2,1,31,251,7,8,1,7,7,22,32,0,3,6,22,7,6,0,3,1,0,1,0,6,1,2,0,0,0,56,2,0,0
0,0,15,418,2,1,1,0,1,9,15,0,1,5,9,0,0,0,0,0,0,1,0,1,0,0,1,0,0,17,2,0,0
0,0,19,396,3,1,0,1,5,8,19,2,7,3,8,1,1,0,3,0,0,1,0,8,0,2,0,0,0,42,1,0,0
8,8,33,338,5,8,1,7,11,16,33,0,2,6,16,7,4,1,0,0,0,1,3,2,3,3,0,0,0,29,2,0,0
0,0,14,151,3,1,1,0,3,8,14,3,2,1,8,0,0,0,1,0,0,2,0,2,0,1,0,0,0,13,2,0,0
0,0,5,506,4,2,1,1,1,3,5,1,1,1,3,1,1,0,0,0,0,0,0,1,1,0,0,0,0,8,2,0,0
0,0,9,437,4,1,1,0,1,4,9,1,1,3,4,0,0,0,0,0,0,0,0,1,0,0,0,0,0,8,2,0,0
