{
    "best_params": {
        "penalty": "l1",
        "tol": 0.013584395277140445,
        "C": 3.007389035454999
    }
}