{
    "best_params": {
        "penalty": "l1",
        "tol": 0.5471616715770069,
        "C": 70.98510229684862
    }
}