{
    "best_params": {
        "penalty": "l1",
        "tol": 0.022123145647617304,
        "C": 3.055533853490088
    }
}