{
    "best_params": {
        "penalty": "l1",
        "tol": 0.09551164460291452,
        "C": 20.219011595717223
    }
}