{
    "best_params": {
        "penalty": "l2",
        "tol": 0.019806815953622617,
        "C": 94.38549882158554
    }
}