{
    "best_params": {
        "penalty": "l1",
        "tol": 0.6190025837596586,
        "C": 97.0748312108753
    }
}