{
    "best_params": {
        "penalty": "l1",
        "tol": 0.5516328705810276,
        "C": 98.47327284344763
    }
}