{
    "best_params": {
        "penalty": "l1",
        "tol": 0.5715587383960663,
        "C": 60.52179017263684
    }
}