{
    "best_params": {
        "penalty": "l1",
        "tol": 0.015071401572555876,
        "C": 24.530940309745173
    }
}