{
    "best_params": {
        "penalty": "l1",
        "tol": 0.6447193256153638,
        "C": 98.3445812624023
    }
}