{
    "best_params": {
        "penalty": "l1",
        "tol": 0.20861578290529986,
        "C": 15.0102888579082
    }
}