{
    "best_params": {
        "penalty": "l1",
        "tol": 0.023630210446571834,
        "C": 97.56525911927314
    }
}