{
    "best_params": {
        "penalty": "l1",
        "tol": 0.06441700613283588,
        "C": 85.9349235840512
    }
}