{
    "best_params": {
        "penalty": "l1",
        "tol": 0.04189091226802997,
        "C": 65.13523712827642
    }
}