{
    "best_params": {
        "penalty": "l1",
        "tol": 0.8578698514469687,
        "C": 43.44549725939998
    }
}