{
    "best_params": {
        "penalty": "l1",
        "tol": 0.24994151092944777,
        "C": 68.6847422831978
    }
}