0.2656921754084265,0.6358024691358025,0.2824696802646086,0.3747725894481504,0.676666394435597,0.6741986194660714,0.6754313799103234,0.6740943681398186,0.259274842742468,0.6680331162416946,0.453360768175583,0.2555083107846927,0.326823238566131,0.2457256838905775,3.0
0.2656921754084265,0.6358024691358025,0.2824696802646086,0.3747725894481504,0.676666394435597,0.6741986194660714,0.6754313799103234,0.6740943681398186,0.259274842742468,0.6680331162416946,0.453360768175583,0.2555083107846927,0.326823238566131,0.2457256838905775,3.0
0.2656921754084265,0.6358024691358025,0.2824696802646086,0.3747725894481504,0.676666394435597,0.6741986194660714,0.6754313799103234,0.6740943681398186,0.259274842742468,0.6680331162416946,0.453360768175583,0.2555083107846927,0.326823238566131,0.2457256838905775,3.0
0.2656921754084265,0.6358024691358025,0.2824696802646086,0.3747725894481504,0.676666394435597,0.6741986194660714,0.6754313799103234,0.6740943681398186,0.259274842742468,0.6680331162416946,0.453360768175583,0.2555083107846927,0.326823238566131,0.2457256838905775,3.0
0.2656921754084265,0.6358024691358025,0.2824696802646086,0.3747725894481504,0.676666394435597,0.6741986194660714,0.6754313799103234,0.6740943681398186,0.259274842742468,0.6680331162416946,0.453360768175583,0.2555083107846927,0.326823238566131,0.2457256838905775,3.0
0.2656921754084265,0.6358024691358025,0.2824696802646086,0.3747725894481504,0.676666394435597,0.6741986194660714,0.6754313799103234,0.6740943681398186,0.259274842742468,0.6680331162416946,0.453360768175583,0.2555083107846927,0.326823238566131,0.2457256838905775,3.0
0.2656921754084265,0.6358024691358025,0.2824696802646086,0.3747725894481504,0.676666394435597,0.6741986194660714,0.6754313799103234,0.6740943681398186,0.259274842742468,0.6680331162416946,0.453360768175583,0.2555083107846927,0.326823238566131,0.2457256838905775,3.0
0.2656921754084265,0.6358024691358025,0.2824696802646086,0.3747725894481504,0.676666394435597,0.6741986194660714,0.6754313799103234,0.6740943681398186,0.259274842742468,0.6680331162416946,0.453360768175583,0.2555083107846927,0.326823238566131,0.2457256838905775,3.0
0.2656921754084265,0.6358024691358025,0.2824696802646086,0.3747725894481504,0.676666394435597,0.6741986194660714,0.6754313799103234,0.6740943681398186,0.259274842742468,0.6680331162416946,0.453360768175583,0.2555083107846927,0.326823238566131,0.2457256838905775,3.0
0.2656921754084265,0.6358024691358025,0.2824696802646086,0.3747725894481504,0.676666394435597,0.6741986194660714,0.6754313799103234,0.6740943681398186,0.259274842742468,0.6680331162416946,0.453360768175583,0.2555083107846927,0.326823238566131,0.2457256838905775,3.0
0.2656921754084265,0.6358024691358025,0.2824696802646086,0.3747725894481504,0.676666394435597,0.6741986194660714,0.6754313799103234,0.6740943681398186,0.259274842742468,0.6680331162416946,0.453360768175583,0.2555083107846927,0.326823238566131,0.2457256838905775,3.0
0.2656921754084265,0.6358024691358025,0.2824696802646086,0.3747725894481504,0.676666394435597,0.6741986194660714,0.6754313799103234,0.6740943681398186,0.259274842742468,0.6680331162416946,0.453360768175583,0.2555083107846927,0.326823238566131,0.2457256838905775,3.0
0.2656921754084265,0.6358024691358025,0.2824696802646086,0.3747725894481504,0.676666394435597,0.6741986194660714,0.6754313799103234,0.6740943681398186,0.259274842742468,0.6680331162416946,0.453360768175583,0.2555083107846927,0.326823238566131,0.2457256838905775,3.0
0.2656921754084265,0.6358024691358025,0.2824696802646086,0.3747725894481504,0.676666394435597,0.6741986194660714,0.6754313799103234,0.6740943681398186,0.259274842742468,0.6680331162416946,0.453360768175583,0.2555083107846927,0.326823238566131,0.2457256838905775,3.0
0.2656921754084265,0.6358024691358025,0.2824696802646086,0.3747725894481504,0.676666394435597,0.6741986194660714,0.6754313799103234,0.6740943681398186,0.259274842742468,0.6680331162416946,0.453360768175583,0.2555083107846927,0.326823238566131,0.2457256838905775,3.0
0.2656921754084265,0.6358024691358025,0.2824696802646086,0.3747725894481504,0.676666394435597,0.6741986194660714,0.6754313799103234,0.6740943681398186,0.259274842742468,0.6680331162416946,0.453360768175583,0.2555083107846927,0.326823238566131,0.2457256838905775,3.0
0.2656921754084265,0.6358024691358025,0.2824696802646086,0.3747725894481504,0.676666394435597,0.6741986194660714,0.6754313799103234,0.6740943681398186,0.259274842742468,0.6680331162416946,0.453360768175583,0.2555083107846927,0.326823238566131,0.2457256838905775,3.0
0.2656921754084265,0.6358024691358025,0.2824696802646086,0.3747725894481504,0.676666394435597,0.6741986194660714,0.6754313799103234,0.6740943681398186,0.259274842742468,0.6680331162416946,0.453360768175583,0.2555083107846927,0.326823238566131,0.2457256838905775,3.0
0.2656921754084265,0.6358024691358025,0.2824696802646086,0.3747725894481504,0.676666394435597,0.6741986194660714,0.6754313799103234,0.6740943681398186,0.259274842742468,0.6680331162416946,0.453360768175583,0.2555083107846927,0.326823238566131,0.2457256838905775,3.0
0.2656921754084265,0.6358024691358025,0.2824696802646086,0.3747725894481504,0.676666394435597,0.6741986194660714,0.6754313799103234,0.6740943681398186,0.259274842742468,0.6680331162416946,0.453360768175583,0.2555083107846927,0.326823238566131,0.2457256838905775,3.0
0.2656921754084265,0.6358024691358025,0.2824696802646086,0.3747725894481504,0.676666394435597,0.6741986194660714,0.6754313799103234,0.6740943681398186,0.259274842742468,0.6680331162416946,0.453360768175583,0.2555083107846927,0.326823238566131,0.2457256838905775,3.0
0.2656921754084265,0.6358024691358025,0.2824696802646086,0.3747725894481504,0.676666394435597,0.6741986194660714,0.6754313799103234,0.6740943681398186,0.259274842742468,0.6680331162416946,0.453360768175583,0.2555083107846927,0.326823238566131,0.2457256838905775,3.0
0.2656921754084265,0.6358024691358025,0.2824696802646086,0.3747725894481504,0.676666394435597,0.6741986194660714,0.6754313799103234,0.6740943681398186,0.259274842742468,0.6680331162416946,0.453360768175583,0.2555083107846927,0.326823238566131,0.2457256838905775,3.0
0.2656921754084265,0.6358024691358025,0.2824696802646086,0.3747725894481504,0.676666394435597,0.6741986194660714,0.6754313799103234,0.6740943681398186,0.259274842742468,0.6680331162416946,0.453360768175583,0.2555083107846927,0.326823238566131,0.2457256838905775,3.0
0.2656921754084265,0.6358024691358025,0.2824696802646086,0.3747725894481504,0.676666394435597,0.6741986194660714,0.6754313799103234,0.6740943681398186,0.259274842742468,0.6680331162416946,0.453360768175583,0.2555083107846927,0.326823238566131,0.2457256838905775,3.0
0.2656921754084265,0.6358024691358025,0.2824696802646086,0.3747725894481504,0.676666394435597,0.6741986194660714,0.6754313799103234,0.6740943681398186,0.259274842742468,0.6680331162416946,0.453360768175583,0.2555083107846927,0.326823238566131,0.2457256838905775,3.0
0.2656921754084265,0.6358024691358025,0.2824696802646086,0.3747725894481504,0.676666394435597,0.6741986194660714,0.6754313799103234,0.6740943681398186,0.259274842742468,0.6680331162416946,0.453360768175583,0.2555083107846927,0.326823238566131,0.2457256838905775,3.0
0.2656921754084265,0.6358024691358025,0.2824696802646086,0.3747725894481504,0.676666394435597,0.6741986194660714,0.6754313799103234,0.6740943681398186,0.259274842742468,0.6680331162416946,0.453360768175583,0.2555083107846927,0.326823238566131,0.2457256838905775,3.0
0.2656921754084265,0.6358024691358025,0.2824696802646086,0.3747725894481504,0.676666394435597,0.6741986194660714,0.6754313799103234,0.6740943681398186,0.259274842742468,0.6680331162416946,0.453360768175583,0.2555083107846927,0.326823238566131,0.2457256838905775,3.0
0.2656921754084265,0.6358024691358025,0.2824696802646086,0.3747725894481504,0.676666394435597,0.6741986194660714,0.6754313799103234,0.6740943681398186,0.259274842742468,0.6680331162416946,0.453360768175583,0.2555083107846927,0.326823238566131,0.2457256838905775,3.0
0.2656921754084265,0.6358024691358025,0.2824696802646086,0.3747725894481504,0.676666394435597,0.6741986194660714,0.6754313799103234,0.6740943681398186,0.259274842742468,0.6680331162416946,0.453360768175583,0.2555083107846927,0.326823238566131,0.2457256838905775,3.0
0.2656921754084265,0.6358024691358025,0.2824696802646086,0.3747725894481504,0.676666394435597,0.6741986194660714,0.6754313799103234,0.6740943681398186,0.259274842742468,0.6680331162416946,0.453360768175583,0.2555083107846927,0.326823238566131,0.2457256838905775,3.0
0.2656921754084265,0.6358024691358025,0.2824696802646086,0.3747725894481504,0.676666394435597,0.6741986194660714,0.6754313799103234,0.6740943681398186,0.259274842742468,0.6680331162416946,0.453360768175583,0.2555083107846927,0.326823238566131,0.2457256838905775,3.0
0.2656921754084265,0.6358024691358025,0.2824696802646086,0.3747725894481504,0.676666394435597,0.6741986194660714,0.6754313799103234,0.6740943681398186,0.259274842742468,0.6680331162416946,0.453360768175583,0.2555083107846927,0.326823238566131,0.2457256838905775,3.0
0.2656921754084265,0.6358024691358025,0.2824696802646086,0.3747725894481504,0.676666394435597,0.6741986194660714,0.6754313799103234,0.6740943681398186,0.259274842742468,0.6680331162416946,0.453360768175583,0.2555083107846927,0.326823238566131,0.2457256838905775,3.0
0.2656921754084265,0.6358024691358025,0.2824696802646086,0.3747725894481504,0.676666394435597,0.6741986194660714,0.6754313799103234,0.6740943681398186,0.259274842742468,0.6680331162416946,0.453360768175583,0.2555083107846927,0.326823238566131,0.2457256838905775,3.0
0.2656921754084265,0.6358024691358025,0.2824696802646086,0.3747725894481504,0.676666394435597,0.6741986194660714,0.6754313799103234,0.6740943681398186,0.259274842742468,0.6680331162416946,0.453360768175583,0.2555083107846927,0.326823238566131,0.2457256838905775,3.0
0.2656921754084265,0.6358024691358025,0.2824696802646086,0.3747725894481504,0.676666394435597,0.6741986194660714,0.6754313799103234,0.6740943681398186,0.259274842742468,0.6680331162416946,0.453360768175583,0.2555083107846927,0.326823238566131,0.2457256838905775,3.0
0.2656921754084265,0.6358024691358025,0.2824696802646086,0.3747725894481504,0.676666394435597,0.6741986194660714,0.6754313799103234,0.6740943681398186,0.259274842742468,0.6680331162416946,0.453360768175583,0.2555083107846927,0.326823238566131,0.2457256838905775,3.0
0.2656921754084265,0.6358024691358025,0.2824696802646086,0.3747725894481504,0.676666394435597,0.6741986194660714,0.6754313799103234,0.6740943681398186,0.259274842742468,0.6680331162416946,0.453360768175583,0.2555083107846927,0.326823238566131,0.2457256838905775,3.0
0.2656921754084265,0.6358024691358025,0.2824696802646086,0.3747725894481504,0.676666394435597,0.6741986194660714,0.6754313799103234,0.6740943681398186,0.259274842742468,0.6680331162416946,0.453360768175583,0.2555083107846927,0.326823238566131,0.2457256838905775,3.0
0.2656921754084265,0.6358024691358025,0.2824696802646086,0.3747725894481504,0.676666394435597,0.6741986194660714,0.6754313799103234,0.6740943681398186,0.259274842742468,0.6680331162416946,0.453360768175583,0.2555083107846927,0.326823238566131,0.2457256838905775,3.0
0.2656921754084265,0.6358024691358025,0.2824696802646086,0.3747725894481504,0.676666394435597,0.6741986194660714,0.6754313799103234,0.6740943681398186,0.259274842742468,0.6680331162416946,0.453360768175583,0.2555083107846927,0.326823238566131,0.2457256838905775,3.0
0.2656921754084265,0.6358024691358025,0.2824696802646086,0.3747725894481504,0.676666394435597,0.6741986194660714,0.6754313799103234,0.6740943681398186,0.259274842742468,0.6680331162416946,0.453360768175583,0.2555083107846927,0.326823238566131,0.2457256838905775,3.0
0.2656921754084265,0.6358024691358025,0.2824696802646086,0.3747725894481504,0.676666394435597,0.6741986194660714,0.6754313799103234,0.6740943681398186,0.259274842742468,0.6680331162416946,0.453360768175583,0.2555083107846927,0.326823238566131,0.2457256838905775,3.0
0.2656921754084265,0.6358024691358025,0.2824696802646086,0.3747725894481504,0.676666394435597,0.6741986194660714,0.6754313799103234,0.6740943681398186,0.259274842742468,0.6680331162416946,0.453360768175583,0.2555083107846927,0.326823238566131,0.2457256838905775,3.0
0.2656921754084265,0.6358024691358025,0.2824696802646086,0.3747725894481504,0.676666394435597,0.6741986194660714,0.6754313799103234,0.6740943681398186,0.259274842742468,0.6680331162416946,0.453360768175583,0.2555083107846927,0.326823238566131,0.2457256838905775,3.0
0.2656921754084265,0.6358024691358025,0.2824696802646086,0.3747725894481504,0.676666394435597,0.6741986194660714,0.6754313799103234,0.6740943681398186,0.259274842742468,0.6680331162416946,0.453360768175583,0.2555083107846927,0.326823238566131,0.2457256838905775,3.0
0.2656921754084265,0.6358024691358025,0.2824696802646086,0.3747725894481504,0.676666394435597,0.6741986194660714,0.6754313799103234,0.6740943681398186,0.259274842742468,0.6680331162416946,0.453360768175583,0.2555083107846927,0.326823238566131,0.2457256838905775,3.0
0.2656921754084265,0.6358024691358025,0.2824696802646086,0.3747725894481504,0.676666394435597,0.6741986194660714,0.6754313799103234,0.6740943681398186,0.259274842742468,0.6680331162416946,0.453360768175583,0.2555083107846927,0.326823238566131,0.2457256838905775,3.0
0.339041095890411,0.3666666666666666,0.2483912483912484,0.3523131672597865,0.5591377091377092,0.4928837227145433,0.5249665471150287,0.5189546157645446,0.1153777279676884,0.4488281473841018,0.3,0.3214285714285714,0.3103448275862069,0.2406876790830945,2.0
0.339041095890411,0.3666666666666666,0.2483912483912484,0.3523131672597865,0.5591377091377092,0.4928837227145433,0.5249665471150287,0.5189546157645446,0.1153777279676884,0.4488281473841018,0.3,0.3214285714285714,0.3103448275862069,0.2406876790830945,2.0
0.339041095890411,0.3666666666666666,0.2483912483912484,0.3523131672597865,0.5591377091377092,0.4928837227145433,0.5249665471150287,0.5189546157645446,0.1153777279676884,0.4488281473841018,0.3,0.3214285714285714,0.3103448275862069,0.2406876790830945,2.0
0.339041095890411,0.3666666666666666,0.2483912483912484,0.3523131672597865,0.5591377091377092,0.4928837227145433,0.5249665471150287,0.5189546157645446,0.1153777279676884,0.4488281473841018,0.3,0.3214285714285714,0.3103448275862069,0.2406876790830945,2.0
0.339041095890411,0.3666666666666666,0.2483912483912484,0.3523131672597865,0.5591377091377092,0.4928837227145433,0.5249665471150287,0.5189546157645446,0.1153777279676884,0.4488281473841018,0.3,0.3214285714285714,0.3103448275862069,0.2406876790830945,2.0
0.339041095890411,0.3666666666666666,0.2483912483912484,0.3523131672597865,0.5591377091377092,0.4928837227145433,0.5249665471150287,0.5189546157645446,0.1153777279676884,0.4488281473841018,0.3,0.3214285714285714,0.3103448275862069,0.2406876790830945,2.0
0.339041095890411,0.3666666666666666,0.2483912483912484,0.3523131672597865,0.5591377091377092,0.4928837227145433,0.5249665471150287,0.5189546157645446,0.1153777279676884,0.4488281473841018,0.3,0.3214285714285714,0.3103448275862069,0.2406876790830945,2.0
0.339041095890411,0.3666666666666666,0.2483912483912484,0.3523131672597865,0.5591377091377092,0.4928837227145433,0.5249665471150287,0.5189546157645446,0.1153777279676884,0.4488281473841018,0.3,0.3214285714285714,0.3103448275862069,0.2406876790830945,2.0
0.339041095890411,0.3666666666666666,0.2483912483912484,0.3523131672597865,0.5591377091377092,0.4928837227145433,0.5249665471150287,0.5189546157645446,0.1153777279676884,0.4488281473841018,0.3,0.3214285714285714,0.3103448275862069,0.2406876790830945,2.0
0.339041095890411,0.3666666666666666,0.2483912483912484,0.3523131672597865,0.5591377091377092,0.4928837227145433,0.5249665471150287,0.5189546157645446,0.1153777279676884,0.4488281473841018,0.3,0.3214285714285714,0.3103448275862069,0.2406876790830945,2.0
0.339041095890411,0.3666666666666666,0.2483912483912484,0.3523131672597865,0.5591377091377092,0.4928837227145433,0.5249665471150287,0.5189546157645446,0.1153777279676884,0.4488281473841018,0.3,0.3214285714285714,0.3103448275862069,0.2406876790830945,2.0
0.339041095890411,0.3666666666666666,0.2483912483912484,0.3523131672597865,0.5591377091377092,0.4928837227145433,0.5249665471150287,0.5189546157645446,0.1153777279676884,0.4488281473841018,0.3,0.3214285714285714,0.3103448275862069,0.2406876790830945,2.0
0.339041095890411,0.3666666666666666,0.2483912483912484,0.3523131672597865,0.5591377091377092,0.4928837227145433,0.5249665471150287,0.5189546157645446,0.1153777279676884,0.4488281473841018,0.3,0.3214285714285714,0.3103448275862069,0.2406876790830945,2.0
0.339041095890411,0.3666666666666666,0.2483912483912484,0.3523131672597865,0.5591377091377092,0.4928837227145433,0.5249665471150287,0.5189546157645446,0.1153777279676884,0.4488281473841018,0.3,0.3214285714285714,0.3103448275862069,0.2406876790830945,2.0
0.339041095890411,0.3666666666666666,0.2483912483912484,0.3523131672597865,0.5591377091377092,0.4928837227145433,0.5249665471150287,0.5189546157645446,0.1153777279676884,0.4488281473841018,0.3,0.3214285714285714,0.3103448275862069,0.2406876790830945,2.0
0.339041095890411,0.3666666666666666,0.2483912483912484,0.3523131672597865,0.5591377091377092,0.4928837227145433,0.5249665471150287,0.5189546157645446,0.1153777279676884,0.4488281473841018,0.3,0.3214285714285714,0.3103448275862069,0.2406876790830945,2.0
0.339041095890411,0.3666666666666666,0.2483912483912484,0.3523131672597865,0.5591377091377092,0.4928837227145433,0.5249665471150287,0.5189546157645446,0.1153777279676884,0.4488281473841018,0.3,0.3214285714285714,0.3103448275862069,0.2406876790830945,2.0
0.339041095890411,0.3666666666666666,0.2483912483912484,0.3523131672597865,0.5591377091377092,0.4928837227145433,0.5249665471150287,0.5189546157645446,0.1153777279676884,0.4488281473841018,0.3,0.3214285714285714,0.3103448275862069,0.2406876790830945,2.0
0.339041095890411,0.3666666666666666,0.2483912483912484,0.3523131672597865,0.5591377091377092,0.4928837227145433,0.5249665471150287,0.5189546157645446,0.1153777279676884,0.4488281473841018,0.3,0.3214285714285714,0.3103448275862069,0.2406876790830945,2.0
0.339041095890411,0.3666666666666666,0.2483912483912484,0.3523131672597865,0.5591377091377092,0.4928837227145433,0.5249665471150287,0.5189546157645446,0.1153777279676884,0.4488281473841018,0.3,0.3214285714285714,0.3103448275862069,0.2406876790830945,2.0
0.339041095890411,0.3666666666666666,0.2483912483912484,0.3523131672597865,0.5591377091377092,0.4928837227145433,0.5249665471150287,0.5189546157645446,0.1153777279676884,0.4488281473841018,0.3,0.3214285714285714,0.3103448275862069,0.2406876790830945,2.0
0.339041095890411,0.3666666666666666,0.2483912483912484,0.3523131672597865,0.5591377091377092,0.4928837227145433,0.5249665471150287,0.5189546157645446,0.1153777279676884,0.4488281473841018,0.3,0.3214285714285714,0.3103448275862069,0.2406876790830945,2.0
0.339041095890411,0.3666666666666666,0.2483912483912484,0.3523131672597865,0.5591377091377092,0.4928837227145433,0.5249665471150287,0.5189546157645446,0.1153777279676884,0.4488281473841018,0.3,0.3214285714285714,0.3103448275862069,0.2406876790830945,2.0
0.339041095890411,0.3666666666666666,0.2483912483912484,0.3523131672597865,0.5591377091377092,0.4928837227145433,0.5249665471150287,0.5189546157645446,0.1153777279676884,0.4488281473841018,0.3,0.3214285714285714,0.3103448275862069,0.2406876790830945,2.0
0.339041095890411,0.3666666666666666,0.2483912483912484,0.3523131672597865,0.5591377091377092,0.4928837227145433,0.5249665471150287,0.5189546157645446,0.1153777279676884,0.4488281473841018,0.3,0.3214285714285714,0.3103448275862069,0.2406876790830945,2.0
0.339041095890411,0.3666666666666666,0.2483912483912484,0.3523131672597865,0.5591377091377092,0.4928837227145433,0.5249665471150287,0.5189546157645446,0.1153777279676884,0.4488281473841018,0.3,0.3214285714285714,0.3103448275862069,0.2406876790830945,2.0
0.339041095890411,0.3666666666666666,0.2483912483912484,0.3523131672597865,0.5591377091377092,0.4928837227145433,0.5249665471150287,0.5189546157645446,0.1153777279676884,0.4488281473841018,0.3,0.3214285714285714,0.3103448275862069,0.2406876790830945,2.0
0.339041095890411,0.3666666666666666,0.2483912483912484,0.3523131672597865,0.5591377091377092,0.4928837227145433,0.5249665471150287,0.5189546157645446,0.1153777279676884,0.4488281473841018,0.3,0.3214285714285714,0.3103448275862069,0.2406876790830945,2.0
0.339041095890411,0.3666666666666666,0.2483912483912484,0.3523131672597865,0.5591377091377092,0.4928837227145433,0.5249665471150287,0.5189546157645446,0.1153777279676884,0.4488281473841018,0.3,0.3214285714285714,0.3103448275862069,0.2406876790830945,2.0
0.339041095890411,0.3666666666666666,0.2483912483912484,0.3523131672597865,0.5591377091377092,0.4928837227145433,0.5249665471150287,0.5189546157645446,0.1153777279676884,0.4488281473841018,0.3,0.3214285714285714,0.3103448275862069,0.2406876790830945,2.0
0.339041095890411,0.3666666666666666,0.2483912483912484,0.3523131672597865,0.5591377091377092,0.4928837227145433,0.5249665471150287,0.5189546157645446,0.1153777279676884,0.4488281473841018,0.3,0.3214285714285714,0.3103448275862069,0.2406876790830945,2.0
0.339041095890411,0.3666666666666666,0.2483912483912484,0.3523131672597865,0.5591377091377092,0.4928837227145433,0.5249665471150287,0.5189546157645446,0.1153777279676884,0.4488281473841018,0.3,0.3214285714285714,0.3103448275862069,0.2406876790830945,2.0
0.339041095890411,0.3666666666666666,0.2483912483912484,0.3523131672597865,0.5591377091377092,0.4928837227145433,0.5249665471150287,0.5189546157645446,0.1153777279676884,0.4488281473841018,0.3,0.3214285714285714,0.3103448275862069,0.2406876790830945,2.0
0.339041095890411,0.3666666666666666,0.2483912483912484,0.3523131672597865,0.5591377091377092,0.4928837227145433,0.5249665471150287,0.5189546157645446,0.1153777279676884,0.4488281473841018,0.3,0.3214285714285714,0.3103448275862069,0.2406876790830945,2.0
0.339041095890411,0.3666666666666666,0.2483912483912484,0.3523131672597865,0.5591377091377092,0.4928837227145433,0.5249665471150287,0.5189546157645446,0.1153777279676884,0.4488281473841018,0.3,0.3214285714285714,0.3103448275862069,0.2406876790830945,2.0
0.339041095890411,0.3666666666666666,0.2483912483912484,0.3523131672597865,0.5591377091377092,0.4928837227145433,0.5249665471150287,0.5189546157645446,0.1153777279676884,0.4488281473841018,0.3,0.3214285714285714,0.3103448275862069,0.2406876790830945,2.0
0.339041095890411,0.3666666666666666,0.2483912483912484,0.3523131672597865,0.5591377091377092,0.4928837227145433,0.5249665471150287,0.5189546157645446,0.1153777279676884,0.4488281473841018,0.3,0.3214285714285714,0.3103448275862069,0.2406876790830945,2.0
0.339041095890411,0.3666666666666666,0.2483912483912484,0.3523131672597865,0.5591377091377092,0.4928837227145433,0.5249665471150287,0.5189546157645446,0.1153777279676884,0.4488281473841018,0.3,0.3214285714285714,0.3103448275862069,0.2406876790830945,2.0
0.339041095890411,0.3666666666666666,0.2483912483912484,0.3523131672597865,0.5591377091377092,0.4928837227145433,0.5249665471150287,0.5189546157645446,0.1153777279676884,0.4488281473841018,0.3,0.3214285714285714,0.3103448275862069,0.2406876790830945,2.0
0.339041095890411,0.3666666666666666,0.2483912483912484,0.3523131672597865,0.5591377091377092,0.4928837227145433,0.5249665471150287,0.5189546157645446,0.1153777279676884,0.4488281473841018,0.3,0.3214285714285714,0.3103448275862069,0.2406876790830945,2.0
0.339041095890411,0.3666666666666666,0.2483912483912484,0.3523131672597865,0.5591377091377092,0.4928837227145433,0.5249665471150287,0.5189546157645446,0.1153777279676884,0.4488281473841018,0.3,0.3214285714285714,0.3103448275862069,0.2406876790830945,2.0
0.339041095890411,0.3666666666666666,0.2483912483912484,0.3523131672597865,0.5591377091377092,0.4928837227145433,0.5249665471150287,0.5189546157645446,0.1153777279676884,0.4488281473841018,0.3,0.3214285714285714,0.3103448275862069,0.2406876790830945,2.0
0.339041095890411,0.3666666666666666,0.2483912483912484,0.3523131672597865,0.5591377091377092,0.4928837227145433,0.5249665471150287,0.5189546157645446,0.1153777279676884,0.4488281473841018,0.3,0.3214285714285714,0.3103448275862069,0.2406876790830945,2.0
0.339041095890411,0.3666666666666666,0.2483912483912484,0.3523131672597865,0.5591377091377092,0.4928837227145433,0.5249665471150287,0.5189546157645446,0.1153777279676884,0.4488281473841018,0.3,0.3214285714285714,0.3103448275862069,0.2406876790830945,2.0
0.339041095890411,0.3666666666666666,0.2483912483912484,0.3523131672597865,0.5591377091377092,0.4928837227145433,0.5249665471150287,0.5189546157645446,0.1153777279676884,0.4488281473841018,0.3,0.3214285714285714,0.3103448275862069,0.2406876790830945,2.0
0.339041095890411,0.3666666666666666,0.2483912483912484,0.3523131672597865,0.5591377091377092,0.4928837227145433,0.5249665471150287,0.5189546157645446,0.1153777279676884,0.4488281473841018,0.3,0.3214285714285714,0.3103448275862069,0.2406876790830945,2.0
0.339041095890411,0.3666666666666666,0.2483912483912484,0.3523131672597865,0.5591377091377092,0.4928837227145433,0.5249665471150287,0.5189546157645446,0.1153777279676884,0.4488281473841018,0.3,0.3214285714285714,0.3103448275862069,0.2406876790830945,2.0
0.339041095890411,0.3666666666666666,0.2483912483912484,0.3523131672597865,0.5591377091377092,0.4928837227145433,0.5249665471150287,0.5189546157645446,0.1153777279676884,0.4488281473841018,0.3,0.3214285714285714,0.3103448275862069,0.2406876790830945,2.0
0.339041095890411,0.3666666666666666,0.2483912483912484,0.3523131672597865,0.5591377091377092,0.4928837227145433,0.5249665471150287,0.5189546157645446,0.1153777279676884,0.4488281473841018,0.3,0.3214285714285714,0.3103448275862069,0.2406876790830945,2.0
0.339041095890411,0.3666666666666666,0.2483912483912484,0.3523131672597865,0.5591377091377092,0.4928837227145433,0.5249665471150287,0.5189546157645446,0.1153777279676884,0.4488281473841018,0.3,0.3214285714285714,0.3103448275862069,0.2406876790830945,2.0
0.390650274991912,0.7093552650903217,0.3212656176708882,0.5038335158817087,0.6940448237097168,0.6937070795075252,0.6938759310589918,0.6936619848695118,0.3296832816278308,0.7197474671275643,0.5532383609928037,0.3978664976763836,0.4628617067027094,0.3128883013879709,1.0
0.390650274991912,0.7093552650903217,0.3212656176708882,0.5038335158817087,0.6940448237097168,0.6937070795075252,0.6938759310589918,0.6936619848695118,0.3296832816278308,0.7197474671275643,0.5532383609928037,0.3978664976763836,0.4628617067027094,0.3128883013879709,1.0
0.390650274991912,0.7093552650903217,0.3212656176708882,0.5038335158817087,0.6940448237097168,0.6937070795075252,0.6938759310589918,0.6936619848695118,0.3296832816278308,0.7197474671275643,0.5532383609928037,0.3978664976763836,0.4628617067027094,0.3128883013879709,1.0
0.390650274991912,0.7093552650903217,0.3212656176708882,0.5038335158817087,0.6940448237097168,0.6937070795075252,0.6938759310589918,0.6936619848695118,0.3296832816278308,0.7197474671275643,0.5532383609928037,0.3978664976763836,0.4628617067027094,0.3128883013879709,1.0
0.390650274991912,0.7093552650903217,0.3212656176708882,0.5038335158817087,0.6940448237097168,0.6937070795075252,0.6938759310589918,0.6936619848695118,0.3296832816278308,0.7197474671275643,0.5532383609928037,0.3978664976763836,0.4628617067027094,0.3128883013879709,1.0
0.390650274991912,0.7093552650903217,0.3212656176708882,0.5038335158817087,0.6940448237097168,0.6937070795075252,0.6938759310589918,0.6936619848695118,0.3296832816278308,0.7197474671275643,0.5532383609928037,0.3978664976763836,0.4628617067027094,0.3128883013879709,1.0
0.390650274991912,0.7093552650903217,0.3212656176708882,0.5038335158817087,0.6940448237097168,0.6937070795075252,0.6938759310589918,0.6936619848695118,0.3296832816278308,0.7197474671275643,0.5532383609928037,0.3978664976763836,0.4628617067027094,0.3128883013879709,1.0
0.390650274991912,0.7093552650903217,0.3212656176708882,0.5038335158817087,0.6940448237097168,0.6937070795075252,0.6938759310589918,0.6936619848695118,0.3296832816278308,0.7197474671275643,0.5532383609928037,0.3978664976763836,0.4628617067027094,0.3128883013879709,1.0
0.390650274991912,0.7093552650903217,0.3212656176708882,0.5038335158817087,0.6940448237097168,0.6937070795075252,0.6938759310589918,0.6936619848695118,0.3296832816278308,0.7197474671275643,0.5532383609928037,0.3978664976763836,0.4628617067027094,0.3128883013879709,1.0
0.390650274991912,0.7093552650903217,0.3212656176708882,0.5038335158817087,0.6940448237097168,0.6937070795075252,0.6938759310589918,0.6936619848695118,0.3296832816278308,0.7197474671275643,0.5532383609928037,0.3978664976763836,0.4628617067027094,0.3128883013879709,1.0
0.390650274991912,0.7093552650903217,0.3212656176708882,0.5038335158817087,0.6940448237097168,0.6937070795075252,0.6938759310589918,0.6936619848695118,0.3296832816278308,0.7197474671275643,0.5532383609928037,0.3978664976763836,0.4628617067027094,0.3128883013879709,1.0
0.390650274991912,0.7093552650903217,0.3212656176708882,0.5038335158817087,0.6940448237097168,0.6937070795075252,0.6938759310589918,0.6936619848695118,0.3296832816278308,0.7197474671275643,0.5532383609928037,0.3978664976763836,0.4628617067027094,0.3128883013879709,1.0
0.390650274991912,0.7093552650903217,0.3212656176708882,0.5038335158817087,0.6940448237097168,0.6937070795075252,0.6938759310589918,0.6936619848695118,0.3296832816278308,0.7197474671275643,0.5532383609928037,0.3978664976763836,0.4628617067027094,0.3128883013879709,1.0
0.390650274991912,0.7093552650903217,0.3212656176708882,0.5038335158817087,0.6940448237097168,0.6937070795075252,0.6938759310589918,0.6936619848695118,0.3296832816278308,0.7197474671275643,0.5532383609928037,0.3978664976763836,0.4628617067027094,0.3128883013879709,1.0
0.390650274991912,0.7093552650903217,0.3212656176708882,0.5038335158817087,0.6940448237097168,0.6937070795075252,0.6938759310589918,0.6936619848695118,0.3296832816278308,0.7197474671275643,0.5532383609928037,0.3978664976763836,0.4628617067027094,0.3128883013879709,1.0
0.390650274991912,0.7093552650903217,0.3212656176708882,0.5038335158817087,0.6940448237097168,0.6937070795075252,0.6938759310589918,0.6936619848695118,0.3296832816278308,0.7197474671275643,0.5532383609928037,0.3978664976763836,0.4628617067027094,0.3128883013879709,1.0
0.390650274991912,0.7093552650903217,0.3212656176708882,0.5038335158817087,0.6940448237097168,0.6937070795075252,0.6938759310589918,0.6936619848695118,0.3296832816278308,0.7197474671275643,0.5532383609928037,0.3978664976763836,0.4628617067027094,0.3128883013879709,1.0
0.390650274991912,0.7093552650903217,0.3212656176708882,0.5038335158817087,0.6940448237097168,0.6937070795075252,0.6938759310589918,0.6936619848695118,0.3296832816278308,0.7197474671275643,0.5532383609928037,0.3978664976763836,0.4628617067027094,0.3128883013879709,1.0
0.390650274991912,0.7093552650903217,0.3212656176708882,0.5038335158817087,0.6940448237097168,0.6937070795075252,0.6938759310589918,0.6936619848695118,0.3296832816278308,0.7197474671275643,0.5532383609928037,0.3978664976763836,0.4628617067027094,0.3128883013879709,1.0
0.390650274991912,0.7093552650903217,0.3212656176708882,0.5038335158817087,0.6940448237097168,0.6937070795075252,0.6938759310589918,0.6936619848695118,0.3296832816278308,0.7197474671275643,0.5532383609928037,0.3978664976763836,0.4628617067027094,0.3128883013879709,1.0
0.390650274991912,0.7093552650903217,0.3212656176708882,0.5038335158817087,0.6940448237097168,0.6937070795075252,0.6938759310589918,0.6936619848695118,0.3296832816278308,0.7197474671275643,0.5532383609928037,0.3978664976763836,0.4628617067027094,0.3128883013879709,1.0
0.390650274991912,0.7093552650903217,0.3212656176708882,0.5038335158817087,0.6940448237097168,0.6937070795075252,0.6938759310589918,0.6936619848695118,0.3296832816278308,0.7197474671275643,0.5532383609928037,0.3978664976763836,0.4628617067027094,0.3128883013879709,1.0
0.390650274991912,0.7093552650903217,0.3212656176708882,0.5038335158817087,0.6940448237097168,0.6937070795075252,0.6938759310589918,0.6936619848695118,0.3296832816278308,0.7197474671275643,0.5532383609928037,0.3978664976763836,0.4628617067027094,0.3128883013879709,1.0
0.390650274991912,0.7093552650903217,0.3212656176708882,0.5038335158817087,0.6940448237097168,0.6937070795075252,0.6938759310589918,0.6936619848695118,0.3296832816278308,0.7197474671275643,0.5532383609928037,0.3978664976763836,0.4628617067027094,0.3128883013879709,1.0
0.390650274991912,0.7093552650903217,0.3212656176708882,0.5038335158817087,0.6940448237097168,0.6937070795075252,0.6938759310589918,0.6936619848695118,0.3296832816278308,0.7197474671275643,0.5532383609928037,0.3978664976763836,0.4628617067027094,0.3128883013879709,1.0
0.390650274991912,0.7093552650903217,0.3212656176708882,0.5038335158817087,0.6940448237097168,0.6937070795075252,0.6938759310589918,0.6936619848695118,0.3296832816278308,0.7197474671275643,0.5532383609928037,0.3978664976763836,0.4628617067027094,0.3128883013879709,1.0
0.390650274991912,0.7093552650903217,0.3212656176708882,0.5038335158817087,0.6940448237097168,0.6937070795075252,0.6938759310589918,0.6936619848695118,0.3296832816278308,0.7197474671275643,0.5532383609928037,0.3978664976763836,0.4628617067027094,0.3128883013879709,1.0
0.390650274991912,0.7093552650903217,0.3212656176708882,0.5038335158817087,0.6940448237097168,0.6937070795075252,0.6938759310589918,0.6936619848695118,0.3296832816278308,0.7197474671275643,0.5532383609928037,0.3978664976763836,0.4628617067027094,0.3128883013879709,1.0
0.390650274991912,0.7093552650903217,0.3212656176708882,0.5038335158817087,0.6940448237097168,0.6937070795075252,0.6938759310589918,0.6936619848695118,0.3296832816278308,0.7197474671275643,0.5532383609928037,0.3978664976763836,0.4628617067027094,0.3128883013879709,1.0
0.390650274991912,0.7093552650903217,0.3212656176708882,0.5038335158817087,0.6940448237097168,0.6937070795075252,0.6938759310589918,0.6936619848695118,0.3296832816278308,0.7197474671275643,0.5532383609928037,0.3978664976763836,0.4628617067027094,0.3128883013879709,1.0
0.390650274991912,0.7093552650903217,0.3212656176708882,0.5038335158817087,0.6940448237097168,0.6937070795075252,0.6938759310589918,0.6936619848695118,0.3296832816278308,0.7197474671275643,0.5532383609928037,0.3978664976763836,0.4628617067027094,0.3128883013879709,1.0
0.390650274991912,0.7093552650903217,0.3212656176708882,0.5038335158817087,0.6940448237097168,0.6937070795075252,0.6938759310589918,0.6936619848695118,0.3296832816278308,0.7197474671275643,0.5532383609928037,0.3978664976763836,0.4628617067027094,0.3128883013879709,1.0
0.390650274991912,0.7093552650903217,0.3212656176708882,0.5038335158817087,0.6940448237097168,0.6937070795075252,0.6938759310589918,0.6936619848695118,0.3296832816278308,0.7197474671275643,0.5532383609928037,0.3978664976763836,0.4628617067027094,0.3128883013879709,1.0
0.390650274991912,0.7093552650903217,0.3212656176708882,0.5038335158817087,0.6940448237097168,0.6937070795075252,0.6938759310589918,0.6936619848695118,0.3296832816278308,0.7197474671275643,0.5532383609928037,0.3978664976763836,0.4628617067027094,0.3128883013879709,1.0
0.390650274991912,0.7093552650903217,0.3212656176708882,0.5038335158817087,0.6940448237097168,0.6937070795075252,0.6938759310589918,0.6936619848695118,0.3296832816278308,0.7197474671275643,0.5532383609928037,0.3978664976763836,0.4628617067027094,0.3128883013879709,1.0
0.390650274991912,0.7093552650903217,0.3212656176708882,0.5038335158817087,0.6940448237097168,0.6937070795075252,0.6938759310589918,0.6936619848695118,0.3296832816278308,0.7197474671275643,0.5532383609928037,0.3978664976763836,0.4628617067027094,0.3128883013879709,1.0
0.390650274991912,0.7093552650903217,0.3212656176708882,0.5038335158817087,0.6940448237097168,0.6937070795075252,0.6938759310589918,0.6936619848695118,0.3296832816278308,0.7197474671275643,0.5532383609928037,0.3978664976763836,0.4628617067027094,0.3128883013879709,1.0
0.390650274991912,0.7093552650903217,0.3212656176708882,0.5038335158817087,0.6940448237097168,0.6937070795075252,0.6938759310589918,0.6936619848695118,0.3296832816278308,0.7197474671275643,0.5532383609928037,0.3978664976763836,0.4628617067027094,0.3128883013879709,1.0
0.390650274991912,0.7093552650903217,0.3212656176708882,0.5038335158817087,0.6940448237097168,0.6937070795075252,0.6938759310589918,0.6936619848695118,0.3296832816278308,0.7197474671275643,0.5532383609928037,0.3978664976763836,0.4628617067027094,0.3128883013879709,1.0
0.390650274991912,0.7093552650903217,0.3212656176708882,0.5038335158817087,0.6940448237097168,0.6937070795075252,0.6938759310589918,0.6936619848695118,0.3296832816278308,0.7197474671275643,0.5532383609928037,0.3978664976763836,0.4628617067027094,0.3128883013879709,1.0
0.390650274991912,0.7093552650903217,0.3212656176708882,0.5038335158817087,0.6940448237097168,0.6937070795075252,0.6938759310589918,0.6936619848695118,0.3296832816278308,0.7197474671275643,0.5532383609928037,0.3978664976763836,0.4628617067027094,0.3128883013879709,1.0
0.390650274991912,0.7093552650903217,0.3212656176708882,0.5038335158817087,0.6940448237097168,0.6937070795075252,0.6938759310589918,0.6936619848695118,0.3296832816278308,0.7197474671275643,0.5532383609928037,0.3978664976763836,0.4628617067027094,0.3128883013879709,1.0
0.390650274991912,0.7093552650903217,0.3212656176708882,0.5038335158817087,0.6940448237097168,0.6937070795075252,0.6938759310589918,0.6936619848695118,0.3296832816278308,0.7197474671275643,0.5532383609928037,0.3978664976763836,0.4628617067027094,0.3128883013879709,1.0
0.390650274991912,0.7093552650903217,0.3212656176708882,0.5038335158817087,0.6940448237097168,0.6937070795075252,0.6938759310589918,0.6936619848695118,0.3296832816278308,0.7197474671275643,0.5532383609928037,0.3978664976763836,0.4628617067027094,0.3128883013879709,1.0
0.390650274991912,0.7093552650903217,0.3212656176708882,0.5038335158817087,0.6940448237097168,0.6937070795075252,0.6938759310589918,0.6936619848695118,0.3296832816278308,0.7197474671275643,0.5532383609928037,0.3978664976763836,0.4628617067027094,0.3128883013879709,1.0
0.390650274991912,0.7093552650903217,0.3212656176708882,0.5038335158817087,0.6940448237097168,0.6937070795075252,0.6938759310589918,0.6936619848695118,0.3296832816278308,0.7197474671275643,0.5532383609928037,0.3978664976763836,0.4628617067027094,0.3128883013879709,1.0
0.390650274991912,0.7093552650903217,0.3212656176708882,0.5038335158817087,0.6940448237097168,0.6937070795075252,0.6938759310589918,0.6936619848695118,0.3296832816278308,0.7197474671275643,0.5532383609928037,0.3978664976763836,0.4628617067027094,0.3128883013879709,1.0
0.390650274991912,0.7093552650903217,0.3212656176708882,0.5038335158817087,0.6940448237097168,0.6937070795075252,0.6938759310589918,0.6936619848695118,0.3296832816278308,0.7197474671275643,0.5532383609928037,0.3978664976763836,0.4628617067027094,0.3128883013879709,1.0
0.390650274991912,0.7093552650903217,0.3212656176708882,0.5038335158817087,0.6940448237097168,0.6937070795075252,0.6938759310589918,0.6936619848695118,0.3296832816278308,0.7197474671275643,0.5532383609928037,0.3978664976763836,0.4628617067027094,0.3128883013879709,1.0
0.390650274991912,0.7093552650903217,0.3212656176708882,0.5038335158817087,0.6940448237097168,0.6937070795075252,0.6938759310589918,0.6936619848695118,0.3296832816278308,0.7197474671275643,0.5532383609928037,0.3978664976763836,0.4628617067027094,0.3128883013879709,1.0
0.5195352839931153,0.6769455034761157,0.3416141467294866,0.587885870094459,0.6676656783733145,0.6675366989203817,0.6676011855320209,0.6675361425883893,0.321549339598172,0.6791059407379375,0.5039246467817896,0.5244485937682344,0.513981815062618,0.3392185582518506,3.0
0.5195352839931153,0.6769455034761157,0.3416141467294866,0.587885870094459,0.6676656783733145,0.6675366989203817,0.6676011855320209,0.6675361425883893,0.321549339598172,0.6791059407379375,0.5039246467817896,0.5244485937682344,0.513981815062618,0.3392185582518506,3.0
0.5195352839931153,0.6769455034761157,0.3416141467294866,0.587885870094459,0.6676656783733145,0.6675366989203817,0.6676011855320209,0.6675361425883893,0.321549339598172,0.6791059407379375,0.5039246467817896,0.5244485937682344,0.513981815062618,0.3392185582518506,3.0
0.5195352839931153,0.6769455034761157,0.3416141467294866,0.587885870094459,0.6676656783733145,0.6675366989203817,0.6676011855320209,0.6675361425883893,0.321549339598172,0.6791059407379375,0.5039246467817896,0.5244485937682344,0.513981815062618,0.3392185582518506,3.0
0.5195352839931153,0.6769455034761157,0.3416141467294866,0.587885870094459,0.6676656783733145,0.6675366989203817,0.6676011855320209,0.6675361425883893,0.321549339598172,0.6791059407379375,0.5039246467817896,0.5244485937682344,0.513981815062618,0.3392185582518506,3.0
0.5195352839931153,0.6769455034761157,0.3416141467294866,0.587885870094459,0.6676656783733145,0.6675366989203817,0.6676011855320209,0.6675361425883893,0.321549339598172,0.6791059407379375,0.5039246467817896,0.5244485937682344,0.513981815062618,0.3392185582518506,3.0
0.5195352839931153,0.6769455034761157,0.3416141467294866,0.587885870094459,0.6676656783733145,0.6675366989203817,0.6676011855320209,0.6675361425883893,0.321549339598172,0.6791059407379375,0.5039246467817896,0.5244485937682344,0.513981815062618,0.3392185582518506,3.0
0.5195352839931153,0.6769455034761157,0.3416141467294866,0.587885870094459,0.6676656783733145,0.6675366989203817,0.6676011855320209,0.6675361425883893,0.321549339598172,0.6791059407379375,0.5039246467817896,0.5244485937682344,0.513981815062618,0.3392185582518506,3.0
0.5195352839931153,0.6769455034761157,0.3416141467294866,0.587885870094459,0.6676656783733145,0.6675366989203817,0.6676011855320209,0.6675361425883893,0.321549339598172,0.6791059407379375,0.5039246467817896,0.5244485937682344,0.513981815062618,0.3392185582518506,3.0
0.5195352839931153,0.6769455034761157,0.3416141467294866,0.587885870094459,0.6676656783733145,0.6675366989203817,0.6676011855320209,0.6675361425883893,0.321549339598172,0.6791059407379375,0.5039246467817896,0.5244485937682344,0.513981815062618,0.3392185582518506,3.0
0.5195352839931153,0.6769455034761157,0.3416141467294866,0.587885870094459,0.6676656783733145,0.6675366989203817,0.6676011855320209,0.6675361425883893,0.321549339598172,0.6791059407379375,0.5039246467817896,0.5244485937682344,0.513981815062618,0.3392185582518506,3.0
0.5195352839931153,0.6769455034761157,0.3416141467294866,0.587885870094459,0.6676656783733145,0.6675366989203817,0.6676011855320209,0.6675361425883893,0.321549339598172,0.6791059407379375,0.5039246467817896,0.5244485937682344,0.513981815062618,0.3392185582518506,3.0
0.5195352839931153,0.6769455034761157,0.3416141467294866,0.587885870094459,0.6676656783733145,0.6675366989203817,0.6676011855320209,0.6675361425883893,0.321549339598172,0.6791059407379375,0.5039246467817896,0.5244485937682344,0.513981815062618,0.3392185582518506,3.0
0.5195352839931153,0.6769455034761157,0.3416141467294866,0.587885870094459,0.6676656783733145,0.6675366989203817,0.6676011855320209,0.6675361425883893,0.321549339598172,0.6791059407379375,0.5039246467817896,0.5244485937682344,0.513981815062618,0.3392185582518506,3.0
0.5195352839931153,0.6769455034761157,0.3416141467294866,0.587885870094459,0.6676656783733145,0.6675366989203817,0.6676011855320209,0.6675361425883893,0.321549339598172,0.6791059407379375,0.5039246467817896,0.5244485937682344,0.513981815062618,0.3392185582518506,3.0
0.5195352839931153,0.6769455034761157,0.3416141467294866,0.587885870094459,0.6676656783733145,0.6675366989203817,0.6676011855320209,0.6675361425883893,0.321549339598172,0.6791059407379375,0.5039246467817896,0.5244485937682344,0.513981815062618,0.3392185582518506,3.0
0.5195352839931153,0.6769455034761157,0.3416141467294866,0.587885870094459,0.6676656783733145,0.6675366989203817,0.6676011855320209,0.6675361425883893,0.321549339598172,0.6791059407379375,0.5039246467817896,0.5244485937682344,0.513981815062618,0.3392185582518506,3.0
0.5195352839931153,0.6769455034761157,0.3416141467294866,0.587885870094459,0.6676656783733145,0.6675366989203817,0.6676011855320209,0.6675361425883893,0.321549339598172,0.6791059407379375,0.5039246467817896,0.5244485937682344,0.513981815062618,0.3392185582518506,3.0
0.5195352839931153,0.6769455034761157,0.3416141467294866,0.587885870094459,0.6676656783733145,0.6675366989203817,0.6676011855320209,0.6675361425883893,0.321549339598172,0.6791059407379375,0.5039246467817896,0.5244485937682344,0.513981815062618,0.3392185582518506,3.0
0.5195352839931153,0.6769455034761157,0.3416141467294866,0.587885870094459,0.6676656783733145,0.6675366989203817,0.6676011855320209,0.6675361425883893,0.321549339598172,0.6791059407379375,0.5039246467817896,0.5244485937682344,0.513981815062618,0.3392185582518506,3.0
0.5195352839931153,0.6769455034761157,0.3416141467294866,0.587885870094459,0.6676656783733145,0.6675366989203817,0.6676011855320209,0.6675361425883893,0.321549339598172,0.6791059407379375,0.5039246467817896,0.5244485937682344,0.513981815062618,0.3392185582518506,3.0
0.5195352839931153,0.6769455034761157,0.3416141467294866,0.587885870094459,0.6676656783733145,0.6675366989203817,0.6676011855320209,0.6675361425883893,0.321549339598172,0.6791059407379375,0.5039246467817896,0.5244485937682344,0.513981815062618,0.3392185582518506,3.0
0.5195352839931153,0.6769455034761157,0.3416141467294866,0.587885870094459,0.6676656783733145,0.6675366989203817,0.6676011855320209,0.6675361425883893,0.321549339598172,0.6791059407379375,0.5039246467817896,0.5244485937682344,0.513981815062618,0.3392185582518506,3.0
0.5195352839931153,0.6769455034761157,0.3416141467294866,0.587885870094459,0.6676656783733145,0.6675366989203817,0.6676011855320209,0.6675361425883893,0.321549339598172,0.6791059407379375,0.5039246467817896,0.5244485937682344,0.513981815062618,0.3392185582518506,3.0
0.5195352839931153,0.6769455034761157,0.3416141467294866,0.587885870094459,0.6676656783733145,0.6675366989203817,0.6676011855320209,0.6675361425883893,0.321549339598172,0.6791059407379375,0.5039246467817896,0.5244485937682344,0.513981815062618,0.3392185582518506,3.0
0.5195352839931153,0.6769455034761157,0.3416141467294866,0.587885870094459,0.6676656783733145,0.6675366989203817,0.6676011855320209,0.6675361425883893,0.321549339598172,0.6791059407379375,0.5039246467817896,0.5244485937682344,0.513981815062618,0.3392185582518506,3.0
0.5195352839931153,0.6769455034761157,0.3416141467294866,0.587885870094459,0.6676656783733145,0.6675366989203817,0.6676011855320209,0.6675361425883893,0.321549339598172,0.6791059407379375,0.5039246467817896,0.5244485937682344,0.513981815062618,0.3392185582518506,3.0
0.5195352839931153,0.6769455034761157,0.3416141467294866,0.587885870094459,0.6676656783733145,0.6675366989203817,0.6676011855320209,0.6675361425883893,0.321549339598172,0.6791059407379375,0.5039246467817896,0.5244485937682344,0.513981815062618,0.3392185582518506,3.0
0.5195352839931153,0.6769455034761157,0.3416141467294866,0.587885870094459,0.6676656783733145,0.6675366989203817,0.6676011855320209,0.6675361425883893,0.321549339598172,0.6791059407379375,0.5039246467817896,0.5244485937682344,0.513981815062618,0.3392185582518506,3.0
0.5195352839931153,0.6769455034761157,0.3416141467294866,0.587885870094459,0.6676656783733145,0.6675366989203817,0.6676011855320209,0.6675361425883893,0.321549339598172,0.6791059407379375,0.5039246467817896,0.5244485937682344,0.513981815062618,0.3392185582518506,3.0
0.5195352839931153,0.6769455034761157,0.3416141467294866,0.587885870094459,0.6676656783733145,0.6675366989203817,0.6676011855320209,0.6675361425883893,0.321549339598172,0.6791059407379375,0.5039246467817896,0.5244485937682344,0.513981815062618,0.3392185582518506,3.0
0.5195352839931153,0.6769455034761157,0.3416141467294866,0.587885870094459,0.6676656783733145,0.6675366989203817,0.6676011855320209,0.6675361425883893,0.321549339598172,0.6791059407379375,0.5039246467817896,0.5244485937682344,0.513981815062618,0.3392185582518506,3.0
0.5195352839931153,0.6769455034761157,0.3416141467294866,0.587885870094459,0.6676656783733145,0.6675366989203817,0.6676011855320209,0.6675361425883893,0.321549339598172,0.6791059407379375,0.5039246467817896,0.5244485937682344,0.513981815062618,0.3392185582518506,3.0
0.5195352839931153,0.6769455034761157,0.3416141467294866,0.587885870094459,0.6676656783733145,0.6675366989203817,0.6676011855320209,0.6675361425883893,0.321549339598172,0.6791059407379375,0.5039246467817896,0.5244485937682344,0.513981815062618,0.3392185582518506,3.0
0.5195352839931153,0.6769455034761157,0.3416141467294866,0.587885870094459,0.6676656783733145,0.6675366989203817,0.6676011855320209,0.6675361425883893,0.321549339598172,0.6791059407379375,0.5039246467817896,0.5244485937682344,0.513981815062618,0.3392185582518506,3.0
0.5195352839931153,0.6769455034761157,0.3416141467294866,0.587885870094459,0.6676656783733145,0.6675366989203817,0.6676011855320209,0.6675361425883893,0.321549339598172,0.6791059407379375,0.5039246467817896,0.5244485937682344,0.513981815062618,0.3392185582518506,3.0
0.5195352839931153,0.6769455034761157,0.3416141467294866,0.587885870094459,0.6676656783733145,0.6675366989203817,0.6676011855320209,0.6675361425883893,0.321549339598172,0.6791059407379375,0.5039246467817896,0.5244485937682344,0.513981815062618,0.3392185582518506,3.0
0.5195352839931153,0.6769455034761157,0.3416141467294866,0.587885870094459,0.6676656783733145,0.6675366989203817,0.6676011855320209,0.6675361425883893,0.321549339598172,0.6791059407379375,0.5039246467817896,0.5244485937682344,0.513981815062618,0.3392185582518506,3.0
0.5195352839931153,0.6769455034761157,0.3416141467294866,0.587885870094459,0.6676656783733145,0.6675366989203817,0.6676011855320209,0.6675361425883893,0.321549339598172,0.6791059407379375,0.5039246467817896,0.5244485937682344,0.513981815062618,0.3392185582518506,3.0
0.5195352839931153,0.6769455034761157,0.3416141467294866,0.587885870094459,0.6676656783733145,0.6675366989203817,0.6676011855320209,0.6675361425883893,0.321549339598172,0.6791059407379375,0.5039246467817896,0.5244485937682344,0.513981815062618,0.3392185582518506,3.0
0.5195352839931153,0.6769455034761157,0.3416141467294866,0.587885870094459,0.6676656783733145,0.6675366989203817,0.6676011855320209,0.6675361425883893,0.321549339598172,0.6791059407379375,0.5039246467817896,0.5244485937682344,0.513981815062618,0.3392185582518506,3.0
0.5195352839931153,0.6769455034761157,0.3416141467294866,0.587885870094459,0.6676656783733145,0.6675366989203817,0.6676011855320209,0.6675361425883893,0.321549339598172,0.6791059407379375,0.5039246467817896,0.5244485937682344,0.513981815062618,0.3392185582518506,3.0
0.5195352839931153,0.6769455034761157,0.3416141467294866,0.587885870094459,0.6676656783733145,0.6675366989203817,0.6676011855320209,0.6675361425883893,0.321549339598172,0.6791059407379375,0.5039246467817896,0.5244485937682344,0.513981815062618,0.3392185582518506,3.0
0.5195352839931153,0.6769455034761157,0.3416141467294866,0.587885870094459,0.6676656783733145,0.6675366989203817,0.6676011855320209,0.6675361425883893,0.321549339598172,0.6791059407379375,0.5039246467817896,0.5244485937682344,0.513981815062618,0.3392185582518506,3.0
0.5195352839931153,0.6769455034761157,0.3416141467294866,0.587885870094459,0.6676656783733145,0.6675366989203817,0.6676011855320209,0.6675361425883893,0.321549339598172,0.6791059407379375,0.5039246467817896,0.5244485937682344,0.513981815062618,0.3392185582518506,3.0
0.5195352839931153,0.6769455034761157,0.3416141467294866,0.587885870094459,0.6676656783733145,0.6675366989203817,0.6676011855320209,0.6675361425883893,0.321549339598172,0.6791059407379375,0.5039246467817896,0.5244485937682344,0.513981815062618,0.3392185582518506,3.0
0.5195352839931153,0.6769455034761157,0.3416141467294866,0.587885870094459,0.6676656783733145,0.6675366989203817,0.6676011855320209,0.6675361425883893,0.321549339598172,0.6791059407379375,0.5039246467817896,0.5244485937682344,0.513981815062618,0.3392185582518506,3.0
0.5195352839931153,0.6769455034761157,0.3416141467294866,0.587885870094459,0.6676656783733145,0.6675366989203817,0.6676011855320209,0.6675361425883893,0.321549339598172,0.6791059407379375,0.5039246467817896,0.5244485937682344,0.513981815062618,0.3392185582518506,3.0
0.5195352839931153,0.6769455034761157,0.3416141467294866,0.587885870094459,0.6676656783733145,0.6675366989203817,0.6676011855320209,0.6675361425883893,0.321549339598172,0.6791059407379375,0.5039246467817896,0.5244485937682344,0.513981815062618,0.3392185582518506,3.0
0.5195352839931153,0.6769455034761157,0.3416141467294866,0.587885870094459,0.6676656783733145,0.6675366989203817,0.6676011855320209,0.6675361425883893,0.321549339598172,0.6791059407379375,0.5039246467817896,0.5244485937682344,0.513981815062618,0.3392185582518506,3.0
0.7103847188592951,0.4250301810865191,0.1759705762157744,0.5318495392517246,0.6245298024353724,0.5608017004887013,0.5918085629759251,0.5748200755238362,0.2713625929992874,0.5731054304208749,0.3988732394366197,0.7215024020963751,0.5137348398465844,0.2785482562854826,4.0
0.7103847188592951,0.4250301810865191,0.1759705762157744,0.5318495392517246,0.6245298024353724,0.5608017004887013,0.5918085629759251,0.5748200755238362,0.2713625929992874,0.5731054304208749,0.3988732394366197,0.7215024020963751,0.5137348398465844,0.2785482562854826,4.0
0.7103847188592951,0.4250301810865191,0.1759705762157744,0.5318495392517246,0.6245298024353724,0.5608017004887013,0.5918085629759251,0.5748200755238362,0.2713625929992874,0.5731054304208749,0.3988732394366197,0.7215024020963751,0.5137348398465844,0.2785482562854826,4.0
0.7103847188592951,0.4250301810865191,0.1759705762157744,0.5318495392517246,0.6245298024353724,0.5608017004887013,0.5918085629759251,0.5748200755238362,0.2713625929992874,0.5731054304208749,0.3988732394366197,0.7215024020963751,0.5137348398465844,0.2785482562854826,4.0
0.7103847188592951,0.4250301810865191,0.1759705762157744,0.5318495392517246,0.6245298024353724,0.5608017004887013,0.5918085629759251,0.5748200755238362,0.2713625929992874,0.5731054304208749,0.3988732394366197,0.7215024020963751,0.5137348398465844,0.2785482562854826,4.0
0.7103847188592951,0.4250301810865191,0.1759705762157744,0.5318495392517246,0.6245298024353724,0.5608017004887013,0.5918085629759251,0.5748200755238362,0.2713625929992874,0.5731054304208749,0.3988732394366197,0.7215024020963751,0.5137348398465844,0.2785482562854826,4.0
0.7103847188592951,0.4250301810865191,0.1759705762157744,0.5318495392517246,0.6245298024353724,0.5608017004887013,0.5918085629759251,0.5748200755238362,0.2713625929992874,0.5731054304208749,0.3988732394366197,0.7215024020963751,0.5137348398465844,0.2785482562854826,4.0
0.7103847188592951,0.4250301810865191,0.1759705762157744,0.5318495392517246,0.6245298024353724,0.5608017004887013,0.5918085629759251,0.5748200755238362,0.2713625929992874,0.5731054304208749,0.3988732394366197,0.7215024020963751,0.5137348398465844,0.2785482562854826,4.0
0.7103847188592951,0.4250301810865191,0.1759705762157744,0.5318495392517246,0.6245298024353724,0.5608017004887013,0.5918085629759251,0.5748200755238362,0.2713625929992874,0.5731054304208749,0.3988732394366197,0.7215024020963751,0.5137348398465844,0.2785482562854826,4.0
0.7103847188592951,0.4250301810865191,0.1759705762157744,0.5318495392517246,0.6245298024353724,0.5608017004887013,0.5918085629759251,0.5748200755238362,0.2713625929992874,0.5731054304208749,0.3988732394366197,0.7215024020963751,0.5137348398465844,0.2785482562854826,4.0
0.7103847188592951,0.4250301810865191,0.1759705762157744,0.5318495392517246,0.6245298024353724,0.5608017004887013,0.5918085629759251,0.5748200755238362,0.2713625929992874,0.5731054304208749,0.3988732394366197,0.7215024020963751,0.5137348398465844,0.2785482562854826,4.0
0.7103847188592951,0.4250301810865191,0.1759705762157744,0.5318495392517246,0.6245298024353724,0.5608017004887013,0.5918085629759251,0.5748200755238362,0.2713625929992874,0.5731054304208749,0.3988732394366197,0.7215024020963751,0.5137348398465844,0.2785482562854826,4.0
0.7103847188592951,0.4250301810865191,0.1759705762157744,0.5318495392517246,0.6245298024353724,0.5608017004887013,0.5918085629759251,0.5748200755238362,0.2713625929992874,0.5731054304208749,0.3988732394366197,0.7215024020963751,0.5137348398465844,0.2785482562854826,4.0
0.7103847188592951,0.4250301810865191,0.1759705762157744,0.5318495392517246,0.6245298024353724,0.5608017004887013,0.5918085629759251,0.5748200755238362,0.2713625929992874,0.5731054304208749,0.3988732394366197,0.7215024020963751,0.5137348398465844,0.2785482562854826,4.0
0.7103847188592951,0.4250301810865191,0.1759705762157744,0.5318495392517246,0.6245298024353724,0.5608017004887013,0.5918085629759251,0.5748200755238362,0.2713625929992874,0.5731054304208749,0.3988732394366197,0.7215024020963751,0.5137348398465844,0.2785482562854826,4.0
0.7103847188592951,0.4250301810865191,0.1759705762157744,0.5318495392517246,0.6245298024353724,0.5608017004887013,0.5918085629759251,0.5748200755238362,0.2713625929992874,0.5731054304208749,0.3988732394366197,0.7215024020963751,0.5137348398465844,0.2785482562854826,4.0
0.7103847188592951,0.4250301810865191,0.1759705762157744,0.5318495392517246,0.6245298024353724,0.5608017004887013,0.5918085629759251,0.5748200755238362,0.2713625929992874,0.5731054304208749,0.3988732394366197,0.7215024020963751,0.5137348398465844,0.2785482562854826,4.0
0.7103847188592951,0.4250301810865191,0.1759705762157744,0.5318495392517246,0.6245298024353724,0.5608017004887013,0.5918085629759251,0.5748200755238362,0.2713625929992874,0.5731054304208749,0.3988732394366197,0.7215024020963751,0.5137348398465844,0.2785482562854826,4.0
0.7103847188592951,0.4250301810865191,0.1759705762157744,0.5318495392517246,0.6245298024353724,0.5608017004887013,0.5918085629759251,0.5748200755238362,0.2713625929992874,0.5731054304208749,0.3988732394366197,0.7215024020963751,0.5137348398465844,0.2785482562854826,4.0
0.7103847188592951,0.4250301810865191,0.1759705762157744,0.5318495392517246,0.6245298024353724,0.5608017004887013,0.5918085629759251,0.5748200755238362,0.2713625929992874,0.5731054304208749,0.3988732394366197,0.7215024020963751,0.5137348398465844,0.2785482562854826,4.0
0.7103847188592951,0.4250301810865191,0.1759705762157744,0.5318495392517246,0.6245298024353724,0.5608017004887013,0.5918085629759251,0.5748200755238362,0.2713625929992874,0.5731054304208749,0.3988732394366197,0.7215024020963751,0.5137348398465844,0.2785482562854826,4.0
0.7103847188592951,0.4250301810865191,0.1759705762157744,0.5318495392517246,0.6245298024353724,0.5608017004887013,0.5918085629759251,0.5748200755238362,0.2713625929992874,0.5731054304208749,0.3988732394366197,0.7215024020963751,0.5137348398465844,0.2785482562854826,4.0
0.7103847188592951,0.4250301810865191,0.1759705762157744,0.5318495392517246,0.6245298024353724,0.5608017004887013,0.5918085629759251,0.5748200755238362,0.2713625929992874,0.5731054304208749,0.3988732394366197,0.7215024020963751,0.5137348398465844,0.2785482562854826,4.0
0.7103847188592951,0.4250301810865191,0.1759705762157744,0.5318495392517246,0.6245298024353724,0.5608017004887013,0.5918085629759251,0.5748200755238362,0.2713625929992874,0.5731054304208749,0.3988732394366197,0.7215024020963751,0.5137348398465844,0.2785482562854826,4.0
0.7103847188592951,0.4250301810865191,0.1759705762157744,0.5318495392517246,0.6245298024353724,0.5608017004887013,0.5918085629759251,0.5748200755238362,0.2713625929992874,0.5731054304208749,0.3988732394366197,0.7215024020963751,0.5137348398465844,0.2785482562854826,4.0
0.7103847188592951,0.4250301810865191,0.1759705762157744,0.5318495392517246,0.6245298024353724,0.5608017004887013,0.5918085629759251,0.5748200755238362,0.2713625929992874,0.5731054304208749,0.3988732394366197,0.7215024020963751,0.5137348398465844,0.2785482562854826,4.0
0.7103847188592951,0.4250301810865191,0.1759705762157744,0.5318495392517246,0.6245298024353724,0.5608017004887013,0.5918085629759251,0.5748200755238362,0.2713625929992874,0.5731054304208749,0.3988732394366197,0.7215024020963751,0.5137348398465844,0.2785482562854826,4.0
0.7103847188592951,0.4250301810865191,0.1759705762157744,0.5318495392517246,0.6245298024353724,0.5608017004887013,0.5918085629759251,0.5748200755238362,0.2713625929992874,0.5731054304208749,0.3988732394366197,0.7215024020963751,0.5137348398465844,0.2785482562854826,4.0
0.7103847188592951,0.4250301810865191,0.1759705762157744,0.5318495392517246,0.6245298024353724,0.5608017004887013,0.5918085629759251,0.5748200755238362,0.2713625929992874,0.5731054304208749,0.3988732394366197,0.7215024020963751,0.5137348398465844,0.2785482562854826,4.0
0.7103847188592951,0.4250301810865191,0.1759705762157744,0.5318495392517246,0.6245298024353724,0.5608017004887013,0.5918085629759251,0.5748200755238362,0.2713625929992874,0.5731054304208749,0.3988732394366197,0.7215024020963751,0.5137348398465844,0.2785482562854826,4.0
0.7103847188592951,0.4250301810865191,0.1759705762157744,0.5318495392517246,0.6245298024353724,0.5608017004887013,0.5918085629759251,0.5748200755238362,0.2713625929992874,0.5731054304208749,0.3988732394366197,0.7215024020963751,0.5137348398465844,0.2785482562854826,4.0
0.7103847188592951,0.4250301810865191,0.1759705762157744,0.5318495392517246,0.6245298024353724,0.5608017004887013,0.5918085629759251,0.5748200755238362,0.2713625929992874,0.5731054304208749,0.3988732394366197,0.7215024020963751,0.5137348398465844,0.2785482562854826,4.0
0.7103847188592951,0.4250301810865191,0.1759705762157744,0.5318495392517246,0.6245298024353724,0.5608017004887013,0.5918085629759251,0.5748200755238362,0.2713625929992874,0.5731054304208749,0.3988732394366197,0.7215024020963751,0.5137348398465844,0.2785482562854826,4.0
0.7103847188592951,0.4250301810865191,0.1759705762157744,0.5318495392517246,0.6245298024353724,0.5608017004887013,0.5918085629759251,0.5748200755238362,0.2713625929992874,0.5731054304208749,0.3988732394366197,0.7215024020963751,0.5137348398465844,0.2785482562854826,4.0
0.7103847188592951,0.4250301810865191,0.1759705762157744,0.5318495392517246,0.6245298024353724,0.5608017004887013,0.5918085629759251,0.5748200755238362,0.2713625929992874,0.5731054304208749,0.3988732394366197,0.7215024020963751,0.5137348398465844,0.2785482562854826,4.0
0.7103847188592951,0.4250301810865191,0.1759705762157744,0.5318495392517246,0.6245298024353724,0.5608017004887013,0.5918085629759251,0.5748200755238362,0.2713625929992874,0.5731054304208749,0.3988732394366197,0.7215024020963751,0.5137348398465844,0.2785482562854826,4.0
0.7103847188592951,0.4250301810865191,0.1759705762157744,0.5318495392517246,0.6245298024353724,0.5608017004887013,0.5918085629759251,0.5748200755238362,0.2713625929992874,0.5731054304208749,0.3988732394366197,0.7215024020963751,0.5137348398465844,0.2785482562854826,4.0
0.7103847188592951,0.4250301810865191,0.1759705762157744,0.5318495392517246,0.6245298024353724,0.5608017004887013,0.5918085629759251,0.5748200755238362,0.2713625929992874,0.5731054304208749,0.3988732394366197,0.7215024020963751,0.5137348398465844,0.2785482562854826,4.0
0.7103847188592951,0.4250301810865191,0.1759705762157744,0.5318495392517246,0.6245298024353724,0.5608017004887013,0.5918085629759251,0.5748200755238362,0.2713625929992874,0.5731054304208749,0.3988732394366197,0.7215024020963751,0.5137348398465844,0.2785482562854826,4.0
0.7103847188592951,0.4250301810865191,0.1759705762157744,0.5318495392517246,0.6245298024353724,0.5608017004887013,0.5918085629759251,0.5748200755238362,0.2713625929992874,0.5731054304208749,0.3988732394366197,0.7215024020963751,0.5137348398465844,0.2785482562854826,4.0
0.7103847188592951,0.4250301810865191,0.1759705762157744,0.5318495392517246,0.6245298024353724,0.5608017004887013,0.5918085629759251,0.5748200755238362,0.2713625929992874,0.5731054304208749,0.3988732394366197,0.7215024020963751,0.5137348398465844,0.2785482562854826,4.0
0.7103847188592951,0.4250301810865191,0.1759705762157744,0.5318495392517246,0.6245298024353724,0.5608017004887013,0.5918085629759251,0.5748200755238362,0.2713625929992874,0.5731054304208749,0.3988732394366197,0.7215024020963751,0.5137348398465844,0.2785482562854826,4.0
0.7103847188592951,0.4250301810865191,0.1759705762157744,0.5318495392517246,0.6245298024353724,0.5608017004887013,0.5918085629759251,0.5748200755238362,0.2713625929992874,0.5731054304208749,0.3988732394366197,0.7215024020963751,0.5137348398465844,0.2785482562854826,4.0
0.7103847188592951,0.4250301810865191,0.1759705762157744,0.5318495392517246,0.6245298024353724,0.5608017004887013,0.5918085629759251,0.5748200755238362,0.2713625929992874,0.5731054304208749,0.3988732394366197,0.7215024020963751,0.5137348398465844,0.2785482562854826,4.0
0.7103847188592951,0.4250301810865191,0.1759705762157744,0.5318495392517246,0.6245298024353724,0.5608017004887013,0.5918085629759251,0.5748200755238362,0.2713625929992874,0.5731054304208749,0.3988732394366197,0.7215024020963751,0.5137348398465844,0.2785482562854826,4.0
0.7103847188592951,0.4250301810865191,0.1759705762157744,0.5318495392517246,0.6245298024353724,0.5608017004887013,0.5918085629759251,0.5748200755238362,0.2713625929992874,0.5731054304208749,0.3988732394366197,0.7215024020963751,0.5137348398465844,0.2785482562854826,4.0
0.7103847188592951,0.4250301810865191,0.1759705762157744,0.5318495392517246,0.6245298024353724,0.5608017004887013,0.5918085629759251,0.5748200755238362,0.2713625929992874,0.5731054304208749,0.3988732394366197,0.7215024020963751,0.5137348398465844,0.2785482562854826,4.0
0.7103847188592951,0.4250301810865191,0.1759705762157744,0.5318495392517246,0.6245298024353724,0.5608017004887013,0.5918085629759251,0.5748200755238362,0.2713625929992874,0.5731054304208749,0.3988732394366197,0.7215024020963751,0.5137348398465844,0.2785482562854826,4.0
0.7103847188592951,0.4250301810865191,0.1759705762157744,0.5318495392517246,0.6245298024353724,0.5608017004887013,0.5918085629759251,0.5748200755238362,0.2713625929992874,0.5731054304208749,0.3988732394366197,0.7215024020963751,0.5137348398465844,0.2785482562854826,4.0
0.7103847188592951,0.4250301810865191,0.1759705762157744,0.5318495392517246,0.6245298024353724,0.5608017004887013,0.5918085629759251,0.5748200755238362,0.2713625929992874,0.5731054304208749,0.3988732394366197,0.7215024020963751,0.5137348398465844,0.2785482562854826,4.0
0.6780714232237778,0.5524919172817666,0.2646479566715903,0.608873949579832,0.6439219803050882,0.6309398851442926,0.6373978822490531,0.6323710939897427,0.2927071101395426,0.6275222402397147,0.3551515890929055,0.6804581580177653,0.4667120926690448,0.2621243221715021,1.0
0.6780714232237778,0.5524919172817666,0.2646479566715903,0.608873949579832,0.6439219803050882,0.6309398851442926,0.6373978822490531,0.6323710939897427,0.2927071101395426,0.6275222402397147,0.3551515890929055,0.6804581580177653,0.4667120926690448,0.2621243221715021,1.0
0.6780714232237778,0.5524919172817666,0.2646479566715903,0.608873949579832,0.6439219803050882,0.6309398851442926,0.6373978822490531,0.6323710939897427,0.2927071101395426,0.6275222402397147,0.3551515890929055,0.6804581580177653,0.4667120926690448,0.2621243221715021,1.0
0.6780714232237778,0.5524919172817666,0.2646479566715903,0.608873949579832,0.6439219803050882,0.6309398851442926,0.6373978822490531,0.6323710939897427,0.2927071101395426,0.6275222402397147,0.3551515890929055,0.6804581580177653,0.4667120926690448,0.2621243221715021,1.0
0.6780714232237778,0.5524919172817666,0.2646479566715903,0.608873949579832,0.6439219803050882,0.6309398851442926,0.6373978822490531,0.6323710939897427,0.2927071101395426,0.6275222402397147,0.3551515890929055,0.6804581580177653,0.4667120926690448,0.2621243221715021,1.0
0.6780714232237778,0.5524919172817666,0.2646479566715903,0.608873949579832,0.6439219803050882,0.6309398851442926,0.6373978822490531,0.6323710939897427,0.2927071101395426,0.6275222402397147,0.3551515890929055,0.6804581580177653,0.4667120926690448,0.2621243221715021,1.0
0.6780714232237778,0.5524919172817666,0.2646479566715903,0.608873949579832,0.6439219803050882,0.6309398851442926,0.6373978822490531,0.6323710939897427,0.2927071101395426,0.6275222402397147,0.3551515890929055,0.6804581580177653,0.4667120926690448,0.2621243221715021,1.0
0.6780714232237778,0.5524919172817666,0.2646479566715903,0.608873949579832,0.6439219803050882,0.6309398851442926,0.6373978822490531,0.6323710939897427,0.2927071101395426,0.6275222402397147,0.3551515890929055,0.6804581580177653,0.4667120926690448,0.2621243221715021,1.0
0.6780714232237778,0.5524919172817666,0.2646479566715903,0.608873949579832,0.6439219803050882,0.6309398851442926,0.6373978822490531,0.6323710939897427,0.2927071101395426,0.6275222402397147,0.3551515890929055,0.6804581580177653,0.4667120926690448,0.2621243221715021,1.0
0.6780714232237778,0.5524919172817666,0.2646479566715903,0.608873949579832,0.6439219803050882,0.6309398851442926,0.6373978822490531,0.6323710939897427,0.2927071101395426,0.6275222402397147,0.3551515890929055,0.6804581580177653,0.4667120926690448,0.2621243221715021,1.0
0.6780714232237778,0.5524919172817666,0.2646479566715903,0.608873949579832,0.6439219803050882,0.6309398851442926,0.6373978822490531,0.6323710939897427,0.2927071101395426,0.6275222402397147,0.3551515890929055,0.6804581580177653,0.4667120926690448,0.2621243221715021,1.0
0.6780714232237778,0.5524919172817666,0.2646479566715903,0.608873949579832,0.6439219803050882,0.6309398851442926,0.6373978822490531,0.6323710939897427,0.2927071101395426,0.6275222402397147,0.3551515890929055,0.6804581580177653,0.4667120926690448,0.2621243221715021,1.0
0.6780714232237778,0.5524919172817666,0.2646479566715903,0.608873949579832,0.6439219803050882,0.6309398851442926,0.6373978822490531,0.6323710939897427,0.2927071101395426,0.6275222402397147,0.3551515890929055,0.6804581580177653,0.4667120926690448,0.2621243221715021,1.0
0.6780714232237778,0.5524919172817666,0.2646479566715903,0.608873949579832,0.6439219803050882,0.6309398851442926,0.6373978822490531,0.6323710939897427,0.2927071101395426,0.6275222402397147,0.3551515890929055,0.6804581580177653,0.4667120926690448,0.2621243221715021,1.0
0.6780714232237778,0.5524919172817666,0.2646479566715903,0.608873949579832,0.6439219803050882,0.6309398851442926,0.6373978822490531,0.6323710939897427,0.2927071101395426,0.6275222402397147,0.3551515890929055,0.6804581580177653,0.4667120926690448,0.2621243221715021,1.0
0.6780714232237778,0.5524919172817666,0.2646479566715903,0.608873949579832,0.6439219803050882,0.6309398851442926,0.6373978822490531,0.6323710939897427,0.2927071101395426,0.6275222402397147,0.3551515890929055,0.6804581580177653,0.4667120926690448,0.2621243221715021,1.0
0.6780714232237778,0.5524919172817666,0.2646479566715903,0.608873949579832,0.6439219803050882,0.6309398851442926,0.6373978822490531,0.6323710939897427,0.2927071101395426,0.6275222402397147,0.3551515890929055,0.6804581580177653,0.4667120926690448,0.2621243221715021,1.0
0.6780714232237778,0.5524919172817666,0.2646479566715903,0.608873949579832,0.6439219803050882,0.6309398851442926,0.6373978822490531,0.6323710939897427,0.2927071101395426,0.6275222402397147,0.3551515890929055,0.6804581580177653,0.4667120926690448,0.2621243221715021,1.0
0.6780714232237778,0.5524919172817666,0.2646479566715903,0.608873949579832,0.6439219803050882,0.6309398851442926,0.6373978822490531,0.6323710939897427,0.2927071101395426,0.6275222402397147,0.3551515890929055,0.6804581580177653,0.4667120926690448,0.2621243221715021,1.0
0.6780714232237778,0.5524919172817666,0.2646479566715903,0.608873949579832,0.6439219803050882,0.6309398851442926,0.6373978822490531,0.6323710939897427,0.2927071101395426,0.6275222402397147,0.3551515890929055,0.6804581580177653,0.4667120926690448,0.2621243221715021,1.0
0.6780714232237778,0.5524919172817666,0.2646479566715903,0.608873949579832,0.6439219803050882,0.6309398851442926,0.6373978822490531,0.6323710939897427,0.2927071101395426,0.6275222402397147,0.3551515890929055,0.6804581580177653,0.4667120926690448,0.2621243221715021,1.0
0.6780714232237778,0.5524919172817666,0.2646479566715903,0.608873949579832,0.6439219803050882,0.6309398851442926,0.6373978822490531,0.6323710939897427,0.2927071101395426,0.6275222402397147,0.3551515890929055,0.6804581580177653,0.4667120926690448,0.2621243221715021,1.0
0.6780714232237778,0.5524919172817666,0.2646479566715903,0.608873949579832,0.6439219803050882,0.6309398851442926,0.6373978822490531,0.6323710939897427,0.2927071101395426,0.6275222402397147,0.3551515890929055,0.6804581580177653,0.4667120926690448,0.2621243221715021,1.0
0.6780714232237778,0.5524919172817666,0.2646479566715903,0.608873949579832,0.6439219803050882,0.6309398851442926,0.6373978822490531,0.6323710939897427,0.2927071101395426,0.6275222402397147,0.3551515890929055,0.6804581580177653,0.4667120926690448,0.2621243221715021,1.0
0.6780714232237778,0.5524919172817666,0.2646479566715903,0.608873949579832,0.6439219803050882,0.6309398851442926,0.6373978822490531,0.6323710939897427,0.2927071101395426,0.6275222402397147,0.3551515890929055,0.6804581580177653,0.4667120926690448,0.2621243221715021,1.0
0.6780714232237778,0.5524919172817666,0.2646479566715903,0.608873949579832,0.6439219803050882,0.6309398851442926,0.6373978822490531,0.6323710939897427,0.2927071101395426,0.6275222402397147,0.3551515890929055,0.6804581580177653,0.4667120926690448,0.2621243221715021,1.0
0.6780714232237778,0.5524919172817666,0.2646479566715903,0.608873949579832,0.6439219803050882,0.6309398851442926,0.6373978822490531,0.6323710939897427,0.2927071101395426,0.6275222402397147,0.3551515890929055,0.6804581580177653,0.4667120926690448,0.2621243221715021,1.0
0.6780714232237778,0.5524919172817666,0.2646479566715903,0.608873949579832,0.6439219803050882,0.6309398851442926,0.6373978822490531,0.6323710939897427,0.2927071101395426,0.6275222402397147,0.3551515890929055,0.6804581580177653,0.4667120926690448,0.2621243221715021,1.0
0.6780714232237778,0.5524919172817666,0.2646479566715903,0.608873949579832,0.6439219803050882,0.6309398851442926,0.6373978822490531,0.6323710939897427,0.2927071101395426,0.6275222402397147,0.3551515890929055,0.6804581580177653,0.4667120926690448,0.2621243221715021,1.0
0.6780714232237778,0.5524919172817666,0.2646479566715903,0.608873949579832,0.6439219803050882,0.6309398851442926,0.6373978822490531,0.6323710939897427,0.2927071101395426,0.6275222402397147,0.3551515890929055,0.6804581580177653,0.4667120926690448,0.2621243221715021,1.0
0.6780714232237778,0.5524919172817666,0.2646479566715903,0.608873949579832,0.6439219803050882,0.6309398851442926,0.6373978822490531,0.6323710939897427,0.2927071101395426,0.6275222402397147,0.3551515890929055,0.6804581580177653,0.4667120926690448,0.2621243221715021,1.0
0.6780714232237778,0.5524919172817666,0.2646479566715903,0.608873949579832,0.6439219803050882,0.6309398851442926,0.6373978822490531,0.6323710939897427,0.2927071101395426,0.6275222402397147,0.3551515890929055,0.6804581580177653,0.4667120926690448,0.2621243221715021,1.0
0.6780714232237778,0.5524919172817666,0.2646479566715903,0.608873949579832,0.6439219803050882,0.6309398851442926,0.6373978822490531,0.6323710939897427,0.2927071101395426,0.6275222402397147,0.3551515890929055,0.6804581580177653,0.4667120926690448,0.2621243221715021,1.0
0.6780714232237778,0.5524919172817666,0.2646479566715903,0.608873949579832,0.6439219803050882,0.6309398851442926,0.6373978822490531,0.6323710939897427,0.2927071101395426,0.6275222402397147,0.3551515890929055,0.6804581580177653,0.4667120926690448,0.2621243221715021,1.0
0.6780714232237778,0.5524919172817666,0.2646479566715903,0.608873949579832,0.6439219803050882,0.6309398851442926,0.6373978822490531,0.6323710939897427,0.2927071101395426,0.6275222402397147,0.3551515890929055,0.6804581580177653,0.4667120926690448,0.2621243221715021,1.0
0.6780714232237778,0.5524919172817666,0.2646479566715903,0.608873949579832,0.6439219803050882,0.6309398851442926,0.6373978822490531,0.6323710939897427,0.2927071101395426,0.6275222402397147,0.3551515890929055,0.6804581580177653,0.4667120926690448,0.2621243221715021,1.0
0.6780714232237778,0.5524919172817666,0.2646479566715903,0.608873949579832,0.6439219803050882,0.6309398851442926,0.6373978822490531,0.6323710939897427,0.2927071101395426,0.6275222402397147,0.3551515890929055,0.6804581580177653,0.4667120926690448,0.2621243221715021,1.0
0.6780714232237778,0.5524919172817666,0.2646479566715903,0.608873949579832,0.6439219803050882,0.6309398851442926,0.6373978822490531,0.6323710939897427,0.2927071101395426,0.6275222402397147,0.3551515890929055,0.6804581580177653,0.4667120926690448,0.2621243221715021,1.0
0.6780714232237778,0.5524919172817666,0.2646479566715903,0.608873949579832,0.6439219803050882,0.6309398851442926,0.6373978822490531,0.6323710939897427,0.2927071101395426,0.6275222402397147,0.3551515890929055,0.6804581580177653,0.4667120926690448,0.2621243221715021,1.0
0.6780714232237778,0.5524919172817666,0.2646479566715903,0.608873949579832,0.6439219803050882,0.6309398851442926,0.6373978822490531,0.6323710939897427,0.2927071101395426,0.6275222402397147,0.3551515890929055,0.6804581580177653,0.4667120926690448,0.2621243221715021,1.0
0.6780714232237778,0.5524919172817666,0.2646479566715903,0.608873949579832,0.6439219803050882,0.6309398851442926,0.6373978822490531,0.6323710939897427,0.2927071101395426,0.6275222402397147,0.3551515890929055,0.6804581580177653,0.4667120926690448,0.2621243221715021,1.0
0.6780714232237778,0.5524919172817666,0.2646479566715903,0.608873949579832,0.6439219803050882,0.6309398851442926,0.6373978822490531,0.6323710939897427,0.2927071101395426,0.6275222402397147,0.3551515890929055,0.6804581580177653,0.4667120926690448,0.2621243221715021,1.0
0.6780714232237778,0.5524919172817666,0.2646479566715903,0.608873949579832,0.6439219803050882,0.6309398851442926,0.6373978822490531,0.6323710939897427,0.2927071101395426,0.6275222402397147,0.3551515890929055,0.6804581580177653,0.4667120926690448,0.2621243221715021,1.0
0.6780714232237778,0.5524919172817666,0.2646479566715903,0.608873949579832,0.6439219803050882,0.6309398851442926,0.6373978822490531,0.6323710939897427,0.2927071101395426,0.6275222402397147,0.3551515890929055,0.6804581580177653,0.4667120926690448,0.2621243221715021,1.0
0.6780714232237778,0.5524919172817666,0.2646479566715903,0.608873949579832,0.6439219803050882,0.6309398851442926,0.6373978822490531,0.6323710939897427,0.2927071101395426,0.6275222402397147,0.3551515890929055,0.6804581580177653,0.4667120926690448,0.2621243221715021,1.0
0.6780714232237778,0.5524919172817666,0.2646479566715903,0.608873949579832,0.6439219803050882,0.6309398851442926,0.6373978822490531,0.6323710939897427,0.2927071101395426,0.6275222402397147,0.3551515890929055,0.6804581580177653,0.4667120926690448,0.2621243221715021,1.0
0.6780714232237778,0.5524919172817666,0.2646479566715903,0.608873949579832,0.6439219803050882,0.6309398851442926,0.6373978822490531,0.6323710939897427,0.2927071101395426,0.6275222402397147,0.3551515890929055,0.6804581580177653,0.4667120926690448,0.2621243221715021,1.0
0.6780714232237778,0.5524919172817666,0.2646479566715903,0.608873949579832,0.6439219803050882,0.6309398851442926,0.6373978822490531,0.6323710939897427,0.2927071101395426,0.6275222402397147,0.3551515890929055,0.6804581580177653,0.4667120926690448,0.2621243221715021,1.0
0.6780714232237778,0.5524919172817666,0.2646479566715903,0.608873949579832,0.6439219803050882,0.6309398851442926,0.6373978822490531,0.6323710939897427,0.2927071101395426,0.6275222402397147,0.3551515890929055,0.6804581580177653,0.4667120926690448,0.2621243221715021,1.0
0.6780714232237778,0.5524919172817666,0.2646479566715903,0.608873949579832,0.6439219803050882,0.6309398851442926,0.6373978822490531,0.6323710939897427,0.2927071101395426,0.6275222402397147,0.3551515890929055,0.6804581580177653,0.4667120926690448,0.2621243221715021,1.0
0.5771084337349398,0.57951337545369,0.2709727225939269,0.5783084043195386,0.6542703264298815,0.645728594528709,0.6499854293193095,0.6462803244005823,0.3083099649272401,0.6354278953548741,0.3778733700766232,0.5804253561841833,0.457743038593063,0.2536000418913965,1.0
0.5771084337349398,0.57951337545369,0.2709727225939269,0.5783084043195386,0.6542703264298815,0.645728594528709,0.6499854293193095,0.6462803244005823,0.3083099649272401,0.6354278953548741,0.3778733700766232,0.5804253561841833,0.457743038593063,0.2536000418913965,1.0
0.5771084337349398,0.57951337545369,0.2709727225939269,0.5783084043195386,0.6542703264298815,0.645728594528709,0.6499854293193095,0.6462803244005823,0.3083099649272401,0.6354278953548741,0.3778733700766232,0.5804253561841833,0.457743038593063,0.2536000418913965,1.0
0.5771084337349398,0.57951337545369,0.2709727225939269,0.5783084043195386,0.6542703264298815,0.645728594528709,0.6499854293193095,0.6462803244005823,0.3083099649272401,0.6354278953548741,0.3778733700766232,0.5804253561841833,0.457743038593063,0.2536000418913965,1.0
0.5771084337349398,0.57951337545369,0.2709727225939269,0.5783084043195386,0.6542703264298815,0.645728594528709,0.6499854293193095,0.6462803244005823,0.3083099649272401,0.6354278953548741,0.3778733700766232,0.5804253561841833,0.457743038593063,0.2536000418913965,1.0
0.5771084337349398,0.57951337545369,0.2709727225939269,0.5783084043195386,0.6542703264298815,0.645728594528709,0.6499854293193095,0.6462803244005823,0.3083099649272401,0.6354278953548741,0.3778733700766232,0.5804253561841833,0.457743038593063,0.2536000418913965,1.0
0.5771084337349398,0.57951337545369,0.2709727225939269,0.5783084043195386,0.6542703264298815,0.645728594528709,0.6499854293193095,0.6462803244005823,0.3083099649272401,0.6354278953548741,0.3778733700766232,0.5804253561841833,0.457743038593063,0.2536000418913965,1.0
0.5771084337349398,0.57951337545369,0.2709727225939269,0.5783084043195386,0.6542703264298815,0.645728594528709,0.6499854293193095,0.6462803244005823,0.3083099649272401,0.6354278953548741,0.3778733700766232,0.5804253561841833,0.457743038593063,0.2536000418913965,1.0
0.5771084337349398,0.57951337545369,0.2709727225939269,0.5783084043195386,0.6542703264298815,0.645728594528709,0.6499854293193095,0.6462803244005823,0.3083099649272401,0.6354278953548741,0.3778733700766232,0.5804253561841833,0.457743038593063,0.2536000418913965,1.0
0.5771084337349398,0.57951337545369,0.2709727225939269,0.5783084043195386,0.6542703264298815,0.645728594528709,0.6499854293193095,0.6462803244005823,0.3083099649272401,0.6354278953548741,0.3778733700766232,0.5804253561841833,0.457743038593063,0.2536000418913965,1.0
0.5771084337349398,0.57951337545369,0.2709727225939269,0.5783084043195386,0.6542703264298815,0.645728594528709,0.6499854293193095,0.6462803244005823,0.3083099649272401,0.6354278953548741,0.3778733700766232,0.5804253561841833,0.457743038593063,0.2536000418913965,1.0
0.5771084337349398,0.57951337545369,0.2709727225939269,0.5783084043195386,0.6542703264298815,0.645728594528709,0.6499854293193095,0.6462803244005823,0.3083099649272401,0.6354278953548741,0.3778733700766232,0.5804253561841833,0.457743038593063,0.2536000418913965,1.0
0.5771084337349398,0.57951337545369,0.2709727225939269,0.5783084043195386,0.6542703264298815,0.645728594528709,0.6499854293193095,0.6462803244005823,0.3083099649272401,0.6354278953548741,0.3778733700766232,0.5804253561841833,0.457743038593063,0.2536000418913965,1.0
0.5771084337349398,0.57951337545369,0.2709727225939269,0.5783084043195386,0.6542703264298815,0.645728594528709,0.6499854293193095,0.6462803244005823,0.3083099649272401,0.6354278953548741,0.3778733700766232,0.5804253561841833,0.457743038593063,0.2536000418913965,1.0
0.5771084337349398,0.57951337545369,0.2709727225939269,0.5783084043195386,0.6542703264298815,0.645728594528709,0.6499854293193095,0.6462803244005823,0.3083099649272401,0.6354278953548741,0.3778733700766232,0.5804253561841833,0.457743038593063,0.2536000418913965,1.0
0.5771084337349398,0.57951337545369,0.2709727225939269,0.5783084043195386,0.6542703264298815,0.645728594528709,0.6499854293193095,0.6462803244005823,0.3083099649272401,0.6354278953548741,0.3778733700766232,0.5804253561841833,0.457743038593063,0.2536000418913965,1.0
0.5771084337349398,0.57951337545369,0.2709727225939269,0.5783084043195386,0.6542703264298815,0.645728594528709,0.6499854293193095,0.6462803244005823,0.3083099649272401,0.6354278953548741,0.3778733700766232,0.5804253561841833,0.457743038593063,0.2536000418913965,1.0
0.5771084337349398,0.57951337545369,0.2709727225939269,0.5783084043195386,0.6542703264298815,0.645728594528709,0.6499854293193095,0.6462803244005823,0.3083099649272401,0.6354278953548741,0.3778733700766232,0.5804253561841833,0.457743038593063,0.2536000418913965,1.0
0.5771084337349398,0.57951337545369,0.2709727225939269,0.5783084043195386,0.6542703264298815,0.645728594528709,0.6499854293193095,0.6462803244005823,0.3083099649272401,0.6354278953548741,0.3778733700766232,0.5804253561841833,0.457743038593063,0.2536000418913965,1.0
0.5771084337349398,0.57951337545369,0.2709727225939269,0.5783084043195386,0.6542703264298815,0.645728594528709,0.6499854293193095,0.6462803244005823,0.3083099649272401,0.6354278953548741,0.3778733700766232,0.5804253561841833,0.457743038593063,0.2536000418913965,1.0
0.5771084337349398,0.57951337545369,0.2709727225939269,0.5783084043195386,0.6542703264298815,0.645728594528709,0.6499854293193095,0.6462803244005823,0.3083099649272401,0.6354278953548741,0.3778733700766232,0.5804253561841833,0.457743038593063,0.2536000418913965,1.0
0.5771084337349398,0.57951337545369,0.2709727225939269,0.5783084043195386,0.6542703264298815,0.645728594528709,0.6499854293193095,0.6462803244005823,0.3083099649272401,0.6354278953548741,0.3778733700766232,0.5804253561841833,0.457743038593063,0.2536000418913965,1.0
0.5771084337349398,0.57951337545369,0.2709727225939269,0.5783084043195386,0.6542703264298815,0.645728594528709,0.6499854293193095,0.6462803244005823,0.3083099649272401,0.6354278953548741,0.3778733700766232,0.5804253561841833,0.457743038593063,0.2536000418913965,1.0
0.5771084337349398,0.57951337545369,0.2709727225939269,0.5783084043195386,0.6542703264298815,0.645728594528709,0.6499854293193095,0.6462803244005823,0.3083099649272401,0.6354278953548741,0.3778733700766232,0.5804253561841833,0.457743038593063,0.2536000418913965,1.0
0.5771084337349398,0.57951337545369,0.2709727225939269,0.5783084043195386,0.6542703264298815,0.645728594528709,0.6499854293193095,0.6462803244005823,0.3083099649272401,0.6354278953548741,0.3778733700766232,0.5804253561841833,0.457743038593063,0.2536000418913965,1.0
0.5771084337349398,0.57951337545369,0.2709727225939269,0.5783084043195386,0.6542703264298815,0.645728594528709,0.6499854293193095,0.6462803244005823,0.3083099649272401,0.6354278953548741,0.3778733700766232,0.5804253561841833,0.457743038593063,0.2536000418913965,1.0
0.5771084337349398,0.57951337545369,0.2709727225939269,0.5783084043195386,0.6542703264298815,0.645728594528709,0.6499854293193095,0.6462803244005823,0.3083099649272401,0.6354278953548741,0.3778733700766232,0.5804253561841833,0.457743038593063,0.2536000418913965,1.0
0.5771084337349398,0.57951337545369,0.2709727225939269,0.5783084043195386,0.6542703264298815,0.645728594528709,0.6499854293193095,0.6462803244005823,0.3083099649272401,0.6354278953548741,0.3778733700766232,0.5804253561841833,0.457743038593063,0.2536000418913965,1.0
0.5771084337349398,0.57951337545369,0.2709727225939269,0.5783084043195386,0.6542703264298815,0.645728594528709,0.6499854293193095,0.6462803244005823,0.3083099649272401,0.6354278953548741,0.3778733700766232,0.5804253561841833,0.457743038593063,0.2536000418913965,1.0
0.5771084337349398,0.57951337545369,0.2709727225939269,0.5783084043195386,0.6542703264298815,0.645728594528709,0.6499854293193095,0.6462803244005823,0.3083099649272401,0.6354278953548741,0.3778733700766232,0.5804253561841833,0.457743038593063,0.2536000418913965,1.0
0.5771084337349398,0.57951337545369,0.2709727225939269,0.5783084043195386,0.6542703264298815,0.645728594528709,0.6499854293193095,0.6462803244005823,0.3083099649272401,0.6354278953548741,0.3778733700766232,0.5804253561841833,0.457743038593063,0.2536000418913965,1.0
0.5771084337349398,0.57951337545369,0.2709727225939269,0.5783084043195386,0.6542703264298815,0.645728594528709,0.6499854293193095,0.6462803244005823,0.3083099649272401,0.6354278953548741,0.3778733700766232,0.5804253561841833,0.457743038593063,0.2536000418913965,1.0
0.5771084337349398,0.57951337545369,0.2709727225939269,0.5783084043195386,0.6542703264298815,0.645728594528709,0.6499854293193095,0.6462803244005823,0.3083099649272401,0.6354278953548741,0.3778733700766232,0.5804253561841833,0.457743038593063,0.2536000418913965,1.0
0.5771084337349398,0.57951337545369,0.2709727225939269,0.5783084043195386,0.6542703264298815,0.645728594528709,0.6499854293193095,0.6462803244005823,0.3083099649272401,0.6354278953548741,0.3778733700766232,0.5804253561841833,0.457743038593063,0.2536000418913965,1.0
0.5771084337349398,0.57951337545369,0.2709727225939269,0.5783084043195386,0.6542703264298815,0.645728594528709,0.6499854293193095,0.6462803244005823,0.3083099649272401,0.6354278953548741,0.3778733700766232,0.5804253561841833,0.457743038593063,0.2536000418913965,1.0
0.5771084337349398,0.57951337545369,0.2709727225939269,0.5783084043195386,0.6542703264298815,0.645728594528709,0.6499854293193095,0.6462803244005823,0.3083099649272401,0.6354278953548741,0.3778733700766232,0.5804253561841833,0.457743038593063,0.2536000418913965,1.0
0.5771084337349398,0.57951337545369,0.2709727225939269,0.5783084043195386,0.6542703264298815,0.645728594528709,0.6499854293193095,0.6462803244005823,0.3083099649272401,0.6354278953548741,0.3778733700766232,0.5804253561841833,0.457743038593063,0.2536000418913965,1.0
0.5771084337349398,0.57951337545369,0.2709727225939269,0.5783084043195386,0.6542703264298815,0.645728594528709,0.6499854293193095,0.6462803244005823,0.3083099649272401,0.6354278953548741,0.3778733700766232,0.5804253561841833,0.457743038593063,0.2536000418913965,1.0
0.5771084337349398,0.57951337545369,0.2709727225939269,0.5783084043195386,0.6542703264298815,0.645728594528709,0.6499854293193095,0.6462803244005823,0.3083099649272401,0.6354278953548741,0.3778733700766232,0.5804253561841833,0.457743038593063,0.2536000418913965,1.0
0.5771084337349398,0.57951337545369,0.2709727225939269,0.5783084043195386,0.6542703264298815,0.645728594528709,0.6499854293193095,0.6462803244005823,0.3083099649272401,0.6354278953548741,0.3778733700766232,0.5804253561841833,0.457743038593063,0.2536000418913965,1.0
0.5771084337349398,0.57951337545369,0.2709727225939269,0.5783084043195386,0.6542703264298815,0.645728594528709,0.6499854293193095,0.6462803244005823,0.3083099649272401,0.6354278953548741,0.3778733700766232,0.5804253561841833,0.457743038593063,0.2536000418913965,1.0
0.5771084337349398,0.57951337545369,0.2709727225939269,0.5783084043195386,0.6542703264298815,0.645728594528709,0.6499854293193095,0.6462803244005823,0.3083099649272401,0.6354278953548741,0.3778733700766232,0.5804253561841833,0.457743038593063,0.2536000418913965,1.0
0.5771084337349398,0.57951337545369,0.2709727225939269,0.5783084043195386,0.6542703264298815,0.645728594528709,0.6499854293193095,0.6462803244005823,0.3083099649272401,0.6354278953548741,0.3778733700766232,0.5804253561841833,0.457743038593063,0.2536000418913965,1.0
0.5771084337349398,0.57951337545369,0.2709727225939269,0.5783084043195386,0.6542703264298815,0.645728594528709,0.6499854293193095,0.6462803244005823,0.3083099649272401,0.6354278953548741,0.3778733700766232,0.5804253561841833,0.457743038593063,0.2536000418913965,1.0
0.5771084337349398,0.57951337545369,0.2709727225939269,0.5783084043195386,0.6542703264298815,0.645728594528709,0.6499854293193095,0.6462803244005823,0.3083099649272401,0.6354278953548741,0.3778733700766232,0.5804253561841833,0.457743038593063,0.2536000418913965,1.0
0.5771084337349398,0.57951337545369,0.2709727225939269,0.5783084043195386,0.6542703264298815,0.645728594528709,0.6499854293193095,0.6462803244005823,0.3083099649272401,0.6354278953548741,0.3778733700766232,0.5804253561841833,0.457743038593063,0.2536000418913965,1.0
0.5771084337349398,0.57951337545369,0.2709727225939269,0.5783084043195386,0.6542703264298815,0.645728594528709,0.6499854293193095,0.6462803244005823,0.3083099649272401,0.6354278953548741,0.3778733700766232,0.5804253561841833,0.457743038593063,0.2536000418913965,1.0
0.5771084337349398,0.57951337545369,0.2709727225939269,0.5783084043195386,0.6542703264298815,0.645728594528709,0.6499854293193095,0.6462803244005823,0.3083099649272401,0.6354278953548741,0.3778733700766232,0.5804253561841833,0.457743038593063,0.2536000418913965,1.0
0.5771084337349398,0.57951337545369,0.2709727225939269,0.5783084043195386,0.6542703264298815,0.645728594528709,0.6499854293193095,0.6462803244005823,0.3083099649272401,0.6354278953548741,0.3778733700766232,0.5804253561841833,0.457743038593063,0.2536000418913965,1.0
0.5771084337349398,0.57951337545369,0.2709727225939269,0.5783084043195386,0.6542703264298815,0.645728594528709,0.6499854293193095,0.6462803244005823,0.3083099649272401,0.6354278953548741,0.3778733700766232,0.5804253561841833,0.457743038593063,0.2536000418913965,1.0
0.5010965741511003,0.6631968771894705,0.3941919870933046,0.5708624106142843,0.634502445048083,0.63320478190692,0.6338532813956861,0.6333778060294953,0.260312981908756,0.6634914823047163,0.4140226203583225,0.5039288542364622,0.4545729278276875,0.3071296278974052,3.0
0.5010965741511003,0.6631968771894705,0.3941919870933046,0.5708624106142843,0.634502445048083,0.63320478190692,0.6338532813956861,0.6333778060294953,0.260312981908756,0.6634914823047163,0.4140226203583225,0.5039288542364622,0.4545729278276875,0.3071296278974052,3.0
0.5010965741511003,0.6631968771894705,0.3941919870933046,0.5708624106142843,0.634502445048083,0.63320478190692,0.6338532813956861,0.6333778060294953,0.260312981908756,0.6634914823047163,0.4140226203583225,0.5039288542364622,0.4545729278276875,0.3071296278974052,3.0
0.5010965741511003,0.6631968771894705,0.3941919870933046,0.5708624106142843,0.634502445048083,0.63320478190692,0.6338532813956861,0.6333778060294953,0.260312981908756,0.6634914823047163,0.4140226203583225,0.5039288542364622,0.4545729278276875,0.3071296278974052,3.0
0.5010965741511003,0.6631968771894705,0.3941919870933046,0.5708624106142843,0.634502445048083,0.63320478190692,0.6338532813956861,0.6333778060294953,0.260312981908756,0.6634914823047163,0.4140226203583225,0.5039288542364622,0.4545729278276875,0.3071296278974052,3.0
0.5010965741511003,0.6631968771894705,0.3941919870933046,0.5708624106142843,0.634502445048083,0.63320478190692,0.6338532813956861,0.6333778060294953,0.260312981908756,0.6634914823047163,0.4140226203583225,0.5039288542364622,0.4545729278276875,0.3071296278974052,3.0
0.5010965741511003,0.6631968771894705,0.3941919870933046,0.5708624106142843,0.634502445048083,0.63320478190692,0.6338532813956861,0.6333778060294953,0.260312981908756,0.6634914823047163,0.4140226203583225,0.5039288542364622,0.4545729278276875,0.3071296278974052,3.0
0.5010965741511003,0.6631968771894705,0.3941919870933046,0.5708624106142843,0.634502445048083,0.63320478190692,0.6338532813956861,0.6333778060294953,0.260312981908756,0.6634914823047163,0.4140226203583225,0.5039288542364622,0.4545729278276875,0.3071296278974052,3.0
0.5010965741511003,0.6631968771894705,0.3941919870933046,0.5708624106142843,0.634502445048083,0.63320478190692,0.6338532813956861,0.6333778060294953,0.260312981908756,0.6634914823047163,0.4140226203583225,0.5039288542364622,0.4545729278276875,0.3071296278974052,3.0
0.5010965741511003,0.6631968771894705,0.3941919870933046,0.5708624106142843,0.634502445048083,0.63320478190692,0.6338532813956861,0.6333778060294953,0.260312981908756,0.6634914823047163,0.4140226203583225,0.5039288542364622,0.4545729278276875,0.3071296278974052,3.0
0.5010965741511003,0.6631968771894705,0.3941919870933046,0.5708624106142843,0.634502445048083,0.63320478190692,0.6338532813956861,0.6333778060294953,0.260312981908756,0.6634914823047163,0.4140226203583225,0.5039288542364622,0.4545729278276875,0.3071296278974052,3.0
0.5010965741511003,0.6631968771894705,0.3941919870933046,0.5708624106142843,0.634502445048083,0.63320478190692,0.6338532813956861,0.6333778060294953,0.260312981908756,0.6634914823047163,0.4140226203583225,0.5039288542364622,0.4545729278276875,0.3071296278974052,3.0
0.5010965741511003,0.6631968771894705,0.3941919870933046,0.5708624106142843,0.634502445048083,0.63320478190692,0.6338532813956861,0.6333778060294953,0.260312981908756,0.6634914823047163,0.4140226203583225,0.5039288542364622,0.4545729278276875,0.3071296278974052,3.0
0.5010965741511003,0.6631968771894705,0.3941919870933046,0.5708624106142843,0.634502445048083,0.63320478190692,0.6338532813956861,0.6333778060294953,0.260312981908756,0.6634914823047163,0.4140226203583225,0.5039288542364622,0.4545729278276875,0.3071296278974052,3.0
0.5010965741511003,0.6631968771894705,0.3941919870933046,0.5708624106142843,0.634502445048083,0.63320478190692,0.6338532813956861,0.6333778060294953,0.260312981908756,0.6634914823047163,0.4140226203583225,0.5039288542364622,0.4545729278276875,0.3071296278974052,3.0
0.5010965741511003,0.6631968771894705,0.3941919870933046,0.5708624106142843,0.634502445048083,0.63320478190692,0.6338532813956861,0.6333778060294953,0.260312981908756,0.6634914823047163,0.4140226203583225,0.5039288542364622,0.4545729278276875,0.3071296278974052,3.0
0.5010965741511003,0.6631968771894705,0.3941919870933046,0.5708624106142843,0.634502445048083,0.63320478190692,0.6338532813956861,0.6333778060294953,0.260312981908756,0.6634914823047163,0.4140226203583225,0.5039288542364622,0.4545729278276875,0.3071296278974052,3.0
0.5010965741511003,0.6631968771894705,0.3941919870933046,0.5708624106142843,0.634502445048083,0.63320478190692,0.6338532813956861,0.6333778060294953,0.260312981908756,0.6634914823047163,0.4140226203583225,0.5039288542364622,0.4545729278276875,0.3071296278974052,3.0
0.5010965741511003,0.6631968771894705,0.3941919870933046,0.5708624106142843,0.634502445048083,0.63320478190692,0.6338532813956861,0.6333778060294953,0.260312981908756,0.6634914823047163,0.4140226203583225,0.5039288542364622,0.4545729278276875,0.3071296278974052,3.0
0.5010965741511003,0.6631968771894705,0.3941919870933046,0.5708624106142843,0.634502445048083,0.63320478190692,0.6338532813956861,0.6333778060294953,0.260312981908756,0.6634914823047163,0.4140226203583225,0.5039288542364622,0.4545729278276875,0.3071296278974052,3.0
0.5010965741511003,0.6631968771894705,0.3941919870933046,0.5708624106142843,0.634502445048083,0.63320478190692,0.6338532813956861,0.6333778060294953,0.260312981908756,0.6634914823047163,0.4140226203583225,0.5039288542364622,0.4545729278276875,0.3071296278974052,3.0
0.5010965741511003,0.6631968771894705,0.3941919870933046,0.5708624106142843,0.634502445048083,0.63320478190692,0.6338532813956861,0.6333778060294953,0.260312981908756,0.6634914823047163,0.4140226203583225,0.5039288542364622,0.4545729278276875,0.3071296278974052,3.0
0.5010965741511003,0.6631968771894705,0.3941919870933046,0.5708624106142843,0.634502445048083,0.63320478190692,0.6338532813956861,0.6333778060294953,0.260312981908756,0.6634914823047163,0.4140226203583225,0.5039288542364622,0.4545729278276875,0.3071296278974052,3.0
0.5010965741511003,0.6631968771894705,0.3941919870933046,0.5708624106142843,0.634502445048083,0.63320478190692,0.6338532813956861,0.6333778060294953,0.260312981908756,0.6634914823047163,0.4140226203583225,0.5039288542364622,0.4545729278276875,0.3071296278974052,3.0
0.5010965741511003,0.6631968771894705,0.3941919870933046,0.5708624106142843,0.634502445048083,0.63320478190692,0.6338532813956861,0.6333778060294953,0.260312981908756,0.6634914823047163,0.4140226203583225,0.5039288542364622,0.4545729278276875,0.3071296278974052,3.0
0.5010965741511003,0.6631968771894705,0.3941919870933046,0.5708624106142843,0.634502445048083,0.63320478190692,0.6338532813956861,0.6333778060294953,0.260312981908756,0.6634914823047163,0.4140226203583225,0.5039288542364622,0.4545729278276875,0.3071296278974052,3.0
0.5010965741511003,0.6631968771894705,0.3941919870933046,0.5708624106142843,0.634502445048083,0.63320478190692,0.6338532813956861,0.6333778060294953,0.260312981908756,0.6634914823047163,0.4140226203583225,0.5039288542364622,0.4545729278276875,0.3071296278974052,3.0
0.5010965741511003,0.6631968771894705,0.3941919870933046,0.5708624106142843,0.634502445048083,0.63320478190692,0.6338532813956861,0.6333778060294953,0.260312981908756,0.6634914823047163,0.4140226203583225,0.5039288542364622,0.4545729278276875,0.3071296278974052,3.0
0.5010965741511003,0.6631968771894705,0.3941919870933046,0.5708624106142843,0.634502445048083,0.63320478190692,0.6338532813956861,0.6333778060294953,0.260312981908756,0.6634914823047163,0.4140226203583225,0.5039288542364622,0.4545729278276875,0.3071296278974052,3.0
0.5010965741511003,0.6631968771894705,0.3941919870933046,0.5708624106142843,0.634502445048083,0.63320478190692,0.6338532813956861,0.6333778060294953,0.260312981908756,0.6634914823047163,0.4140226203583225,0.5039288542364622,0.4545729278276875,0.3071296278974052,3.0
0.5010965741511003,0.6631968771894705,0.3941919870933046,0.5708624106142843,0.634502445048083,0.63320478190692,0.6338532813956861,0.6333778060294953,0.260312981908756,0.6634914823047163,0.4140226203583225,0.5039288542364622,0.4545729278276875,0.3071296278974052,3.0
0.5010965741511003,0.6631968771894705,0.3941919870933046,0.5708624106142843,0.634502445048083,0.63320478190692,0.6338532813956861,0.6333778060294953,0.260312981908756,0.6634914823047163,0.4140226203583225,0.5039288542364622,0.4545729278276875,0.3071296278974052,3.0
0.5010965741511003,0.6631968771894705,0.3941919870933046,0.5708624106142843,0.634502445048083,0.63320478190692,0.6338532813956861,0.6333778060294953,0.260312981908756,0.6634914823047163,0.4140226203583225,0.5039288542364622,0.4545729278276875,0.3071296278974052,3.0
0.5010965741511003,0.6631968771894705,0.3941919870933046,0.5708624106142843,0.634502445048083,0.63320478190692,0.6338532813956861,0.6333778060294953,0.260312981908756,0.6634914823047163,0.4140226203583225,0.5039288542364622,0.4545729278276875,0.3071296278974052,3.0
0.5010965741511003,0.6631968771894705,0.3941919870933046,0.5708624106142843,0.634502445048083,0.63320478190692,0.6338532813956861,0.6333778060294953,0.260312981908756,0.6634914823047163,0.4140226203583225,0.5039288542364622,0.4545729278276875,0.3071296278974052,3.0
0.5010965741511003,0.6631968771894705,0.3941919870933046,0.5708624106142843,0.634502445048083,0.63320478190692,0.6338532813956861,0.6333778060294953,0.260312981908756,0.6634914823047163,0.4140226203583225,0.5039288542364622,0.4545729278276875,0.3071296278974052,3.0
0.5010965741511003,0.6631968771894705,0.3941919870933046,0.5708624106142843,0.634502445048083,0.63320478190692,0.6338532813956861,0.6333778060294953,0.260312981908756,0.6634914823047163,0.4140226203583225,0.5039288542364622,0.4545729278276875,0.3071296278974052,3.0
0.5010965741511003,0.6631968771894705,0.3941919870933046,0.5708624106142843,0.634502445048083,0.63320478190692,0.6338532813956861,0.6333778060294953,0.260312981908756,0.6634914823047163,0.4140226203583225,0.5039288542364622,0.4545729278276875,0.3071296278974052,3.0
0.5010965741511003,0.6631968771894705,0.3941919870933046,0.5708624106142843,0.634502445048083,0.63320478190692,0.6338532813956861,0.6333778060294953,0.260312981908756,0.6634914823047163,0.4140226203583225,0.5039288542364622,0.4545729278276875,0.3071296278974052,3.0
0.5010965741511003,0.6631968771894705,0.3941919870933046,0.5708624106142843,0.634502445048083,0.63320478190692,0.6338532813956861,0.6333778060294953,0.260312981908756,0.6634914823047163,0.4140226203583225,0.5039288542364622,0.4545729278276875,0.3071296278974052,3.0
0.5010965741511003,0.6631968771894705,0.3941919870933046,0.5708624106142843,0.634502445048083,0.63320478190692,0.6338532813956861,0.6333778060294953,0.260312981908756,0.6634914823047163,0.4140226203583225,0.5039288542364622,0.4545729278276875,0.3071296278974052,3.0
0.5010965741511003,0.6631968771894705,0.3941919870933046,0.5708624106142843,0.634502445048083,0.63320478190692,0.6338532813956861,0.6333778060294953,0.260312981908756,0.6634914823047163,0.4140226203583225,0.5039288542364622,0.4545729278276875,0.3071296278974052,3.0
0.5010965741511003,0.6631968771894705,0.3941919870933046,0.5708624106142843,0.634502445048083,0.63320478190692,0.6338532813956861,0.6333778060294953,0.260312981908756,0.6634914823047163,0.4140226203583225,0.5039288542364622,0.4545729278276875,0.3071296278974052,3.0
0.5010965741511003,0.6631968771894705,0.3941919870933046,0.5708624106142843,0.634502445048083,0.63320478190692,0.6338532813956861,0.6333778060294953,0.260312981908756,0.6634914823047163,0.4140226203583225,0.5039288542364622,0.4545729278276875,0.3071296278974052,3.0
0.5010965741511003,0.6631968771894705,0.3941919870933046,0.5708624106142843,0.634502445048083,0.63320478190692,0.6338532813956861,0.6333778060294953,0.260312981908756,0.6634914823047163,0.4140226203583225,0.5039288542364622,0.4545729278276875,0.3071296278974052,3.0
0.5010965741511003,0.6631968771894705,0.3941919870933046,0.5708624106142843,0.634502445048083,0.63320478190692,0.6338532813956861,0.6333778060294953,0.260312981908756,0.6634914823047163,0.4140226203583225,0.5039288542364622,0.4545729278276875,0.3071296278974052,3.0
0.5010965741511003,0.6631968771894705,0.3941919870933046,0.5708624106142843,0.634502445048083,0.63320478190692,0.6338532813956861,0.6333778060294953,0.260312981908756,0.6634914823047163,0.4140226203583225,0.5039288542364622,0.4545729278276875,0.3071296278974052,3.0
0.5010965741511003,0.6631968771894705,0.3941919870933046,0.5708624106142843,0.634502445048083,0.63320478190692,0.6338532813956861,0.6333778060294953,0.260312981908756,0.6634914823047163,0.4140226203583225,0.5039288542364622,0.4545729278276875,0.3071296278974052,3.0
0.5010965741511003,0.6631968771894705,0.3941919870933046,0.5708624106142843,0.634502445048083,0.63320478190692,0.6338532813956861,0.6333778060294953,0.260312981908756,0.6634914823047163,0.4140226203583225,0.5039288542364622,0.4545729278276875,0.3071296278974052,3.0
0.5010965741511003,0.6631968771894705,0.3941919870933046,0.5708624106142843,0.634502445048083,0.63320478190692,0.6338532813956861,0.6333778060294953,0.260312981908756,0.6634914823047163,0.4140226203583225,0.5039288542364622,0.4545729278276875,0.3071296278974052,3.0
0.1360863444392304,0.5697445972495089,0.3097240915208614,0.2196969696969697,0.6300102528643238,0.6242453478803636,0.627121176063674,0.6251342077060044,0.14902934203748,0.5819306075630992,0.4911591355599214,0.1345532831001076,0.2112378538234051,0.2879280954594762,6.0
0.1360863444392304,0.5697445972495089,0.3097240915208614,0.2196969696969697,0.6300102528643238,0.6242453478803636,0.627121176063674,0.6251342077060044,0.14902934203748,0.5819306075630992,0.4911591355599214,0.1345532831001076,0.2112378538234051,0.2879280954594762,6.0
0.1360863444392304,0.5697445972495089,0.3097240915208614,0.2196969696969697,0.6300102528643238,0.6242453478803636,0.627121176063674,0.6251342077060044,0.14902934203748,0.5819306075630992,0.4911591355599214,0.1345532831001076,0.2112378538234051,0.2879280954594762,6.0
0.1360863444392304,0.5697445972495089,0.3097240915208614,0.2196969696969697,0.6300102528643238,0.6242453478803636,0.627121176063674,0.6251342077060044,0.14902934203748,0.5819306075630992,0.4911591355599214,0.1345532831001076,0.2112378538234051,0.2879280954594762,6.0
0.1360863444392304,0.5697445972495089,0.3097240915208614,0.2196969696969697,0.6300102528643238,0.6242453478803636,0.627121176063674,0.6251342077060044,0.14902934203748,0.5819306075630992,0.4911591355599214,0.1345532831001076,0.2112378538234051,0.2879280954594762,6.0
0.1360863444392304,0.5697445972495089,0.3097240915208614,0.2196969696969697,0.6300102528643238,0.6242453478803636,0.627121176063674,0.6251342077060044,0.14902934203748,0.5819306075630992,0.4911591355599214,0.1345532831001076,0.2112378538234051,0.2879280954594762,6.0
0.1360863444392304,0.5697445972495089,0.3097240915208614,0.2196969696969697,0.6300102528643238,0.6242453478803636,0.627121176063674,0.6251342077060044,0.14902934203748,0.5819306075630992,0.4911591355599214,0.1345532831001076,0.2112378538234051,0.2879280954594762,6.0
0.1360863444392304,0.5697445972495089,0.3097240915208614,0.2196969696969697,0.6300102528643238,0.6242453478803636,0.627121176063674,0.6251342077060044,0.14902934203748,0.5819306075630992,0.4911591355599214,0.1345532831001076,0.2112378538234051,0.2879280954594762,6.0
0.1360863444392304,0.5697445972495089,0.3097240915208614,0.2196969696969697,0.6300102528643238,0.6242453478803636,0.627121176063674,0.6251342077060044,0.14902934203748,0.5819306075630992,0.4911591355599214,0.1345532831001076,0.2112378538234051,0.2879280954594762,6.0
0.1360863444392304,0.5697445972495089,0.3097240915208614,0.2196969696969697,0.6300102528643238,0.6242453478803636,0.627121176063674,0.6251342077060044,0.14902934203748,0.5819306075630992,0.4911591355599214,0.1345532831001076,0.2112378538234051,0.2879280954594762,6.0
0.1360863444392304,0.5697445972495089,0.3097240915208614,0.2196969696969697,0.6300102528643238,0.6242453478803636,0.627121176063674,0.6251342077060044,0.14902934203748,0.5819306075630992,0.4911591355599214,0.1345532831001076,0.2112378538234051,0.2879280954594762,6.0
0.1360863444392304,0.5697445972495089,0.3097240915208614,0.2196969696969697,0.6300102528643238,0.6242453478803636,0.627121176063674,0.6251342077060044,0.14902934203748,0.5819306075630992,0.4911591355599214,0.1345532831001076,0.2112378538234051,0.2879280954594762,6.0
0.1360863444392304,0.5697445972495089,0.3097240915208614,0.2196969696969697,0.6300102528643238,0.6242453478803636,0.627121176063674,0.6251342077060044,0.14902934203748,0.5819306075630992,0.4911591355599214,0.1345532831001076,0.2112378538234051,0.2879280954594762,6.0
0.1360863444392304,0.5697445972495089,0.3097240915208614,0.2196969696969697,0.6300102528643238,0.6242453478803636,0.627121176063674,0.6251342077060044,0.14902934203748,0.5819306075630992,0.4911591355599214,0.1345532831001076,0.2112378538234051,0.2879280954594762,6.0
0.1360863444392304,0.5697445972495089,0.3097240915208614,0.2196969696969697,0.6300102528643238,0.6242453478803636,0.627121176063674,0.6251342077060044,0.14902934203748,0.5819306075630992,0.4911591355599214,0.1345532831001076,0.2112378538234051,0.2879280954594762,6.0
0.1360863444392304,0.5697445972495089,0.3097240915208614,0.2196969696969697,0.6300102528643238,0.6242453478803636,0.627121176063674,0.6251342077060044,0.14902934203748,0.5819306075630992,0.4911591355599214,0.1345532831001076,0.2112378538234051,0.2879280954594762,6.0
0.1360863444392304,0.5697445972495089,0.3097240915208614,0.2196969696969697,0.6300102528643238,0.6242453478803636,0.627121176063674,0.6251342077060044,0.14902934203748,0.5819306075630992,0.4911591355599214,0.1345532831001076,0.2112378538234051,0.2879280954594762,6.0
0.1360863444392304,0.5697445972495089,0.3097240915208614,0.2196969696969697,0.6300102528643238,0.6242453478803636,0.627121176063674,0.6251342077060044,0.14902934203748,0.5819306075630992,0.4911591355599214,0.1345532831001076,0.2112378538234051,0.2879280954594762,6.0
0.1360863444392304,0.5697445972495089,0.3097240915208614,0.2196969696969697,0.6300102528643238,0.6242453478803636,0.627121176063674,0.6251342077060044,0.14902934203748,0.5819306075630992,0.4911591355599214,0.1345532831001076,0.2112378538234051,0.2879280954594762,6.0
0.1360863444392304,0.5697445972495089,0.3097240915208614,0.2196969696969697,0.6300102528643238,0.6242453478803636,0.627121176063674,0.6251342077060044,0.14902934203748,0.5819306075630992,0.4911591355599214,0.1345532831001076,0.2112378538234051,0.2879280954594762,6.0
0.1360863444392304,0.5697445972495089,0.3097240915208614,0.2196969696969697,0.6300102528643238,0.6242453478803636,0.627121176063674,0.6251342077060044,0.14902934203748,0.5819306075630992,0.4911591355599214,0.1345532831001076,0.2112378538234051,0.2879280954594762,6.0
0.1360863444392304,0.5697445972495089,0.3097240915208614,0.2196969696969697,0.6300102528643238,0.6242453478803636,0.627121176063674,0.6251342077060044,0.14902934203748,0.5819306075630992,0.4911591355599214,0.1345532831001076,0.2112378538234051,0.2879280954594762,6.0
0.1360863444392304,0.5697445972495089,0.3097240915208614,0.2196969696969697,0.6300102528643238,0.6242453478803636,0.627121176063674,0.6251342077060044,0.14902934203748,0.5819306075630992,0.4911591355599214,0.1345532831001076,0.2112378538234051,0.2879280954594762,6.0
0.1360863444392304,0.5697445972495089,0.3097240915208614,0.2196969696969697,0.6300102528643238,0.6242453478803636,0.627121176063674,0.6251342077060044,0.14902934203748,0.5819306075630992,0.4911591355599214,0.1345532831001076,0.2112378538234051,0.2879280954594762,6.0
0.1360863444392304,0.5697445972495089,0.3097240915208614,0.2196969696969697,0.6300102528643238,0.6242453478803636,0.627121176063674,0.6251342077060044,0.14902934203748,0.5819306075630992,0.4911591355599214,0.1345532831001076,0.2112378538234051,0.2879280954594762,6.0
0.1360863444392304,0.5697445972495089,0.3097240915208614,0.2196969696969697,0.6300102528643238,0.6242453478803636,0.627121176063674,0.6251342077060044,0.14902934203748,0.5819306075630992,0.4911591355599214,0.1345532831001076,0.2112378538234051,0.2879280954594762,6.0
0.1360863444392304,0.5697445972495089,0.3097240915208614,0.2196969696969697,0.6300102528643238,0.6242453478803636,0.627121176063674,0.6251342077060044,0.14902934203748,0.5819306075630992,0.4911591355599214,0.1345532831001076,0.2112378538234051,0.2879280954594762,6.0
0.1360863444392304,0.5697445972495089,0.3097240915208614,0.2196969696969697,0.6300102528643238,0.6242453478803636,0.627121176063674,0.6251342077060044,0.14902934203748,0.5819306075630992,0.4911591355599214,0.1345532831001076,0.2112378538234051,0.2879280954594762,6.0
0.1360863444392304,0.5697445972495089,0.3097240915208614,0.2196969696969697,0.6300102528643238,0.6242453478803636,0.627121176063674,0.6251342077060044,0.14902934203748,0.5819306075630992,0.4911591355599214,0.1345532831001076,0.2112378538234051,0.2879280954594762,6.0
0.1360863444392304,0.5697445972495089,0.3097240915208614,0.2196969696969697,0.6300102528643238,0.6242453478803636,0.627121176063674,0.6251342077060044,0.14902934203748,0.5819306075630992,0.4911591355599214,0.1345532831001076,0.2112378538234051,0.2879280954594762,6.0
0.1360863444392304,0.5697445972495089,0.3097240915208614,0.2196969696969697,0.6300102528643238,0.6242453478803636,0.627121176063674,0.6251342077060044,0.14902934203748,0.5819306075630992,0.4911591355599214,0.1345532831001076,0.2112378538234051,0.2879280954594762,6.0
0.1360863444392304,0.5697445972495089,0.3097240915208614,0.2196969696969697,0.6300102528643238,0.6242453478803636,0.627121176063674,0.6251342077060044,0.14902934203748,0.5819306075630992,0.4911591355599214,0.1345532831001076,0.2112378538234051,0.2879280954594762,6.0
0.1360863444392304,0.5697445972495089,0.3097240915208614,0.2196969696969697,0.6300102528643238,0.6242453478803636,0.627121176063674,0.6251342077060044,0.14902934203748,0.5819306075630992,0.4911591355599214,0.1345532831001076,0.2112378538234051,0.2879280954594762,6.0
0.1360863444392304,0.5697445972495089,0.3097240915208614,0.2196969696969697,0.6300102528643238,0.6242453478803636,0.627121176063674,0.6251342077060044,0.14902934203748,0.5819306075630992,0.4911591355599214,0.1345532831001076,0.2112378538234051,0.2879280954594762,6.0
0.1360863444392304,0.5697445972495089,0.3097240915208614,0.2196969696969697,0.6300102528643238,0.6242453478803636,0.627121176063674,0.6251342077060044,0.14902934203748,0.5819306075630992,0.4911591355599214,0.1345532831001076,0.2112378538234051,0.2879280954594762,6.0
0.1360863444392304,0.5697445972495089,0.3097240915208614,0.2196969696969697,0.6300102528643238,0.6242453478803636,0.627121176063674,0.6251342077060044,0.14902934203748,0.5819306075630992,0.4911591355599214,0.1345532831001076,0.2112378538234051,0.2879280954594762,6.0
0.1360863444392304,0.5697445972495089,0.3097240915208614,0.2196969696969697,0.6300102528643238,0.6242453478803636,0.627121176063674,0.6251342077060044,0.14902934203748,0.5819306075630992,0.4911591355599214,0.1345532831001076,0.2112378538234051,0.2879280954594762,6.0
0.1360863444392304,0.5697445972495089,0.3097240915208614,0.2196969696969697,0.6300102528643238,0.6242453478803636,0.627121176063674,0.6251342077060044,0.14902934203748,0.5819306075630992,0.4911591355599214,0.1345532831001076,0.2112378538234051,0.2879280954594762,6.0
0.1360863444392304,0.5697445972495089,0.3097240915208614,0.2196969696969697,0.6300102528643238,0.6242453478803636,0.627121176063674,0.6251342077060044,0.14902934203748,0.5819306075630992,0.4911591355599214,0.1345532831001076,0.2112378538234051,0.2879280954594762,6.0
0.1360863444392304,0.5697445972495089,0.3097240915208614,0.2196969696969697,0.6300102528643238,0.6242453478803636,0.627121176063674,0.6251342077060044,0.14902934203748,0.5819306075630992,0.4911591355599214,0.1345532831001076,0.2112378538234051,0.2879280954594762,6.0
0.1360863444392304,0.5697445972495089,0.3097240915208614,0.2196969696969697,0.6300102528643238,0.6242453478803636,0.627121176063674,0.6251342077060044,0.14902934203748,0.5819306075630992,0.4911591355599214,0.1345532831001076,0.2112378538234051,0.2879280954594762,6.0
0.1360863444392304,0.5697445972495089,0.3097240915208614,0.2196969696969697,0.6300102528643238,0.6242453478803636,0.627121176063674,0.6251342077060044,0.14902934203748,0.5819306075630992,0.4911591355599214,0.1345532831001076,0.2112378538234051,0.2879280954594762,6.0
0.1360863444392304,0.5697445972495089,0.3097240915208614,0.2196969696969697,0.6300102528643238,0.6242453478803636,0.627121176063674,0.6251342077060044,0.14902934203748,0.5819306075630992,0.4911591355599214,0.1345532831001076,0.2112378538234051,0.2879280954594762,6.0
0.1360863444392304,0.5697445972495089,0.3097240915208614,0.2196969696969697,0.6300102528643238,0.6242453478803636,0.627121176063674,0.6251342077060044,0.14902934203748,0.5819306075630992,0.4911591355599214,0.1345532831001076,0.2112378538234051,0.2879280954594762,6.0
0.1360863444392304,0.5697445972495089,0.3097240915208614,0.2196969696969697,0.6300102528643238,0.6242453478803636,0.627121176063674,0.6251342077060044,0.14902934203748,0.5819306075630992,0.4911591355599214,0.1345532831001076,0.2112378538234051,0.2879280954594762,6.0
0.1360863444392304,0.5697445972495089,0.3097240915208614,0.2196969696969697,0.6300102528643238,0.6242453478803636,0.627121176063674,0.6251342077060044,0.14902934203748,0.5819306075630992,0.4911591355599214,0.1345532831001076,0.2112378538234051,0.2879280954594762,6.0
0.1360863444392304,0.5697445972495089,0.3097240915208614,0.2196969696969697,0.6300102528643238,0.6242453478803636,0.627121176063674,0.6251342077060044,0.14902934203748,0.5819306075630992,0.4911591355599214,0.1345532831001076,0.2112378538234051,0.2879280954594762,6.0
0.1360863444392304,0.5697445972495089,0.3097240915208614,0.2196969696969697,0.6300102528643238,0.6242453478803636,0.627121176063674,0.6251342077060044,0.14902934203748,0.5819306075630992,0.4911591355599214,0.1345532831001076,0.2112378538234051,0.2879280954594762,6.0
0.1360863444392304,0.5697445972495089,0.3097240915208614,0.2196969696969697,0.6300102528643238,0.6242453478803636,0.627121176063674,0.6251342077060044,0.14902934203748,0.5819306075630992,0.4911591355599214,0.1345532831001076,0.2112378538234051,0.2879280954594762,6.0
0.1360863444392304,0.5697445972495089,0.3097240915208614,0.2196969696969697,0.6300102528643238,0.6242453478803636,0.627121176063674,0.6251342077060044,0.14902934203748,0.5819306075630992,0.4911591355599214,0.1345532831001076,0.2112378538234051,0.2879280954594762,6.0
0.4615207034775126,0.6851846081944228,0.4161409085748577,0.5515399277688604,0.6345218498097825,0.6304767328639912,0.6324960575362409,0.63102711027285,0.2553531517616667,0.6536959550712962,0.3124474217167783,0.4595151903954543,0.3719722541637301,0.2327737008277156,2.0
0.4615207034775126,0.6851846081944228,0.4161409085748577,0.5515399277688604,0.6345218498097825,0.6304767328639912,0.6324960575362409,0.63102711027285,0.2553531517616667,0.6536959550712962,0.3124474217167783,0.4595151903954543,0.3719722541637301,0.2327737008277156,2.0
0.4615207034775126,0.6851846081944228,0.4161409085748577,0.5515399277688604,0.6345218498097825,0.6304767328639912,0.6324960575362409,0.63102711027285,0.2553531517616667,0.6536959550712962,0.3124474217167783,0.4595151903954543,0.3719722541637301,0.2327737008277156,2.0
0.4615207034775126,0.6851846081944228,0.4161409085748577,0.5515399277688604,0.6345218498097825,0.6304767328639912,0.6324960575362409,0.63102711027285,0.2553531517616667,0.6536959550712962,0.3124474217167783,0.4595151903954543,0.3719722541637301,0.2327737008277156,2.0
0.4615207034775126,0.6851846081944228,0.4161409085748577,0.5515399277688604,0.6345218498097825,0.6304767328639912,0.6324960575362409,0.63102711027285,0.2553531517616667,0.6536959550712962,0.3124474217167783,0.4595151903954543,0.3719722541637301,0.2327737008277156,2.0
0.4615207034775126,0.6851846081944228,0.4161409085748577,0.5515399277688604,0.6345218498097825,0.6304767328639912,0.6324960575362409,0.63102711027285,0.2553531517616667,0.6536959550712962,0.3124474217167783,0.4595151903954543,0.3719722541637301,0.2327737008277156,2.0
0.4615207034775126,0.6851846081944228,0.4161409085748577,0.5515399277688604,0.6345218498097825,0.6304767328639912,0.6324960575362409,0.63102711027285,0.2553531517616667,0.6536959550712962,0.3124474217167783,0.4595151903954543,0.3719722541637301,0.2327737008277156,2.0
0.4615207034775126,0.6851846081944228,0.4161409085748577,0.5515399277688604,0.6345218498097825,0.6304767328639912,0.6324960575362409,0.63102711027285,0.2553531517616667,0.6536959550712962,0.3124474217167783,0.4595151903954543,0.3719722541637301,0.2327737008277156,2.0
0.4615207034775126,0.6851846081944228,0.4161409085748577,0.5515399277688604,0.6345218498097825,0.6304767328639912,0.6324960575362409,0.63102711027285,0.2553531517616667,0.6536959550712962,0.3124474217167783,0.4595151903954543,0.3719722541637301,0.2327737008277156,2.0
0.4615207034775126,0.6851846081944228,0.4161409085748577,0.5515399277688604,0.6345218498097825,0.6304767328639912,0.6324960575362409,0.63102711027285,0.2553531517616667,0.6536959550712962,0.3124474217167783,0.4595151903954543,0.3719722541637301,0.2327737008277156,2.0
0.4615207034775126,0.6851846081944228,0.4161409085748577,0.5515399277688604,0.6345218498097825,0.6304767328639912,0.6324960575362409,0.63102711027285,0.2553531517616667,0.6536959550712962,0.3124474217167783,0.4595151903954543,0.3719722541637301,0.2327737008277156,2.0
0.4615207034775126,0.6851846081944228,0.4161409085748577,0.5515399277688604,0.6345218498097825,0.6304767328639912,0.6324960575362409,0.63102711027285,0.2553531517616667,0.6536959550712962,0.3124474217167783,0.4595151903954543,0.3719722541637301,0.2327737008277156,2.0
0.4615207034775126,0.6851846081944228,0.4161409085748577,0.5515399277688604,0.6345218498097825,0.6304767328639912,0.6324960575362409,0.63102711027285,0.2553531517616667,0.6536959550712962,0.3124474217167783,0.4595151903954543,0.3719722541637301,0.2327737008277156,2.0
0.4615207034775126,0.6851846081944228,0.4161409085748577,0.5515399277688604,0.6345218498097825,0.6304767328639912,0.6324960575362409,0.63102711027285,0.2553531517616667,0.6536959550712962,0.3124474217167783,0.4595151903954543,0.3719722541637301,0.2327737008277156,2.0
0.4615207034775126,0.6851846081944228,0.4161409085748577,0.5515399277688604,0.6345218498097825,0.6304767328639912,0.6324960575362409,0.63102711027285,0.2553531517616667,0.6536959550712962,0.3124474217167783,0.4595151903954543,0.3719722541637301,0.2327737008277156,2.0
0.4615207034775126,0.6851846081944228,0.4161409085748577,0.5515399277688604,0.6345218498097825,0.6304767328639912,0.6324960575362409,0.63102711027285,0.2553531517616667,0.6536959550712962,0.3124474217167783,0.4595151903954543,0.3719722541637301,0.2327737008277156,2.0
0.4615207034775126,0.6851846081944228,0.4161409085748577,0.5515399277688604,0.6345218498097825,0.6304767328639912,0.6324960575362409,0.63102711027285,0.2553531517616667,0.6536959550712962,0.3124474217167783,0.4595151903954543,0.3719722541637301,0.2327737008277156,2.0
0.4615207034775126,0.6851846081944228,0.4161409085748577,0.5515399277688604,0.6345218498097825,0.6304767328639912,0.6324960575362409,0.63102711027285,0.2553531517616667,0.6536959550712962,0.3124474217167783,0.4595151903954543,0.3719722541637301,0.2327737008277156,2.0
0.4615207034775126,0.6851846081944228,0.4161409085748577,0.5515399277688604,0.6345218498097825,0.6304767328639912,0.6324960575362409,0.63102711027285,0.2553531517616667,0.6536959550712962,0.3124474217167783,0.4595151903954543,0.3719722541637301,0.2327737008277156,2.0
0.4615207034775126,0.6851846081944228,0.4161409085748577,0.5515399277688604,0.6345218498097825,0.6304767328639912,0.6324960575362409,0.63102711027285,0.2553531517616667,0.6536959550712962,0.3124474217167783,0.4595151903954543,0.3719722541637301,0.2327737008277156,2.0
0.4615207034775126,0.6851846081944228,0.4161409085748577,0.5515399277688604,0.6345218498097825,0.6304767328639912,0.6324960575362409,0.63102711027285,0.2553531517616667,0.6536959550712962,0.3124474217167783,0.4595151903954543,0.3719722541637301,0.2327737008277156,2.0
0.4615207034775126,0.6851846081944228,0.4161409085748577,0.5515399277688604,0.6345218498097825,0.6304767328639912,0.6324960575362409,0.63102711027285,0.2553531517616667,0.6536959550712962,0.3124474217167783,0.4595151903954543,0.3719722541637301,0.2327737008277156,2.0
0.4615207034775126,0.6851846081944228,0.4161409085748577,0.5515399277688604,0.6345218498097825,0.6304767328639912,0.6324960575362409,0.63102711027285,0.2553531517616667,0.6536959550712962,0.3124474217167783,0.4595151903954543,0.3719722541637301,0.2327737008277156,2.0
0.4615207034775126,0.6851846081944228,0.4161409085748577,0.5515399277688604,0.6345218498097825,0.6304767328639912,0.6324960575362409,0.63102711027285,0.2553531517616667,0.6536959550712962,0.3124474217167783,0.4595151903954543,0.3719722541637301,0.2327737008277156,2.0
0.4615207034775126,0.6851846081944228,0.4161409085748577,0.5515399277688604,0.6345218498097825,0.6304767328639912,0.6324960575362409,0.63102711027285,0.2553531517616667,0.6536959550712962,0.3124474217167783,0.4595151903954543,0.3719722541637301,0.2327737008277156,2.0
0.4615207034775126,0.6851846081944228,0.4161409085748577,0.5515399277688604,0.6345218498097825,0.6304767328639912,0.6324960575362409,0.63102711027285,0.2553531517616667,0.6536959550712962,0.3124474217167783,0.4595151903954543,0.3719722541637301,0.2327737008277156,2.0
0.4615207034775126,0.6851846081944228,0.4161409085748577,0.5515399277688604,0.6345218498097825,0.6304767328639912,0.6324960575362409,0.63102711027285,0.2553531517616667,0.6536959550712962,0.3124474217167783,0.4595151903954543,0.3719722541637301,0.2327737008277156,2.0
0.4615207034775126,0.6851846081944228,0.4161409085748577,0.5515399277688604,0.6345218498097825,0.6304767328639912,0.6324960575362409,0.63102711027285,0.2553531517616667,0.6536959550712962,0.3124474217167783,0.4595151903954543,0.3719722541637301,0.2327737008277156,2.0
0.4615207034775126,0.6851846081944228,0.4161409085748577,0.5515399277688604,0.6345218498097825,0.6304767328639912,0.6324960575362409,0.63102711027285,0.2553531517616667,0.6536959550712962,0.3124474217167783,0.4595151903954543,0.3719722541637301,0.2327737008277156,2.0
0.4615207034775126,0.6851846081944228,0.4161409085748577,0.5515399277688604,0.6345218498097825,0.6304767328639912,0.6324960575362409,0.63102711027285,0.2553531517616667,0.6536959550712962,0.3124474217167783,0.4595151903954543,0.3719722541637301,0.2327737008277156,2.0
0.4615207034775126,0.6851846081944228,0.4161409085748577,0.5515399277688604,0.6345218498097825,0.6304767328639912,0.6324960575362409,0.63102711027285,0.2553531517616667,0.6536959550712962,0.3124474217167783,0.4595151903954543,0.3719722541637301,0.2327737008277156,2.0
0.4615207034775126,0.6851846081944228,0.4161409085748577,0.5515399277688604,0.6345218498097825,0.6304767328639912,0.6324960575362409,0.63102711027285,0.2553531517616667,0.6536959550712962,0.3124474217167783,0.4595151903954543,0.3719722541637301,0.2327737008277156,2.0
0.4615207034775126,0.6851846081944228,0.4161409085748577,0.5515399277688604,0.6345218498097825,0.6304767328639912,0.6324960575362409,0.63102711027285,0.2553531517616667,0.6536959550712962,0.3124474217167783,0.4595151903954543,0.3719722541637301,0.2327737008277156,2.0
0.4615207034775126,0.6851846081944228,0.4161409085748577,0.5515399277688604,0.6345218498097825,0.6304767328639912,0.6324960575362409,0.63102711027285,0.2553531517616667,0.6536959550712962,0.3124474217167783,0.4595151903954543,0.3719722541637301,0.2327737008277156,2.0
0.4615207034775126,0.6851846081944228,0.4161409085748577,0.5515399277688604,0.6345218498097825,0.6304767328639912,0.6324960575362409,0.63102711027285,0.2553531517616667,0.6536959550712962,0.3124474217167783,0.4595151903954543,0.3719722541637301,0.2327737008277156,2.0
0.4615207034775126,0.6851846081944228,0.4161409085748577,0.5515399277688604,0.6345218498097825,0.6304767328639912,0.6324960575362409,0.63102711027285,0.2553531517616667,0.6536959550712962,0.3124474217167783,0.4595151903954543,0.3719722541637301,0.2327737008277156,2.0
0.4615207034775126,0.6851846081944228,0.4161409085748577,0.5515399277688604,0.6345218498097825,0.6304767328639912,0.6324960575362409,0.63102711027285,0.2553531517616667,0.6536959550712962,0.3124474217167783,0.4595151903954543,0.3719722541637301,0.2327737008277156,2.0
0.4615207034775126,0.6851846081944228,0.4161409085748577,0.5515399277688604,0.6345218498097825,0.6304767328639912,0.6324960575362409,0.63102711027285,0.2553531517616667,0.6536959550712962,0.3124474217167783,0.4595151903954543,0.3719722541637301,0.2327737008277156,2.0
0.4615207034775126,0.6851846081944228,0.4161409085748577,0.5515399277688604,0.6345218498097825,0.6304767328639912,0.6324960575362409,0.63102711027285,0.2553531517616667,0.6536959550712962,0.3124474217167783,0.4595151903954543,0.3719722541637301,0.2327737008277156,2.0
0.4615207034775126,0.6851846081944228,0.4161409085748577,0.5515399277688604,0.6345218498097825,0.6304767328639912,0.6324960575362409,0.63102711027285,0.2553531517616667,0.6536959550712962,0.3124474217167783,0.4595151903954543,0.3719722541637301,0.2327737008277156,2.0
0.4615207034775126,0.6851846081944228,0.4161409085748577,0.5515399277688604,0.6345218498097825,0.6304767328639912,0.6324960575362409,0.63102711027285,0.2553531517616667,0.6536959550712962,0.3124474217167783,0.4595151903954543,0.3719722541637301,0.2327737008277156,2.0
0.4615207034775126,0.6851846081944228,0.4161409085748577,0.5515399277688604,0.6345218498097825,0.6304767328639912,0.6324960575362409,0.63102711027285,0.2553531517616667,0.6536959550712962,0.3124474217167783,0.4595151903954543,0.3719722541637301,0.2327737008277156,2.0
0.4615207034775126,0.6851846081944228,0.4161409085748577,0.5515399277688604,0.6345218498097825,0.6304767328639912,0.6324960575362409,0.63102711027285,0.2553531517616667,0.6536959550712962,0.3124474217167783,0.4595151903954543,0.3719722541637301,0.2327737008277156,2.0
0.4615207034775126,0.6851846081944228,0.4161409085748577,0.5515399277688604,0.6345218498097825,0.6304767328639912,0.6324960575362409,0.63102711027285,0.2553531517616667,0.6536959550712962,0.3124474217167783,0.4595151903954543,0.3719722541637301,0.2327737008277156,2.0
0.4615207034775126,0.6851846081944228,0.4161409085748577,0.5515399277688604,0.6345218498097825,0.6304767328639912,0.6324960575362409,0.63102711027285,0.2553531517616667,0.6536959550712962,0.3124474217167783,0.4595151903954543,0.3719722541637301,0.2327737008277156,2.0
0.4615207034775126,0.6851846081944228,0.4161409085748577,0.5515399277688604,0.6345218498097825,0.6304767328639912,0.6324960575362409,0.63102711027285,0.2553531517616667,0.6536959550712962,0.3124474217167783,0.4595151903954543,0.3719722541637301,0.2327737008277156,2.0
0.4615207034775126,0.6851846081944228,0.4161409085748577,0.5515399277688604,0.6345218498097825,0.6304767328639912,0.6324960575362409,0.63102711027285,0.2553531517616667,0.6536959550712962,0.3124474217167783,0.4595151903954543,0.3719722541637301,0.2327737008277156,2.0
0.4615207034775126,0.6851846081944228,0.4161409085748577,0.5515399277688604,0.6345218498097825,0.6304767328639912,0.6324960575362409,0.63102711027285,0.2553531517616667,0.6536959550712962,0.3124474217167783,0.4595151903954543,0.3719722541637301,0.2327737008277156,2.0
0.4615207034775126,0.6851846081944228,0.4161409085748577,0.5515399277688604,0.6345218498097825,0.6304767328639912,0.6324960575362409,0.63102711027285,0.2553531517616667,0.6536959550712962,0.3124474217167783,0.4595151903954543,0.3719722541637301,0.2327737008277156,2.0
0.4615207034775126,0.6851846081944228,0.4161409085748577,0.5515399277688604,0.6345218498097825,0.6304767328639912,0.6324960575362409,0.63102711027285,0.2553531517616667,0.6536959550712962,0.3124474217167783,0.4595151903954543,0.3719722541637301,0.2327737008277156,2.0
0.2532768978700164,0.5344281186977816,0.3373219021772651,0.3436776285317277,0.5985531082602582,0.5916831843894431,0.5951082331153121,0.593463874700061,0.1554089108078987,0.5997712677097695,0.3174877556900028,0.2542685740655284,0.2823830877642537,0.2201788254419833,1.0
0.2532768978700164,0.5344281186977816,0.3373219021772651,0.3436776285317277,0.5985531082602582,0.5916831843894431,0.5951082331153121,0.593463874700061,0.1554089108078987,0.5997712677097695,0.3174877556900028,0.2542685740655284,0.2823830877642537,0.2201788254419833,1.0
0.2532768978700164,0.5344281186977816,0.3373219021772651,0.3436776285317277,0.5985531082602582,0.5916831843894431,0.5951082331153121,0.593463874700061,0.1554089108078987,0.5997712677097695,0.3174877556900028,0.2542685740655284,0.2823830877642537,0.2201788254419833,1.0
0.2532768978700164,0.5344281186977816,0.3373219021772651,0.3436776285317277,0.5985531082602582,0.5916831843894431,0.5951082331153121,0.593463874700061,0.1554089108078987,0.5997712677097695,0.3174877556900028,0.2542685740655284,0.2823830877642537,0.2201788254419833,1.0
0.2532768978700164,0.5344281186977816,0.3373219021772651,0.3436776285317277,0.5985531082602582,0.5916831843894431,0.5951082331153121,0.593463874700061,0.1554089108078987,0.5997712677097695,0.3174877556900028,0.2542685740655284,0.2823830877642537,0.2201788254419833,1.0
0.2532768978700164,0.5344281186977816,0.3373219021772651,0.3436776285317277,0.5985531082602582,0.5916831843894431,0.5951082331153121,0.593463874700061,0.1554089108078987,0.5997712677097695,0.3174877556900028,0.2542685740655284,0.2823830877642537,0.2201788254419833,1.0
0.2532768978700164,0.5344281186977816,0.3373219021772651,0.3436776285317277,0.5985531082602582,0.5916831843894431,0.5951082331153121,0.593463874700061,0.1554089108078987,0.5997712677097695,0.3174877556900028,0.2542685740655284,0.2823830877642537,0.2201788254419833,1.0
0.2532768978700164,0.5344281186977816,0.3373219021772651,0.3436776285317277,0.5985531082602582,0.5916831843894431,0.5951082331153121,0.593463874700061,0.1554089108078987,0.5997712677097695,0.3174877556900028,0.2542685740655284,0.2823830877642537,0.2201788254419833,1.0
0.2532768978700164,0.5344281186977816,0.3373219021772651,0.3436776285317277,0.5985531082602582,0.5916831843894431,0.5951082331153121,0.593463874700061,0.1554089108078987,0.5997712677097695,0.3174877556900028,0.2542685740655284,0.2823830877642537,0.2201788254419833,1.0
0.2532768978700164,0.5344281186977816,0.3373219021772651,0.3436776285317277,0.5985531082602582,0.5916831843894431,0.5951082331153121,0.593463874700061,0.1554089108078987,0.5997712677097695,0.3174877556900028,0.2542685740655284,0.2823830877642537,0.2201788254419833,1.0
0.2532768978700164,0.5344281186977816,0.3373219021772651,0.3436776285317277,0.5985531082602582,0.5916831843894431,0.5951082331153121,0.593463874700061,0.1554089108078987,0.5997712677097695,0.3174877556900028,0.2542685740655284,0.2823830877642537,0.2201788254419833,1.0
0.2532768978700164,0.5344281186977816,0.3373219021772651,0.3436776285317277,0.5985531082602582,0.5916831843894431,0.5951082331153121,0.593463874700061,0.1554089108078987,0.5997712677097695,0.3174877556900028,0.2542685740655284,0.2823830877642537,0.2201788254419833,1.0
0.2532768978700164,0.5344281186977816,0.3373219021772651,0.3436776285317277,0.5985531082602582,0.5916831843894431,0.5951082331153121,0.593463874700061,0.1554089108078987,0.5997712677097695,0.3174877556900028,0.2542685740655284,0.2823830877642537,0.2201788254419833,1.0
0.2532768978700164,0.5344281186977816,0.3373219021772651,0.3436776285317277,0.5985531082602582,0.5916831843894431,0.5951082331153121,0.593463874700061,0.1554089108078987,0.5997712677097695,0.3174877556900028,0.2542685740655284,0.2823830877642537,0.2201788254419833,1.0
0.2532768978700164,0.5344281186977816,0.3373219021772651,0.3436776285317277,0.5985531082602582,0.5916831843894431,0.5951082331153121,0.593463874700061,0.1554089108078987,0.5997712677097695,0.3174877556900028,0.2542685740655284,0.2823830877642537,0.2201788254419833,1.0
0.2532768978700164,0.5344281186977816,0.3373219021772651,0.3436776285317277,0.5985531082602582,0.5916831843894431,0.5951082331153121,0.593463874700061,0.1554089108078987,0.5997712677097695,0.3174877556900028,0.2542685740655284,0.2823830877642537,0.2201788254419833,1.0
0.2532768978700164,0.5344281186977816,0.3373219021772651,0.3436776285317277,0.5985531082602582,0.5916831843894431,0.5951082331153121,0.593463874700061,0.1554089108078987,0.5997712677097695,0.3174877556900028,0.2542685740655284,0.2823830877642537,0.2201788254419833,1.0
0.2532768978700164,0.5344281186977816,0.3373219021772651,0.3436776285317277,0.5985531082602582,0.5916831843894431,0.5951082331153121,0.593463874700061,0.1554089108078987,0.5997712677097695,0.3174877556900028,0.2542685740655284,0.2823830877642537,0.2201788254419833,1.0
0.2532768978700164,0.5344281186977816,0.3373219021772651,0.3436776285317277,0.5985531082602582,0.5916831843894431,0.5951082331153121,0.593463874700061,0.1554089108078987,0.5997712677097695,0.3174877556900028,0.2542685740655284,0.2823830877642537,0.2201788254419833,1.0
0.2532768978700164,0.5344281186977816,0.3373219021772651,0.3436776285317277,0.5985531082602582,0.5916831843894431,0.5951082331153121,0.593463874700061,0.1554089108078987,0.5997712677097695,0.3174877556900028,0.2542685740655284,0.2823830877642537,0.2201788254419833,1.0
0.2532768978700164,0.5344281186977816,0.3373219021772651,0.3436776285317277,0.5985531082602582,0.5916831843894431,0.5951082331153121,0.593463874700061,0.1554089108078987,0.5997712677097695,0.3174877556900028,0.2542685740655284,0.2823830877642537,0.2201788254419833,1.0
0.2532768978700164,0.5344281186977816,0.3373219021772651,0.3436776285317277,0.5985531082602582,0.5916831843894431,0.5951082331153121,0.593463874700061,0.1554089108078987,0.5997712677097695,0.3174877556900028,0.2542685740655284,0.2823830877642537,0.2201788254419833,1.0
0.2532768978700164,0.5344281186977816,0.3373219021772651,0.3436776285317277,0.5985531082602582,0.5916831843894431,0.5951082331153121,0.593463874700061,0.1554089108078987,0.5997712677097695,0.3174877556900028,0.2542685740655284,0.2823830877642537,0.2201788254419833,1.0
0.2532768978700164,0.5344281186977816,0.3373219021772651,0.3436776285317277,0.5985531082602582,0.5916831843894431,0.5951082331153121,0.593463874700061,0.1554089108078987,0.5997712677097695,0.3174877556900028,0.2542685740655284,0.2823830877642537,0.2201788254419833,1.0
0.2532768978700164,0.5344281186977816,0.3373219021772651,0.3436776285317277,0.5985531082602582,0.5916831843894431,0.5951082331153121,0.593463874700061,0.1554089108078987,0.5997712677097695,0.3174877556900028,0.2542685740655284,0.2823830877642537,0.2201788254419833,1.0
0.2532768978700164,0.5344281186977816,0.3373219021772651,0.3436776285317277,0.5985531082602582,0.5916831843894431,0.5951082331153121,0.593463874700061,0.1554089108078987,0.5997712677097695,0.3174877556900028,0.2542685740655284,0.2823830877642537,0.2201788254419833,1.0
0.2532768978700164,0.5344281186977816,0.3373219021772651,0.3436776285317277,0.5985531082602582,0.5916831843894431,0.5951082331153121,0.593463874700061,0.1554089108078987,0.5997712677097695,0.3174877556900028,0.2542685740655284,0.2823830877642537,0.2201788254419833,1.0
0.2532768978700164,0.5344281186977816,0.3373219021772651,0.3436776285317277,0.5985531082602582,0.5916831843894431,0.5951082331153121,0.593463874700061,0.1554089108078987,0.5997712677097695,0.3174877556900028,0.2542685740655284,0.2823830877642537,0.2201788254419833,1.0
0.2532768978700164,0.5344281186977816,0.3373219021772651,0.3436776285317277,0.5985531082602582,0.5916831843894431,0.5951082331153121,0.593463874700061,0.1554089108078987,0.5997712677097695,0.3174877556900028,0.2542685740655284,0.2823830877642537,0.2201788254419833,1.0
0.2532768978700164,0.5344281186977816,0.3373219021772651,0.3436776285317277,0.5985531082602582,0.5916831843894431,0.5951082331153121,0.593463874700061,0.1554089108078987,0.5997712677097695,0.3174877556900028,0.2542685740655284,0.2823830877642537,0.2201788254419833,1.0
0.2532768978700164,0.5344281186977816,0.3373219021772651,0.3436776285317277,0.5985531082602582,0.5916831843894431,0.5951082331153121,0.593463874700061,0.1554089108078987,0.5997712677097695,0.3174877556900028,0.2542685740655284,0.2823830877642537,0.2201788254419833,1.0
0.2532768978700164,0.5344281186977816,0.3373219021772651,0.3436776285317277,0.5985531082602582,0.5916831843894431,0.5951082331153121,0.593463874700061,0.1554089108078987,0.5997712677097695,0.3174877556900028,0.2542685740655284,0.2823830877642537,0.2201788254419833,1.0
0.2532768978700164,0.5344281186977816,0.3373219021772651,0.3436776285317277,0.5985531082602582,0.5916831843894431,0.5951082331153121,0.593463874700061,0.1554089108078987,0.5997712677097695,0.3174877556900028,0.2542685740655284,0.2823830877642537,0.2201788254419833,1.0
0.2532768978700164,0.5344281186977816,0.3373219021772651,0.3436776285317277,0.5985531082602582,0.5916831843894431,0.5951082331153121,0.593463874700061,0.1554089108078987,0.5997712677097695,0.3174877556900028,0.2542685740655284,0.2823830877642537,0.2201788254419833,1.0
0.2532768978700164,0.5344281186977816,0.3373219021772651,0.3436776285317277,0.5985531082602582,0.5916831843894431,0.5951082331153121,0.593463874700061,0.1554089108078987,0.5997712677097695,0.3174877556900028,0.2542685740655284,0.2823830877642537,0.2201788254419833,1.0
0.2532768978700164,0.5344281186977816,0.3373219021772651,0.3436776285317277,0.5985531082602582,0.5916831843894431,0.5951082331153121,0.593463874700061,0.1554089108078987,0.5997712677097695,0.3174877556900028,0.2542685740655284,0.2823830877642537,0.2201788254419833,1.0
0.2532768978700164,0.5344281186977816,0.3373219021772651,0.3436776285317277,0.5985531082602582,0.5916831843894431,0.5951082331153121,0.593463874700061,0.1554089108078987,0.5997712677097695,0.3174877556900028,0.2542685740655284,0.2823830877642537,0.2201788254419833,1.0
0.2532768978700164,0.5344281186977816,0.3373219021772651,0.3436776285317277,0.5985531082602582,0.5916831843894431,0.5951082331153121,0.593463874700061,0.1554089108078987,0.5997712677097695,0.3174877556900028,0.2542685740655284,0.2823830877642537,0.2201788254419833,1.0
0.2532768978700164,0.5344281186977816,0.3373219021772651,0.3436776285317277,0.5985531082602582,0.5916831843894431,0.5951082331153121,0.593463874700061,0.1554089108078987,0.5997712677097695,0.3174877556900028,0.2542685740655284,0.2823830877642537,0.2201788254419833,1.0
0.2532768978700164,0.5344281186977816,0.3373219021772651,0.3436776285317277,0.5985531082602582,0.5916831843894431,0.5951082331153121,0.593463874700061,0.1554089108078987,0.5997712677097695,0.3174877556900028,0.2542685740655284,0.2823830877642537,0.2201788254419833,1.0
0.2532768978700164,0.5344281186977816,0.3373219021772651,0.3436776285317277,0.5985531082602582,0.5916831843894431,0.5951082331153121,0.593463874700061,0.1554089108078987,0.5997712677097695,0.3174877556900028,0.2542685740655284,0.2823830877642537,0.2201788254419833,1.0
0.2532768978700164,0.5344281186977816,0.3373219021772651,0.3436776285317277,0.5985531082602582,0.5916831843894431,0.5951082331153121,0.593463874700061,0.1554089108078987,0.5997712677097695,0.3174877556900028,0.2542685740655284,0.2823830877642537,0.2201788254419833,1.0
0.2532768978700164,0.5344281186977816,0.3373219021772651,0.3436776285317277,0.5985531082602582,0.5916831843894431,0.5951082331153121,0.593463874700061,0.1554089108078987,0.5997712677097695,0.3174877556900028,0.2542685740655284,0.2823830877642537,0.2201788254419833,1.0
0.2532768978700164,0.5344281186977816,0.3373219021772651,0.3436776285317277,0.5985531082602582,0.5916831843894431,0.5951082331153121,0.593463874700061,0.1554089108078987,0.5997712677097695,0.3174877556900028,0.2542685740655284,0.2823830877642537,0.2201788254419833,1.0
0.2532768978700164,0.5344281186977816,0.3373219021772651,0.3436776285317277,0.5985531082602582,0.5916831843894431,0.5951082331153121,0.593463874700061,0.1554089108078987,0.5997712677097695,0.3174877556900028,0.2542685740655284,0.2823830877642537,0.2201788254419833,1.0
0.2532768978700164,0.5344281186977816,0.3373219021772651,0.3436776285317277,0.5985531082602582,0.5916831843894431,0.5951082331153121,0.593463874700061,0.1554089108078987,0.5997712677097695,0.3174877556900028,0.2542685740655284,0.2823830877642537,0.2201788254419833,1.0
0.2532768978700164,0.5344281186977816,0.3373219021772651,0.3436776285317277,0.5985531082602582,0.5916831843894431,0.5951082331153121,0.593463874700061,0.1554089108078987,0.5997712677097695,0.3174877556900028,0.2542685740655284,0.2823830877642537,0.2201788254419833,1.0
0.2532768978700164,0.5344281186977816,0.3373219021772651,0.3436776285317277,0.5985531082602582,0.5916831843894431,0.5951082331153121,0.593463874700061,0.1554089108078987,0.5997712677097695,0.3174877556900028,0.2542685740655284,0.2823830877642537,0.2201788254419833,1.0
0.2532768978700164,0.5344281186977816,0.3373219021772651,0.3436776285317277,0.5985531082602582,0.5916831843894431,0.5951082331153121,0.593463874700061,0.1554089108078987,0.5997712677097695,0.3174877556900028,0.2542685740655284,0.2823830877642537,0.2201788254419833,1.0
0.2532768978700164,0.5344281186977816,0.3373219021772651,0.3436776285317277,0.5985531082602582,0.5916831843894431,0.5951082331153121,0.593463874700061,0.1554089108078987,0.5997712677097695,0.3174877556900028,0.2542685740655284,0.2823830877642537,0.2201788254419833,1.0
0.5868742111905764,0.6626291414321339,0.2797123121840063,0.6224552401137821,0.6914584146240638,0.6902564233326182,0.6908571575670681,0.6901144777517494,0.3751769767723197,0.6868458859646809,0.4531528322052013,0.588979780830375,0.5122147651006711,0.2884170227920228,2.0
0.5868742111905764,0.6626291414321339,0.2797123121840063,0.6224552401137821,0.6914584146240638,0.6902564233326182,0.6908571575670681,0.6901144777517494,0.3751769767723197,0.6868458859646809,0.4531528322052013,0.588979780830375,0.5122147651006711,0.2884170227920228,2.0
0.5868742111905764,0.6626291414321339,0.2797123121840063,0.6224552401137821,0.6914584146240638,0.6902564233326182,0.6908571575670681,0.6901144777517494,0.3751769767723197,0.6868458859646809,0.4531528322052013,0.588979780830375,0.5122147651006711,0.2884170227920228,2.0
0.5868742111905764,0.6626291414321339,0.2797123121840063,0.6224552401137821,0.6914584146240638,0.6902564233326182,0.6908571575670681,0.6901144777517494,0.3751769767723197,0.6868458859646809,0.4531528322052013,0.588979780830375,0.5122147651006711,0.2884170227920228,2.0
0.5868742111905764,0.6626291414321339,0.2797123121840063,0.6224552401137821,0.6914584146240638,0.6902564233326182,0.6908571575670681,0.6901144777517494,0.3751769767723197,0.6868458859646809,0.4531528322052013,0.588979780830375,0.5122147651006711,0.2884170227920228,2.0
0.5868742111905764,0.6626291414321339,0.2797123121840063,0.6224552401137821,0.6914584146240638,0.6902564233326182,0.6908571575670681,0.6901144777517494,0.3751769767723197,0.6868458859646809,0.4531528322052013,0.588979780830375,0.5122147651006711,0.2884170227920228,2.0
0.5868742111905764,0.6626291414321339,0.2797123121840063,0.6224552401137821,0.6914584146240638,0.6902564233326182,0.6908571575670681,0.6901144777517494,0.3751769767723197,0.6868458859646809,0.4531528322052013,0.588979780830375,0.5122147651006711,0.2884170227920228,2.0
0.5868742111905764,0.6626291414321339,0.2797123121840063,0.6224552401137821,0.6914584146240638,0.6902564233326182,0.6908571575670681,0.6901144777517494,0.3751769767723197,0.6868458859646809,0.4531528322052013,0.588979780830375,0.5122147651006711,0.2884170227920228,2.0
0.5868742111905764,0.6626291414321339,0.2797123121840063,0.6224552401137821,0.6914584146240638,0.6902564233326182,0.6908571575670681,0.6901144777517494,0.3751769767723197,0.6868458859646809,0.4531528322052013,0.588979780830375,0.5122147651006711,0.2884170227920228,2.0
0.5868742111905764,0.6626291414321339,0.2797123121840063,0.6224552401137821,0.6914584146240638,0.6902564233326182,0.6908571575670681,0.6901144777517494,0.3751769767723197,0.6868458859646809,0.4531528322052013,0.588979780830375,0.5122147651006711,0.2884170227920228,2.0
0.5868742111905764,0.6626291414321339,0.2797123121840063,0.6224552401137821,0.6914584146240638,0.6902564233326182,0.6908571575670681,0.6901144777517494,0.3751769767723197,0.6868458859646809,0.4531528322052013,0.588979780830375,0.5122147651006711,0.2884170227920228,2.0
0.5868742111905764,0.6626291414321339,0.2797123121840063,0.6224552401137821,0.6914584146240638,0.6902564233326182,0.6908571575670681,0.6901144777517494,0.3751769767723197,0.6868458859646809,0.4531528322052013,0.588979780830375,0.5122147651006711,0.2884170227920228,2.0
0.5868742111905764,0.6626291414321339,0.2797123121840063,0.6224552401137821,0.6914584146240638,0.6902564233326182,0.6908571575670681,0.6901144777517494,0.3751769767723197,0.6868458859646809,0.4531528322052013,0.588979780830375,0.5122147651006711,0.2884170227920228,2.0
0.5868742111905764,0.6626291414321339,0.2797123121840063,0.6224552401137821,0.6914584146240638,0.6902564233326182,0.6908571575670681,0.6901144777517494,0.3751769767723197,0.6868458859646809,0.4531528322052013,0.588979780830375,0.5122147651006711,0.2884170227920228,2.0
0.5868742111905764,0.6626291414321339,0.2797123121840063,0.6224552401137821,0.6914584146240638,0.6902564233326182,0.6908571575670681,0.6901144777517494,0.3751769767723197,0.6868458859646809,0.4531528322052013,0.588979780830375,0.5122147651006711,0.2884170227920228,2.0
0.5868742111905764,0.6626291414321339,0.2797123121840063,0.6224552401137821,0.6914584146240638,0.6902564233326182,0.6908571575670681,0.6901144777517494,0.3751769767723197,0.6868458859646809,0.4531528322052013,0.588979780830375,0.5122147651006711,0.2884170227920228,2.0
0.5868742111905764,0.6626291414321339,0.2797123121840063,0.6224552401137821,0.6914584146240638,0.6902564233326182,0.6908571575670681,0.6901144777517494,0.3751769767723197,0.6868458859646809,0.4531528322052013,0.588979780830375,0.5122147651006711,0.2884170227920228,2.0
0.5868742111905764,0.6626291414321339,0.2797123121840063,0.6224552401137821,0.6914584146240638,0.6902564233326182,0.6908571575670681,0.6901144777517494,0.3751769767723197,0.6868458859646809,0.4531528322052013,0.588979780830375,0.5122147651006711,0.2884170227920228,2.0
0.5868742111905764,0.6626291414321339,0.2797123121840063,0.6224552401137821,0.6914584146240638,0.6902564233326182,0.6908571575670681,0.6901144777517494,0.3751769767723197,0.6868458859646809,0.4531528322052013,0.588979780830375,0.5122147651006711,0.2884170227920228,2.0
0.5868742111905764,0.6626291414321339,0.2797123121840063,0.6224552401137821,0.6914584146240638,0.6902564233326182,0.6908571575670681,0.6901144777517494,0.3751769767723197,0.6868458859646809,0.4531528322052013,0.588979780830375,0.5122147651006711,0.2884170227920228,2.0
0.5868742111905764,0.6626291414321339,0.2797123121840063,0.6224552401137821,0.6914584146240638,0.6902564233326182,0.6908571575670681,0.6901144777517494,0.3751769767723197,0.6868458859646809,0.4531528322052013,0.588979780830375,0.5122147651006711,0.2884170227920228,2.0
0.5868742111905764,0.6626291414321339,0.2797123121840063,0.6224552401137821,0.6914584146240638,0.6902564233326182,0.6908571575670681,0.6901144777517494,0.3751769767723197,0.6868458859646809,0.4531528322052013,0.588979780830375,0.5122147651006711,0.2884170227920228,2.0
0.5868742111905764,0.6626291414321339,0.2797123121840063,0.6224552401137821,0.6914584146240638,0.6902564233326182,0.6908571575670681,0.6901144777517494,0.3751769767723197,0.6868458859646809,0.4531528322052013,0.588979780830375,0.5122147651006711,0.2884170227920228,2.0
0.5868742111905764,0.6626291414321339,0.2797123121840063,0.6224552401137821,0.6914584146240638,0.6902564233326182,0.6908571575670681,0.6901144777517494,0.3751769767723197,0.6868458859646809,0.4531528322052013,0.588979780830375,0.5122147651006711,0.2884170227920228,2.0
0.5868742111905764,0.6626291414321339,0.2797123121840063,0.6224552401137821,0.6914584146240638,0.6902564233326182,0.6908571575670681,0.6901144777517494,0.3751769767723197,0.6868458859646809,0.4531528322052013,0.588979780830375,0.5122147651006711,0.2884170227920228,2.0
0.5868742111905764,0.6626291414321339,0.2797123121840063,0.6224552401137821,0.6914584146240638,0.6902564233326182,0.6908571575670681,0.6901144777517494,0.3751769767723197,0.6868458859646809,0.4531528322052013,0.588979780830375,0.5122147651006711,0.2884170227920228,2.0
0.5868742111905764,0.6626291414321339,0.2797123121840063,0.6224552401137821,0.6914584146240638,0.6902564233326182,0.6908571575670681,0.6901144777517494,0.3751769767723197,0.6868458859646809,0.4531528322052013,0.588979780830375,0.5122147651006711,0.2884170227920228,2.0
0.5868742111905764,0.6626291414321339,0.2797123121840063,0.6224552401137821,0.6914584146240638,0.6902564233326182,0.6908571575670681,0.6901144777517494,0.3751769767723197,0.6868458859646809,0.4531528322052013,0.588979780830375,0.5122147651006711,0.2884170227920228,2.0
0.5868742111905764,0.6626291414321339,0.2797123121840063,0.6224552401137821,0.6914584146240638,0.6902564233326182,0.6908571575670681,0.6901144777517494,0.3751769767723197,0.6868458859646809,0.4531528322052013,0.588979780830375,0.5122147651006711,0.2884170227920228,2.0
0.5868742111905764,0.6626291414321339,0.2797123121840063,0.6224552401137821,0.6914584146240638,0.6902564233326182,0.6908571575670681,0.6901144777517494,0.3751769767723197,0.6868458859646809,0.4531528322052013,0.588979780830375,0.5122147651006711,0.2884170227920228,2.0
0.5868742111905764,0.6626291414321339,0.2797123121840063,0.6224552401137821,0.6914584146240638,0.6902564233326182,0.6908571575670681,0.6901144777517494,0.3751769767723197,0.6868458859646809,0.4531528322052013,0.588979780830375,0.5122147651006711,0.2884170227920228,2.0
0.5868742111905764,0.6626291414321339,0.2797123121840063,0.6224552401137821,0.6914584146240638,0.6902564233326182,0.6908571575670681,0.6901144777517494,0.3751769767723197,0.6868458859646809,0.4531528322052013,0.588979780830375,0.5122147651006711,0.2884170227920228,2.0
0.5868742111905764,0.6626291414321339,0.2797123121840063,0.6224552401137821,0.6914584146240638,0.6902564233326182,0.6908571575670681,0.6901144777517494,0.3751769767723197,0.6868458859646809,0.4531528322052013,0.588979780830375,0.5122147651006711,0.2884170227920228,2.0
0.5868742111905764,0.6626291414321339,0.2797123121840063,0.6224552401137821,0.6914584146240638,0.6902564233326182,0.6908571575670681,0.6901144777517494,0.3751769767723197,0.6868458859646809,0.4531528322052013,0.588979780830375,0.5122147651006711,0.2884170227920228,2.0
0.5868742111905764,0.6626291414321339,0.2797123121840063,0.6224552401137821,0.6914584146240638,0.6902564233326182,0.6908571575670681,0.6901144777517494,0.3751769767723197,0.6868458859646809,0.4531528322052013,0.588979780830375,0.5122147651006711,0.2884170227920228,2.0
0.5868742111905764,0.6626291414321339,0.2797123121840063,0.6224552401137821,0.6914584146240638,0.6902564233326182,0.6908571575670681,0.6901144777517494,0.3751769767723197,0.6868458859646809,0.4531528322052013,0.588979780830375,0.5122147651006711,0.2884170227920228,2.0
0.5868742111905764,0.6626291414321339,0.2797123121840063,0.6224552401137821,0.6914584146240638,0.6902564233326182,0.6908571575670681,0.6901144777517494,0.3751769767723197,0.6868458859646809,0.4531528322052013,0.588979780830375,0.5122147651006711,0.2884170227920228,2.0
0.5868742111905764,0.6626291414321339,0.2797123121840063,0.6224552401137821,0.6914584146240638,0.6902564233326182,0.6908571575670681,0.6901144777517494,0.3751769767723197,0.6868458859646809,0.4531528322052013,0.588979780830375,0.5122147651006711,0.2884170227920228,2.0
0.5868742111905764,0.6626291414321339,0.2797123121840063,0.6224552401137821,0.6914584146240638,0.6902564233326182,0.6908571575670681,0.6901144777517494,0.3751769767723197,0.6868458859646809,0.4531528322052013,0.588979780830375,0.5122147651006711,0.2884170227920228,2.0
0.5868742111905764,0.6626291414321339,0.2797123121840063,0.6224552401137821,0.6914584146240638,0.6902564233326182,0.6908571575670681,0.6901144777517494,0.3751769767723197,0.6868458859646809,0.4531528322052013,0.588979780830375,0.5122147651006711,0.2884170227920228,2.0
0.5868742111905764,0.6626291414321339,0.2797123121840063,0.6224552401137821,0.6914584146240638,0.6902564233326182,0.6908571575670681,0.6901144777517494,0.3751769767723197,0.6868458859646809,0.4531528322052013,0.588979780830375,0.5122147651006711,0.2884170227920228,2.0
0.5868742111905764,0.6626291414321339,0.2797123121840063,0.6224552401137821,0.6914584146240638,0.6902564233326182,0.6908571575670681,0.6901144777517494,0.3751769767723197,0.6868458859646809,0.4531528322052013,0.588979780830375,0.5122147651006711,0.2884170227920228,2.0
0.5868742111905764,0.6626291414321339,0.2797123121840063,0.6224552401137821,0.6914584146240638,0.6902564233326182,0.6908571575670681,0.6901144777517494,0.3751769767723197,0.6868458859646809,0.4531528322052013,0.588979780830375,0.5122147651006711,0.2884170227920228,2.0
0.5868742111905764,0.6626291414321339,0.2797123121840063,0.6224552401137821,0.6914584146240638,0.6902564233326182,0.6908571575670681,0.6901144777517494,0.3751769767723197,0.6868458859646809,0.4531528322052013,0.588979780830375,0.5122147651006711,0.2884170227920228,2.0
0.5868742111905764,0.6626291414321339,0.2797123121840063,0.6224552401137821,0.6914584146240638,0.6902564233326182,0.6908571575670681,0.6901144777517494,0.3751769767723197,0.6868458859646809,0.4531528322052013,0.588979780830375,0.5122147651006711,0.2884170227920228,2.0
0.5868742111905764,0.6626291414321339,0.2797123121840063,0.6224552401137821,0.6914584146240638,0.6902564233326182,0.6908571575670681,0.6901144777517494,0.3751769767723197,0.6868458859646809,0.4531528322052013,0.588979780830375,0.5122147651006711,0.2884170227920228,2.0
0.5868742111905764,0.6626291414321339,0.2797123121840063,0.6224552401137821,0.6914584146240638,0.6902564233326182,0.6908571575670681,0.6901144777517494,0.3751769767723197,0.6868458859646809,0.4531528322052013,0.588979780830375,0.5122147651006711,0.2884170227920228,2.0
0.5868742111905764,0.6626291414321339,0.2797123121840063,0.6224552401137821,0.6914584146240638,0.6902564233326182,0.6908571575670681,0.6901144777517494,0.3751769767723197,0.6868458859646809,0.4531528322052013,0.588979780830375,0.5122147651006711,0.2884170227920228,2.0
0.5868742111905764,0.6626291414321339,0.2797123121840063,0.6224552401137821,0.6914584146240638,0.6902564233326182,0.6908571575670681,0.6901144777517494,0.3751769767723197,0.6868458859646809,0.4531528322052013,0.588979780830375,0.5122147651006711,0.2884170227920228,2.0
0.5868742111905764,0.6626291414321339,0.2797123121840063,0.6224552401137821,0.6914584146240638,0.6902564233326182,0.6908571575670681,0.6901144777517494,0.3751769767723197,0.6868458859646809,0.4531528322052013,0.588979780830375,0.5122147651006711,0.2884170227920228,2.0
0.2467128027681661,0.6298586572438163,0.2833897422546212,0.3545499751367479,0.6732344574945975,0.6704397995170522,0.6718356753780268,0.6703681146851148,0.2469267808216118,0.7152679514695616,0.5821554770318021,0.2428150331613854,0.3426937077483099,0.3079192194236442,1.0
0.2467128027681661,0.6298586572438163,0.2833897422546212,0.3545499751367479,0.6732344574945975,0.6704397995170522,0.6718356753780268,0.6703681146851148,0.2469267808216118,0.7152679514695616,0.5821554770318021,0.2428150331613854,0.3426937077483099,0.3079192194236442,1.0
0.2467128027681661,0.6298586572438163,0.2833897422546212,0.3545499751367479,0.6732344574945975,0.6704397995170522,0.6718356753780268,0.6703681146851148,0.2469267808216118,0.7152679514695616,0.5821554770318021,0.2428150331613854,0.3426937077483099,0.3079192194236442,1.0
0.2467128027681661,0.6298586572438163,0.2833897422546212,0.3545499751367479,0.6732344574945975,0.6704397995170522,0.6718356753780268,0.6703681146851148,0.2469267808216118,0.7152679514695616,0.5821554770318021,0.2428150331613854,0.3426937077483099,0.3079192194236442,1.0
0.2467128027681661,0.6298586572438163,0.2833897422546212,0.3545499751367479,0.6732344574945975,0.6704397995170522,0.6718356753780268,0.6703681146851148,0.2469267808216118,0.7152679514695616,0.5821554770318021,0.2428150331613854,0.3426937077483099,0.3079192194236442,1.0
0.2467128027681661,0.6298586572438163,0.2833897422546212,0.3545499751367479,0.6732344574945975,0.6704397995170522,0.6718356753780268,0.6703681146851148,0.2469267808216118,0.7152679514695616,0.5821554770318021,0.2428150331613854,0.3426937077483099,0.3079192194236442,1.0
0.2467128027681661,0.6298586572438163,0.2833897422546212,0.3545499751367479,0.6732344574945975,0.6704397995170522,0.6718356753780268,0.6703681146851148,0.2469267808216118,0.7152679514695616,0.5821554770318021,0.2428150331613854,0.3426937077483099,0.3079192194236442,1.0
0.2467128027681661,0.6298586572438163,0.2833897422546212,0.3545499751367479,0.6732344574945975,0.6704397995170522,0.6718356753780268,0.6703681146851148,0.2469267808216118,0.7152679514695616,0.5821554770318021,0.2428150331613854,0.3426937077483099,0.3079192194236442,1.0
0.2467128027681661,0.6298586572438163,0.2833897422546212,0.3545499751367479,0.6732344574945975,0.6704397995170522,0.6718356753780268,0.6703681146851148,0.2469267808216118,0.7152679514695616,0.5821554770318021,0.2428150331613854,0.3426937077483099,0.3079192194236442,1.0
0.2467128027681661,0.6298586572438163,0.2833897422546212,0.3545499751367479,0.6732344574945975,0.6704397995170522,0.6718356753780268,0.6703681146851148,0.2469267808216118,0.7152679514695616,0.5821554770318021,0.2428150331613854,0.3426937077483099,0.3079192194236442,1.0
0.2467128027681661,0.6298586572438163,0.2833897422546212,0.3545499751367479,0.6732344574945975,0.6704397995170522,0.6718356753780268,0.6703681146851148,0.2469267808216118,0.7152679514695616,0.5821554770318021,0.2428150331613854,0.3426937077483099,0.3079192194236442,1.0
0.2467128027681661,0.6298586572438163,0.2833897422546212,0.3545499751367479,0.6732344574945975,0.6704397995170522,0.6718356753780268,0.6703681146851148,0.2469267808216118,0.7152679514695616,0.5821554770318021,0.2428150331613854,0.3426937077483099,0.3079192194236442,1.0
0.2467128027681661,0.6298586572438163,0.2833897422546212,0.3545499751367479,0.6732344574945975,0.6704397995170522,0.6718356753780268,0.6703681146851148,0.2469267808216118,0.7152679514695616,0.5821554770318021,0.2428150331613854,0.3426937077483099,0.3079192194236442,1.0
0.2467128027681661,0.6298586572438163,0.2833897422546212,0.3545499751367479,0.6732344574945975,0.6704397995170522,0.6718356753780268,0.6703681146851148,0.2469267808216118,0.7152679514695616,0.5821554770318021,0.2428150331613854,0.3426937077483099,0.3079192194236442,1.0
0.2467128027681661,0.6298586572438163,0.2833897422546212,0.3545499751367479,0.6732344574945975,0.6704397995170522,0.6718356753780268,0.6703681146851148,0.2469267808216118,0.7152679514695616,0.5821554770318021,0.2428150331613854,0.3426937077483099,0.3079192194236442,1.0
0.2467128027681661,0.6298586572438163,0.2833897422546212,0.3545499751367479,0.6732344574945975,0.6704397995170522,0.6718356753780268,0.6703681146851148,0.2469267808216118,0.7152679514695616,0.5821554770318021,0.2428150331613854,0.3426937077483099,0.3079192194236442,1.0
0.2467128027681661,0.6298586572438163,0.2833897422546212,0.3545499751367479,0.6732344574945975,0.6704397995170522,0.6718356753780268,0.6703681146851148,0.2469267808216118,0.7152679514695616,0.5821554770318021,0.2428150331613854,0.3426937077483099,0.3079192194236442,1.0
0.2467128027681661,0.6298586572438163,0.2833897422546212,0.3545499751367479,0.6732344574945975,0.6704397995170522,0.6718356753780268,0.6703681146851148,0.2469267808216118,0.7152679514695616,0.5821554770318021,0.2428150331613854,0.3426937077483099,0.3079192194236442,1.0
0.2467128027681661,0.6298586572438163,0.2833897422546212,0.3545499751367479,0.6732344574945975,0.6704397995170522,0.6718356753780268,0.6703681146851148,0.2469267808216118,0.7152679514695616,0.5821554770318021,0.2428150331613854,0.3426937077483099,0.3079192194236442,1.0
0.2467128027681661,0.6298586572438163,0.2833897422546212,0.3545499751367479,0.6732344574945975,0.6704397995170522,0.6718356753780268,0.6703681146851148,0.2469267808216118,0.7152679514695616,0.5821554770318021,0.2428150331613854,0.3426937077483099,0.3079192194236442,1.0
0.2467128027681661,0.6298586572438163,0.2833897422546212,0.3545499751367479,0.6732344574945975,0.6704397995170522,0.6718356753780268,0.6703681146851148,0.2469267808216118,0.7152679514695616,0.5821554770318021,0.2428150331613854,0.3426937077483099,0.3079192194236442,1.0
0.2467128027681661,0.6298586572438163,0.2833897422546212,0.3545499751367479,0.6732344574945975,0.6704397995170522,0.6718356753780268,0.6703681146851148,0.2469267808216118,0.7152679514695616,0.5821554770318021,0.2428150331613854,0.3426937077483099,0.3079192194236442,1.0
0.2467128027681661,0.6298586572438163,0.2833897422546212,0.3545499751367479,0.6732344574945975,0.6704397995170522,0.6718356753780268,0.6703681146851148,0.2469267808216118,0.7152679514695616,0.5821554770318021,0.2428150331613854,0.3426937077483099,0.3079192194236442,1.0
0.2467128027681661,0.6298586572438163,0.2833897422546212,0.3545499751367479,0.6732344574945975,0.6704397995170522,0.6718356753780268,0.6703681146851148,0.2469267808216118,0.7152679514695616,0.5821554770318021,0.2428150331613854,0.3426937077483099,0.3079192194236442,1.0
0.2467128027681661,0.6298586572438163,0.2833897422546212,0.3545499751367479,0.6732344574945975,0.6704397995170522,0.6718356753780268,0.6703681146851148,0.2469267808216118,0.7152679514695616,0.5821554770318021,0.2428150331613854,0.3426937077483099,0.3079192194236442,1.0
0.2467128027681661,0.6298586572438163,0.2833897422546212,0.3545499751367479,0.6732344574945975,0.6704397995170522,0.6718356753780268,0.6703681146851148,0.2469267808216118,0.7152679514695616,0.5821554770318021,0.2428150331613854,0.3426937077483099,0.3079192194236442,1.0
0.2467128027681661,0.6298586572438163,0.2833897422546212,0.3545499751367479,0.6732344574945975,0.6704397995170522,0.6718356753780268,0.6703681146851148,0.2469267808216118,0.7152679514695616,0.5821554770318021,0.2428150331613854,0.3426937077483099,0.3079192194236442,1.0
0.2467128027681661,0.6298586572438163,0.2833897422546212,0.3545499751367479,0.6732344574945975,0.6704397995170522,0.6718356753780268,0.6703681146851148,0.2469267808216118,0.7152679514695616,0.5821554770318021,0.2428150331613854,0.3426937077483099,0.3079192194236442,1.0
0.2467128027681661,0.6298586572438163,0.2833897422546212,0.3545499751367479,0.6732344574945975,0.6704397995170522,0.6718356753780268,0.6703681146851148,0.2469267808216118,0.7152679514695616,0.5821554770318021,0.2428150331613854,0.3426937077483099,0.3079192194236442,1.0
0.2467128027681661,0.6298586572438163,0.2833897422546212,0.3545499751367479,0.6732344574945975,0.6704397995170522,0.6718356753780268,0.6703681146851148,0.2469267808216118,0.7152679514695616,0.5821554770318021,0.2428150331613854,0.3426937077483099,0.3079192194236442,1.0
0.2467128027681661,0.6298586572438163,0.2833897422546212,0.3545499751367479,0.6732344574945975,0.6704397995170522,0.6718356753780268,0.6703681146851148,0.2469267808216118,0.7152679514695616,0.5821554770318021,0.2428150331613854,0.3426937077483099,0.3079192194236442,1.0
0.2467128027681661,0.6298586572438163,0.2833897422546212,0.3545499751367479,0.6732344574945975,0.6704397995170522,0.6718356753780268,0.6703681146851148,0.2469267808216118,0.7152679514695616,0.5821554770318021,0.2428150331613854,0.3426937077483099,0.3079192194236442,1.0
0.2467128027681661,0.6298586572438163,0.2833897422546212,0.3545499751367479,0.6732344574945975,0.6704397995170522,0.6718356753780268,0.6703681146851148,0.2469267808216118,0.7152679514695616,0.5821554770318021,0.2428150331613854,0.3426937077483099,0.3079192194236442,1.0
0.2467128027681661,0.6298586572438163,0.2833897422546212,0.3545499751367479,0.6732344574945975,0.6704397995170522,0.6718356753780268,0.6703681146851148,0.2469267808216118,0.7152679514695616,0.5821554770318021,0.2428150331613854,0.3426937077483099,0.3079192194236442,1.0
0.2467128027681661,0.6298586572438163,0.2833897422546212,0.3545499751367479,0.6732344574945975,0.6704397995170522,0.6718356753780268,0.6703681146851148,0.2469267808216118,0.7152679514695616,0.5821554770318021,0.2428150331613854,0.3426937077483099,0.3079192194236442,1.0
0.2467128027681661,0.6298586572438163,0.2833897422546212,0.3545499751367479,0.6732344574945975,0.6704397995170522,0.6718356753780268,0.6703681146851148,0.2469267808216118,0.7152679514695616,0.5821554770318021,0.2428150331613854,0.3426937077483099,0.3079192194236442,1.0
0.2467128027681661,0.6298586572438163,0.2833897422546212,0.3545499751367479,0.6732344574945975,0.6704397995170522,0.6718356753780268,0.6703681146851148,0.2469267808216118,0.7152679514695616,0.5821554770318021,0.2428150331613854,0.3426937077483099,0.3079192194236442,1.0
0.2467128027681661,0.6298586572438163,0.2833897422546212,0.3545499751367479,0.6732344574945975,0.6704397995170522,0.6718356753780268,0.6703681146851148,0.2469267808216118,0.7152679514695616,0.5821554770318021,0.2428150331613854,0.3426937077483099,0.3079192194236442,1.0
0.2467128027681661,0.6298586572438163,0.2833897422546212,0.3545499751367479,0.6732344574945975,0.6704397995170522,0.6718356753780268,0.6703681146851148,0.2469267808216118,0.7152679514695616,0.5821554770318021,0.2428150331613854,0.3426937077483099,0.3079192194236442,1.0
0.2467128027681661,0.6298586572438163,0.2833897422546212,0.3545499751367479,0.6732344574945975,0.6704397995170522,0.6718356753780268,0.6703681146851148,0.2469267808216118,0.7152679514695616,0.5821554770318021,0.2428150331613854,0.3426937077483099,0.3079192194236442,1.0
0.2467128027681661,0.6298586572438163,0.2833897422546212,0.3545499751367479,0.6732344574945975,0.6704397995170522,0.6718356753780268,0.6703681146851148,0.2469267808216118,0.7152679514695616,0.5821554770318021,0.2428150331613854,0.3426937077483099,0.3079192194236442,1.0
0.2467128027681661,0.6298586572438163,0.2833897422546212,0.3545499751367479,0.6732344574945975,0.6704397995170522,0.6718356753780268,0.6703681146851148,0.2469267808216118,0.7152679514695616,0.5821554770318021,0.2428150331613854,0.3426937077483099,0.3079192194236442,1.0
0.2467128027681661,0.6298586572438163,0.2833897422546212,0.3545499751367479,0.6732344574945975,0.6704397995170522,0.6718356753780268,0.6703681146851148,0.2469267808216118,0.7152679514695616,0.5821554770318021,0.2428150331613854,0.3426937077483099,0.3079192194236442,1.0
0.2467128027681661,0.6298586572438163,0.2833897422546212,0.3545499751367479,0.6732344574945975,0.6704397995170522,0.6718356753780268,0.6703681146851148,0.2469267808216118,0.7152679514695616,0.5821554770318021,0.2428150331613854,0.3426937077483099,0.3079192194236442,1.0
0.2467128027681661,0.6298586572438163,0.2833897422546212,0.3545499751367479,0.6732344574945975,0.6704397995170522,0.6718356753780268,0.6703681146851148,0.2469267808216118,0.7152679514695616,0.5821554770318021,0.2428150331613854,0.3426937077483099,0.3079192194236442,1.0
0.2467128027681661,0.6298586572438163,0.2833897422546212,0.3545499751367479,0.6732344574945975,0.6704397995170522,0.6718356753780268,0.6703681146851148,0.2469267808216118,0.7152679514695616,0.5821554770318021,0.2428150331613854,0.3426937077483099,0.3079192194236442,1.0
0.2467128027681661,0.6298586572438163,0.2833897422546212,0.3545499751367479,0.6732344574945975,0.6704397995170522,0.6718356753780268,0.6703681146851148,0.2469267808216118,0.7152679514695616,0.5821554770318021,0.2428150331613854,0.3426937077483099,0.3079192194236442,1.0
0.2467128027681661,0.6298586572438163,0.2833897422546212,0.3545499751367479,0.6732344574945975,0.6704397995170522,0.6718356753780268,0.6703681146851148,0.2469267808216118,0.7152679514695616,0.5821554770318021,0.2428150331613854,0.3426937077483099,0.3079192194236442,1.0
0.2467128027681661,0.6298586572438163,0.2833897422546212,0.3545499751367479,0.6732344574945975,0.6704397995170522,0.6718356753780268,0.6703681146851148,0.2469267808216118,0.7152679514695616,0.5821554770318021,0.2428150331613854,0.3426937077483099,0.3079192194236442,1.0
0.2467128027681661,0.6298586572438163,0.2833897422546212,0.3545499751367479,0.6732344574945975,0.6704397995170522,0.6718356753780268,0.6703681146851148,0.2469267808216118,0.7152679514695616,0.5821554770318021,0.2428150331613854,0.3426937077483099,0.3079192194236442,1.0
0.4505494505494505,0.5394736842105263,0.1785714285714285,0.4910179640718563,0.6804511278195489,0.6512430939226519,0.665686936738555,0.6507348839086082,0.3390250393847127,0.6257821424309067,0.4868421052631579,0.4457831325301205,0.4654088050314465,0.2331460674157303,1.0
0.4505494505494505,0.5394736842105263,0.1785714285714285,0.4910179640718563,0.6804511278195489,0.6512430939226519,0.665686936738555,0.6507348839086082,0.3390250393847127,0.6257821424309067,0.4868421052631579,0.4457831325301205,0.4654088050314465,0.2331460674157303,1.0
0.4505494505494505,0.5394736842105263,0.1785714285714285,0.4910179640718563,0.6804511278195489,0.6512430939226519,0.665686936738555,0.6507348839086082,0.3390250393847127,0.6257821424309067,0.4868421052631579,0.4457831325301205,0.4654088050314465,0.2331460674157303,1.0
0.4505494505494505,0.5394736842105263,0.1785714285714285,0.4910179640718563,0.6804511278195489,0.6512430939226519,0.665686936738555,0.6507348839086082,0.3390250393847127,0.6257821424309067,0.4868421052631579,0.4457831325301205,0.4654088050314465,0.2331460674157303,1.0
0.4505494505494505,0.5394736842105263,0.1785714285714285,0.4910179640718563,0.6804511278195489,0.6512430939226519,0.665686936738555,0.6507348839086082,0.3390250393847127,0.6257821424309067,0.4868421052631579,0.4457831325301205,0.4654088050314465,0.2331460674157303,1.0
0.4505494505494505,0.5394736842105263,0.1785714285714285,0.4910179640718563,0.6804511278195489,0.6512430939226519,0.665686936738555,0.6507348839086082,0.3390250393847127,0.6257821424309067,0.4868421052631579,0.4457831325301205,0.4654088050314465,0.2331460674157303,1.0
0.4505494505494505,0.5394736842105263,0.1785714285714285,0.4910179640718563,0.6804511278195489,0.6512430939226519,0.665686936738555,0.6507348839086082,0.3390250393847127,0.6257821424309067,0.4868421052631579,0.4457831325301205,0.4654088050314465,0.2331460674157303,1.0
0.4505494505494505,0.5394736842105263,0.1785714285714285,0.4910179640718563,0.6804511278195489,0.6512430939226519,0.665686936738555,0.6507348839086082,0.3390250393847127,0.6257821424309067,0.4868421052631579,0.4457831325301205,0.4654088050314465,0.2331460674157303,1.0
0.4505494505494505,0.5394736842105263,0.1785714285714285,0.4910179640718563,0.6804511278195489,0.6512430939226519,0.665686936738555,0.6507348839086082,0.3390250393847127,0.6257821424309067,0.4868421052631579,0.4457831325301205,0.4654088050314465,0.2331460674157303,1.0
0.4505494505494505,0.5394736842105263,0.1785714285714285,0.4910179640718563,0.6804511278195489,0.6512430939226519,0.665686936738555,0.6507348839086082,0.3390250393847127,0.6257821424309067,0.4868421052631579,0.4457831325301205,0.4654088050314465,0.2331460674157303,1.0
0.4505494505494505,0.5394736842105263,0.1785714285714285,0.4910179640718563,0.6804511278195489,0.6512430939226519,0.665686936738555,0.6507348839086082,0.3390250393847127,0.6257821424309067,0.4868421052631579,0.4457831325301205,0.4654088050314465,0.2331460674157303,1.0
0.4505494505494505,0.5394736842105263,0.1785714285714285,0.4910179640718563,0.6804511278195489,0.6512430939226519,0.665686936738555,0.6507348839086082,0.3390250393847127,0.6257821424309067,0.4868421052631579,0.4457831325301205,0.4654088050314465,0.2331460674157303,1.0
0.4505494505494505,0.5394736842105263,0.1785714285714285,0.4910179640718563,0.6804511278195489,0.6512430939226519,0.665686936738555,0.6507348839086082,0.3390250393847127,0.6257821424309067,0.4868421052631579,0.4457831325301205,0.4654088050314465,0.2331460674157303,1.0
0.4505494505494505,0.5394736842105263,0.1785714285714285,0.4910179640718563,0.6804511278195489,0.6512430939226519,0.665686936738555,0.6507348839086082,0.3390250393847127,0.6257821424309067,0.4868421052631579,0.4457831325301205,0.4654088050314465,0.2331460674157303,1.0
0.4505494505494505,0.5394736842105263,0.1785714285714285,0.4910179640718563,0.6804511278195489,0.6512430939226519,0.665686936738555,0.6507348839086082,0.3390250393847127,0.6257821424309067,0.4868421052631579,0.4457831325301205,0.4654088050314465,0.2331460674157303,1.0
0.4505494505494505,0.5394736842105263,0.1785714285714285,0.4910179640718563,0.6804511278195489,0.6512430939226519,0.665686936738555,0.6507348839086082,0.3390250393847127,0.6257821424309067,0.4868421052631579,0.4457831325301205,0.4654088050314465,0.2331460674157303,1.0
0.4505494505494505,0.5394736842105263,0.1785714285714285,0.4910179640718563,0.6804511278195489,0.6512430939226519,0.665686936738555,0.6507348839086082,0.3390250393847127,0.6257821424309067,0.4868421052631579,0.4457831325301205,0.4654088050314465,0.2331460674157303,1.0
0.4505494505494505,0.5394736842105263,0.1785714285714285,0.4910179640718563,0.6804511278195489,0.6512430939226519,0.665686936738555,0.6507348839086082,0.3390250393847127,0.6257821424309067,0.4868421052631579,0.4457831325301205,0.4654088050314465,0.2331460674157303,1.0
0.4505494505494505,0.5394736842105263,0.1785714285714285,0.4910179640718563,0.6804511278195489,0.6512430939226519,0.665686936738555,0.6507348839086082,0.3390250393847127,0.6257821424309067,0.4868421052631579,0.4457831325301205,0.4654088050314465,0.2331460674157303,1.0
0.4505494505494505,0.5394736842105263,0.1785714285714285,0.4910179640718563,0.6804511278195489,0.6512430939226519,0.665686936738555,0.6507348839086082,0.3390250393847127,0.6257821424309067,0.4868421052631579,0.4457831325301205,0.4654088050314465,0.2331460674157303,1.0
0.4505494505494505,0.5394736842105263,0.1785714285714285,0.4910179640718563,0.6804511278195489,0.6512430939226519,0.665686936738555,0.6507348839086082,0.3390250393847127,0.6257821424309067,0.4868421052631579,0.4457831325301205,0.4654088050314465,0.2331460674157303,1.0
0.4505494505494505,0.5394736842105263,0.1785714285714285,0.4910179640718563,0.6804511278195489,0.6512430939226519,0.665686936738555,0.6507348839086082,0.3390250393847127,0.6257821424309067,0.4868421052631579,0.4457831325301205,0.4654088050314465,0.2331460674157303,1.0
0.4505494505494505,0.5394736842105263,0.1785714285714285,0.4910179640718563,0.6804511278195489,0.6512430939226519,0.665686936738555,0.6507348839086082,0.3390250393847127,0.6257821424309067,0.4868421052631579,0.4457831325301205,0.4654088050314465,0.2331460674157303,1.0
0.4505494505494505,0.5394736842105263,0.1785714285714285,0.4910179640718563,0.6804511278195489,0.6512430939226519,0.665686936738555,0.6507348839086082,0.3390250393847127,0.6257821424309067,0.4868421052631579,0.4457831325301205,0.4654088050314465,0.2331460674157303,1.0
0.4505494505494505,0.5394736842105263,0.1785714285714285,0.4910179640718563,0.6804511278195489,0.6512430939226519,0.665686936738555,0.6507348839086082,0.3390250393847127,0.6257821424309067,0.4868421052631579,0.4457831325301205,0.4654088050314465,0.2331460674157303,1.0
0.4505494505494505,0.5394736842105263,0.1785714285714285,0.4910179640718563,0.6804511278195489,0.6512430939226519,0.665686936738555,0.6507348839086082,0.3390250393847127,0.6257821424309067,0.4868421052631579,0.4457831325301205,0.4654088050314465,0.2331460674157303,1.0
0.4505494505494505,0.5394736842105263,0.1785714285714285,0.4910179640718563,0.6804511278195489,0.6512430939226519,0.665686936738555,0.6507348839086082,0.3390250393847127,0.6257821424309067,0.4868421052631579,0.4457831325301205,0.4654088050314465,0.2331460674157303,1.0
0.4505494505494505,0.5394736842105263,0.1785714285714285,0.4910179640718563,0.6804511278195489,0.6512430939226519,0.665686936738555,0.6507348839086082,0.3390250393847127,0.6257821424309067,0.4868421052631579,0.4457831325301205,0.4654088050314465,0.2331460674157303,1.0
0.4505494505494505,0.5394736842105263,0.1785714285714285,0.4910179640718563,0.6804511278195489,0.6512430939226519,0.665686936738555,0.6507348839086082,0.3390250393847127,0.6257821424309067,0.4868421052631579,0.4457831325301205,0.4654088050314465,0.2331460674157303,1.0
0.4505494505494505,0.5394736842105263,0.1785714285714285,0.4910179640718563,0.6804511278195489,0.6512430939226519,0.665686936738555,0.6507348839086082,0.3390250393847127,0.6257821424309067,0.4868421052631579,0.4457831325301205,0.4654088050314465,0.2331460674157303,1.0
0.4505494505494505,0.5394736842105263,0.1785714285714285,0.4910179640718563,0.6804511278195489,0.6512430939226519,0.665686936738555,0.6507348839086082,0.3390250393847127,0.6257821424309067,0.4868421052631579,0.4457831325301205,0.4654088050314465,0.2331460674157303,1.0
0.4505494505494505,0.5394736842105263,0.1785714285714285,0.4910179640718563,0.6804511278195489,0.6512430939226519,0.665686936738555,0.6507348839086082,0.3390250393847127,0.6257821424309067,0.4868421052631579,0.4457831325301205,0.4654088050314465,0.2331460674157303,1.0
0.4505494505494505,0.5394736842105263,0.1785714285714285,0.4910179640718563,0.6804511278195489,0.6512430939226519,0.665686936738555,0.6507348839086082,0.3390250393847127,0.6257821424309067,0.4868421052631579,0.4457831325301205,0.4654088050314465,0.2331460674157303,1.0
0.4505494505494505,0.5394736842105263,0.1785714285714285,0.4910179640718563,0.6804511278195489,0.6512430939226519,0.665686936738555,0.6507348839086082,0.3390250393847127,0.6257821424309067,0.4868421052631579,0.4457831325301205,0.4654088050314465,0.2331460674157303,1.0
0.4505494505494505,0.5394736842105263,0.1785714285714285,0.4910179640718563,0.6804511278195489,0.6512430939226519,0.665686936738555,0.6507348839086082,0.3390250393847127,0.6257821424309067,0.4868421052631579,0.4457831325301205,0.4654088050314465,0.2331460674157303,1.0
0.4505494505494505,0.5394736842105263,0.1785714285714285,0.4910179640718563,0.6804511278195489,0.6512430939226519,0.665686936738555,0.6507348839086082,0.3390250393847127,0.6257821424309067,0.4868421052631579,0.4457831325301205,0.4654088050314465,0.2331460674157303,1.0
0.4505494505494505,0.5394736842105263,0.1785714285714285,0.4910179640718563,0.6804511278195489,0.6512430939226519,0.665686936738555,0.6507348839086082,0.3390250393847127,0.6257821424309067,0.4868421052631579,0.4457831325301205,0.4654088050314465,0.2331460674157303,1.0
0.4505494505494505,0.5394736842105263,0.1785714285714285,0.4910179640718563,0.6804511278195489,0.6512430939226519,0.665686936738555,0.6507348839086082,0.3390250393847127,0.6257821424309067,0.4868421052631579,0.4457831325301205,0.4654088050314465,0.2331460674157303,1.0
0.4505494505494505,0.5394736842105263,0.1785714285714285,0.4910179640718563,0.6804511278195489,0.6512430939226519,0.665686936738555,0.6507348839086082,0.3390250393847127,0.6257821424309067,0.4868421052631579,0.4457831325301205,0.4654088050314465,0.2331460674157303,1.0
0.4505494505494505,0.5394736842105263,0.1785714285714285,0.4910179640718563,0.6804511278195489,0.6512430939226519,0.665686936738555,0.6507348839086082,0.3390250393847127,0.6257821424309067,0.4868421052631579,0.4457831325301205,0.4654088050314465,0.2331460674157303,1.0
0.4505494505494505,0.5394736842105263,0.1785714285714285,0.4910179640718563,0.6804511278195489,0.6512430939226519,0.665686936738555,0.6507348839086082,0.3390250393847127,0.6257821424309067,0.4868421052631579,0.4457831325301205,0.4654088050314465,0.2331460674157303,1.0
0.4505494505494505,0.5394736842105263,0.1785714285714285,0.4910179640718563,0.6804511278195489,0.6512430939226519,0.665686936738555,0.6507348839086082,0.3390250393847127,0.6257821424309067,0.4868421052631579,0.4457831325301205,0.4654088050314465,0.2331460674157303,1.0
0.4505494505494505,0.5394736842105263,0.1785714285714285,0.4910179640718563,0.6804511278195489,0.6512430939226519,0.665686936738555,0.6507348839086082,0.3390250393847127,0.6257821424309067,0.4868421052631579,0.4457831325301205,0.4654088050314465,0.2331460674157303,1.0
0.4505494505494505,0.5394736842105263,0.1785714285714285,0.4910179640718563,0.6804511278195489,0.6512430939226519,0.665686936738555,0.6507348839086082,0.3390250393847127,0.6257821424309067,0.4868421052631579,0.4457831325301205,0.4654088050314465,0.2331460674157303,1.0
0.4505494505494505,0.5394736842105263,0.1785714285714285,0.4910179640718563,0.6804511278195489,0.6512430939226519,0.665686936738555,0.6507348839086082,0.3390250393847127,0.6257821424309067,0.4868421052631579,0.4457831325301205,0.4654088050314465,0.2331460674157303,1.0
0.4505494505494505,0.5394736842105263,0.1785714285714285,0.4910179640718563,0.6804511278195489,0.6512430939226519,0.665686936738555,0.6507348839086082,0.3390250393847127,0.6257821424309067,0.4868421052631579,0.4457831325301205,0.4654088050314465,0.2331460674157303,1.0
0.4505494505494505,0.5394736842105263,0.1785714285714285,0.4910179640718563,0.6804511278195489,0.6512430939226519,0.665686936738555,0.6507348839086082,0.3390250393847127,0.6257821424309067,0.4868421052631579,0.4457831325301205,0.4654088050314465,0.2331460674157303,1.0
0.4505494505494505,0.5394736842105263,0.1785714285714285,0.4910179640718563,0.6804511278195489,0.6512430939226519,0.665686936738555,0.6507348839086082,0.3390250393847127,0.6257821424309067,0.4868421052631579,0.4457831325301205,0.4654088050314465,0.2331460674157303,1.0
0.4505494505494505,0.5394736842105263,0.1785714285714285,0.4910179640718563,0.6804511278195489,0.6512430939226519,0.665686936738555,0.6507348839086082,0.3390250393847127,0.6257821424309067,0.4868421052631579,0.4457831325301205,0.4654088050314465,0.2331460674157303,1.0
0.4505494505494505,0.5394736842105263,0.1785714285714285,0.4910179640718563,0.6804511278195489,0.6512430939226519,0.665686936738555,0.6507348839086082,0.3390250393847127,0.6257821424309067,0.4868421052631579,0.4457831325301205,0.4654088050314465,0.2331460674157303,1.0
0.3645131659522351,0.540522133938706,0.2865525334806019,0.4354027612690865,0.6269848002290521,0.6150613968876876,0.6209944823073942,0.6170951398556086,0.2257949260210506,0.6050480404330886,0.4774120317820658,0.3601027397260274,0.4105417276720351,0.309141919432534,1.0
0.3645131659522351,0.540522133938706,0.2865525334806019,0.4354027612690865,0.6269848002290521,0.6150613968876876,0.6209944823073942,0.6170951398556086,0.2257949260210506,0.6050480404330886,0.4774120317820658,0.3601027397260274,0.4105417276720351,0.309141919432534,1.0
0.3645131659522351,0.540522133938706,0.2865525334806019,0.4354027612690865,0.6269848002290521,0.6150613968876876,0.6209944823073942,0.6170951398556086,0.2257949260210506,0.6050480404330886,0.4774120317820658,0.3601027397260274,0.4105417276720351,0.309141919432534,1.0
0.3645131659522351,0.540522133938706,0.2865525334806019,0.4354027612690865,0.6269848002290521,0.6150613968876876,0.6209944823073942,0.6170951398556086,0.2257949260210506,0.6050480404330886,0.4774120317820658,0.3601027397260274,0.4105417276720351,0.309141919432534,1.0
0.3645131659522351,0.540522133938706,0.2865525334806019,0.4354027612690865,0.6269848002290521,0.6150613968876876,0.6209944823073942,0.6170951398556086,0.2257949260210506,0.6050480404330886,0.4774120317820658,0.3601027397260274,0.4105417276720351,0.309141919432534,1.0
0.3645131659522351,0.540522133938706,0.2865525334806019,0.4354027612690865,0.6269848002290521,0.6150613968876876,0.6209944823073942,0.6170951398556086,0.2257949260210506,0.6050480404330886,0.4774120317820658,0.3601027397260274,0.4105417276720351,0.309141919432534,1.0
0.3645131659522351,0.540522133938706,0.2865525334806019,0.4354027612690865,0.6269848002290521,0.6150613968876876,0.6209944823073942,0.6170951398556086,0.2257949260210506,0.6050480404330886,0.4774120317820658,0.3601027397260274,0.4105417276720351,0.309141919432534,1.0
0.3645131659522351,0.540522133938706,0.2865525334806019,0.4354027612690865,0.6269848002290521,0.6150613968876876,0.6209944823073942,0.6170951398556086,0.2257949260210506,0.6050480404330886,0.4774120317820658,0.3601027397260274,0.4105417276720351,0.309141919432534,1.0
0.3645131659522351,0.540522133938706,0.2865525334806019,0.4354027612690865,0.6269848002290521,0.6150613968876876,0.6209944823073942,0.6170951398556086,0.2257949260210506,0.6050480404330886,0.4774120317820658,0.3601027397260274,0.4105417276720351,0.309141919432534,1.0
0.3645131659522351,0.540522133938706,0.2865525334806019,0.4354027612690865,0.6269848002290521,0.6150613968876876,0.6209944823073942,0.6170951398556086,0.2257949260210506,0.6050480404330886,0.4774120317820658,0.3601027397260274,0.4105417276720351,0.309141919432534,1.0
0.3645131659522351,0.540522133938706,0.2865525334806019,0.4354027612690865,0.6269848002290521,0.6150613968876876,0.6209944823073942,0.6170951398556086,0.2257949260210506,0.6050480404330886,0.4774120317820658,0.3601027397260274,0.4105417276720351,0.309141919432534,1.0
0.3645131659522351,0.540522133938706,0.2865525334806019,0.4354027612690865,0.6269848002290521,0.6150613968876876,0.6209944823073942,0.6170951398556086,0.2257949260210506,0.6050480404330886,0.4774120317820658,0.3601027397260274,0.4105417276720351,0.309141919432534,1.0
0.3645131659522351,0.540522133938706,0.2865525334806019,0.4354027612690865,0.6269848002290521,0.6150613968876876,0.6209944823073942,0.6170951398556086,0.2257949260210506,0.6050480404330886,0.4774120317820658,0.3601027397260274,0.4105417276720351,0.309141919432534,1.0
0.3645131659522351,0.540522133938706,0.2865525334806019,0.4354027612690865,0.6269848002290521,0.6150613968876876,0.6209944823073942,0.6170951398556086,0.2257949260210506,0.6050480404330886,0.4774120317820658,0.3601027397260274,0.4105417276720351,0.309141919432534,1.0
0.3645131659522351,0.540522133938706,0.2865525334806019,0.4354027612690865,0.6269848002290521,0.6150613968876876,0.6209944823073942,0.6170951398556086,0.2257949260210506,0.6050480404330886,0.4774120317820658,0.3601027397260274,0.4105417276720351,0.309141919432534,1.0
0.3645131659522351,0.540522133938706,0.2865525334806019,0.4354027612690865,0.6269848002290521,0.6150613968876876,0.6209944823073942,0.6170951398556086,0.2257949260210506,0.6050480404330886,0.4774120317820658,0.3601027397260274,0.4105417276720351,0.309141919432534,1.0
0.3645131659522351,0.540522133938706,0.2865525334806019,0.4354027612690865,0.6269848002290521,0.6150613968876876,0.6209944823073942,0.6170951398556086,0.2257949260210506,0.6050480404330886,0.4774120317820658,0.3601027397260274,0.4105417276720351,0.309141919432534,1.0
0.3645131659522351,0.540522133938706,0.2865525334806019,0.4354027612690865,0.6269848002290521,0.6150613968876876,0.6209944823073942,0.6170951398556086,0.2257949260210506,0.6050480404330886,0.4774120317820658,0.3601027397260274,0.4105417276720351,0.309141919432534,1.0
0.3645131659522351,0.540522133938706,0.2865525334806019,0.4354027612690865,0.6269848002290521,0.6150613968876876,0.6209944823073942,0.6170951398556086,0.2257949260210506,0.6050480404330886,0.4774120317820658,0.3601027397260274,0.4105417276720351,0.309141919432534,1.0
0.3645131659522351,0.540522133938706,0.2865525334806019,0.4354027612690865,0.6269848002290521,0.6150613968876876,0.6209944823073942,0.6170951398556086,0.2257949260210506,0.6050480404330886,0.4774120317820658,0.3601027397260274,0.4105417276720351,0.309141919432534,1.0
0.3645131659522351,0.540522133938706,0.2865525334806019,0.4354027612690865,0.6269848002290521,0.6150613968876876,0.6209944823073942,0.6170951398556086,0.2257949260210506,0.6050480404330886,0.4774120317820658,0.3601027397260274,0.4105417276720351,0.309141919432534,1.0
0.3645131659522351,0.540522133938706,0.2865525334806019,0.4354027612690865,0.6269848002290521,0.6150613968876876,0.6209944823073942,0.6170951398556086,0.2257949260210506,0.6050480404330886,0.4774120317820658,0.3601027397260274,0.4105417276720351,0.309141919432534,1.0
0.3645131659522351,0.540522133938706,0.2865525334806019,0.4354027612690865,0.6269848002290521,0.6150613968876876,0.6209944823073942,0.6170951398556086,0.2257949260210506,0.6050480404330886,0.4774120317820658,0.3601027397260274,0.4105417276720351,0.309141919432534,1.0
0.3645131659522351,0.540522133938706,0.2865525334806019,0.4354027612690865,0.6269848002290521,0.6150613968876876,0.6209944823073942,0.6170951398556086,0.2257949260210506,0.6050480404330886,0.4774120317820658,0.3601027397260274,0.4105417276720351,0.309141919432534,1.0
0.3645131659522351,0.540522133938706,0.2865525334806019,0.4354027612690865,0.6269848002290521,0.6150613968876876,0.6209944823073942,0.6170951398556086,0.2257949260210506,0.6050480404330886,0.4774120317820658,0.3601027397260274,0.4105417276720351,0.309141919432534,1.0
0.3645131659522351,0.540522133938706,0.2865525334806019,0.4354027612690865,0.6269848002290521,0.6150613968876876,0.6209944823073942,0.6170951398556086,0.2257949260210506,0.6050480404330886,0.4774120317820658,0.3601027397260274,0.4105417276720351,0.309141919432534,1.0
0.3645131659522351,0.540522133938706,0.2865525334806019,0.4354027612690865,0.6269848002290521,0.6150613968876876,0.6209944823073942,0.6170951398556086,0.2257949260210506,0.6050480404330886,0.4774120317820658,0.3601027397260274,0.4105417276720351,0.309141919432534,1.0
0.3645131659522351,0.540522133938706,0.2865525334806019,0.4354027612690865,0.6269848002290521,0.6150613968876876,0.6209944823073942,0.6170951398556086,0.2257949260210506,0.6050480404330886,0.4774120317820658,0.3601027397260274,0.4105417276720351,0.309141919432534,1.0
0.3645131659522351,0.540522133938706,0.2865525334806019,0.4354027612690865,0.6269848002290521,0.6150613968876876,0.6209944823073942,0.6170951398556086,0.2257949260210506,0.6050480404330886,0.4774120317820658,0.3601027397260274,0.4105417276720351,0.309141919432534,1.0
0.3645131659522351,0.540522133938706,0.2865525334806019,0.4354027612690865,0.6269848002290521,0.6150613968876876,0.6209944823073942,0.6170951398556086,0.2257949260210506,0.6050480404330886,0.4774120317820658,0.3601027397260274,0.4105417276720351,0.309141919432534,1.0
0.3645131659522351,0.540522133938706,0.2865525334806019,0.4354027612690865,0.6269848002290521,0.6150613968876876,0.6209944823073942,0.6170951398556086,0.2257949260210506,0.6050480404330886,0.4774120317820658,0.3601027397260274,0.4105417276720351,0.309141919432534,1.0
0.3645131659522351,0.540522133938706,0.2865525334806019,0.4354027612690865,0.6269848002290521,0.6150613968876876,0.6209944823073942,0.6170951398556086,0.2257949260210506,0.6050480404330886,0.4774120317820658,0.3601027397260274,0.4105417276720351,0.309141919432534,1.0
0.3645131659522351,0.540522133938706,0.2865525334806019,0.4354027612690865,0.6269848002290521,0.6150613968876876,0.6209944823073942,0.6170951398556086,0.2257949260210506,0.6050480404330886,0.4774120317820658,0.3601027397260274,0.4105417276720351,0.309141919432534,1.0
0.3645131659522351,0.540522133938706,0.2865525334806019,0.4354027612690865,0.6269848002290521,0.6150613968876876,0.6209944823073942,0.6170951398556086,0.2257949260210506,0.6050480404330886,0.4774120317820658,0.3601027397260274,0.4105417276720351,0.309141919432534,1.0
0.3645131659522351,0.540522133938706,0.2865525334806019,0.4354027612690865,0.6269848002290521,0.6150613968876876,0.6209944823073942,0.6170951398556086,0.2257949260210506,0.6050480404330886,0.4774120317820658,0.3601027397260274,0.4105417276720351,0.309141919432534,1.0
0.3645131659522351,0.540522133938706,0.2865525334806019,0.4354027612690865,0.6269848002290521,0.6150613968876876,0.6209944823073942,0.6170951398556086,0.2257949260210506,0.6050480404330886,0.4774120317820658,0.3601027397260274,0.4105417276720351,0.309141919432534,1.0
0.3645131659522351,0.540522133938706,0.2865525334806019,0.4354027612690865,0.6269848002290521,0.6150613968876876,0.6209944823073942,0.6170951398556086,0.2257949260210506,0.6050480404330886,0.4774120317820658,0.3601027397260274,0.4105417276720351,0.309141919432534,1.0
0.3645131659522351,0.540522133938706,0.2865525334806019,0.4354027612690865,0.6269848002290521,0.6150613968876876,0.6209944823073942,0.6170951398556086,0.2257949260210506,0.6050480404330886,0.4774120317820658,0.3601027397260274,0.4105417276720351,0.309141919432534,1.0
0.3645131659522351,0.540522133938706,0.2865525334806019,0.4354027612690865,0.6269848002290521,0.6150613968876876,0.6209944823073942,0.6170951398556086,0.2257949260210506,0.6050480404330886,0.4774120317820658,0.3601027397260274,0.4105417276720351,0.309141919432534,1.0
0.3645131659522351,0.540522133938706,0.2865525334806019,0.4354027612690865,0.6269848002290521,0.6150613968876876,0.6209944823073942,0.6170951398556086,0.2257949260210506,0.6050480404330886,0.4774120317820658,0.3601027397260274,0.4105417276720351,0.309141919432534,1.0
0.3645131659522351,0.540522133938706,0.2865525334806019,0.4354027612690865,0.6269848002290521,0.6150613968876876,0.6209944823073942,0.6170951398556086,0.2257949260210506,0.6050480404330886,0.4774120317820658,0.3601027397260274,0.4105417276720351,0.309141919432534,1.0
0.3645131659522351,0.540522133938706,0.2865525334806019,0.4354027612690865,0.6269848002290521,0.6150613968876876,0.6209944823073942,0.6170951398556086,0.2257949260210506,0.6050480404330886,0.4774120317820658,0.3601027397260274,0.4105417276720351,0.309141919432534,1.0
0.3645131659522351,0.540522133938706,0.2865525334806019,0.4354027612690865,0.6269848002290521,0.6150613968876876,0.6209944823073942,0.6170951398556086,0.2257949260210506,0.6050480404330886,0.4774120317820658,0.3601027397260274,0.4105417276720351,0.309141919432534,1.0
0.3645131659522351,0.540522133938706,0.2865525334806019,0.4354027612690865,0.6269848002290521,0.6150613968876876,0.6209944823073942,0.6170951398556086,0.2257949260210506,0.6050480404330886,0.4774120317820658,0.3601027397260274,0.4105417276720351,0.309141919432534,1.0
0.3645131659522351,0.540522133938706,0.2865525334806019,0.4354027612690865,0.6269848002290521,0.6150613968876876,0.6209944823073942,0.6170951398556086,0.2257949260210506,0.6050480404330886,0.4774120317820658,0.3601027397260274,0.4105417276720351,0.309141919432534,1.0
0.3645131659522351,0.540522133938706,0.2865525334806019,0.4354027612690865,0.6269848002290521,0.6150613968876876,0.6209944823073942,0.6170951398556086,0.2257949260210506,0.6050480404330886,0.4774120317820658,0.3601027397260274,0.4105417276720351,0.309141919432534,1.0
0.3645131659522351,0.540522133938706,0.2865525334806019,0.4354027612690865,0.6269848002290521,0.6150613968876876,0.6209944823073942,0.6170951398556086,0.2257949260210506,0.6050480404330886,0.4774120317820658,0.3601027397260274,0.4105417276720351,0.309141919432534,1.0
0.3645131659522351,0.540522133938706,0.2865525334806019,0.4354027612690865,0.6269848002290521,0.6150613968876876,0.6209944823073942,0.6170951398556086,0.2257949260210506,0.6050480404330886,0.4774120317820658,0.3601027397260274,0.4105417276720351,0.309141919432534,1.0
0.3645131659522351,0.540522133938706,0.2865525334806019,0.4354027612690865,0.6269848002290521,0.6150613968876876,0.6209944823073942,0.6170951398556086,0.2257949260210506,0.6050480404330886,0.4774120317820658,0.3601027397260274,0.4105417276720351,0.309141919432534,1.0
0.3645131659522351,0.540522133938706,0.2865525334806019,0.4354027612690865,0.6269848002290521,0.6150613968876876,0.6209944823073942,0.6170951398556086,0.2257949260210506,0.6050480404330886,0.4774120317820658,0.3601027397260274,0.4105417276720351,0.309141919432534,1.0
0.1657785671995263,0.7052896725440806,0.5681451612903226,0.2684563758389262,0.568572255626879,0.5356975384673099,0.5518901682220161,0.5474278502786645,0.0960674979562409,0.6521544319338477,0.5944584382871536,0.161754626456477,0.2543103448275862,0.5071254779283977,2.0
0.1657785671995263,0.7052896725440806,0.5681451612903226,0.2684563758389262,0.568572255626879,0.5356975384673099,0.5518901682220161,0.5474278502786645,0.0960674979562409,0.6521544319338477,0.5944584382871536,0.161754626456477,0.2543103448275862,0.5071254779283977,2.0
0.1657785671995263,0.7052896725440806,0.5681451612903226,0.2684563758389262,0.568572255626879,0.5356975384673099,0.5518901682220161,0.5474278502786645,0.0960674979562409,0.6521544319338477,0.5944584382871536,0.161754626456477,0.2543103448275862,0.5071254779283977,2.0
0.1657785671995263,0.7052896725440806,0.5681451612903226,0.2684563758389262,0.568572255626879,0.5356975384673099,0.5518901682220161,0.5474278502786645,0.0960674979562409,0.6521544319338477,0.5944584382871536,0.161754626456477,0.2543103448275862,0.5071254779283977,2.0
0.1657785671995263,0.7052896725440806,0.5681451612903226,0.2684563758389262,0.568572255626879,0.5356975384673099,0.5518901682220161,0.5474278502786645,0.0960674979562409,0.6521544319338477,0.5944584382871536,0.161754626456477,0.2543103448275862,0.5071254779283977,2.0
0.1657785671995263,0.7052896725440806,0.5681451612903226,0.2684563758389262,0.568572255626879,0.5356975384673099,0.5518901682220161,0.5474278502786645,0.0960674979562409,0.6521544319338477,0.5944584382871536,0.161754626456477,0.2543103448275862,0.5071254779283977,2.0
0.1657785671995263,0.7052896725440806,0.5681451612903226,0.2684563758389262,0.568572255626879,0.5356975384673099,0.5518901682220161,0.5474278502786645,0.0960674979562409,0.6521544319338477,0.5944584382871536,0.161754626456477,0.2543103448275862,0.5071254779283977,2.0
0.1657785671995263,0.7052896725440806,0.5681451612903226,0.2684563758389262,0.568572255626879,0.5356975384673099,0.5518901682220161,0.5474278502786645,0.0960674979562409,0.6521544319338477,0.5944584382871536,0.161754626456477,0.2543103448275862,0.5071254779283977,2.0
0.1657785671995263,0.7052896725440806,0.5681451612903226,0.2684563758389262,0.568572255626879,0.5356975384673099,0.5518901682220161,0.5474278502786645,0.0960674979562409,0.6521544319338477,0.5944584382871536,0.161754626456477,0.2543103448275862,0.5071254779283977,2.0
0.1657785671995263,0.7052896725440806,0.5681451612903226,0.2684563758389262,0.568572255626879,0.5356975384673099,0.5518901682220161,0.5474278502786645,0.0960674979562409,0.6521544319338477,0.5944584382871536,0.161754626456477,0.2543103448275862,0.5071254779283977,2.0
0.1657785671995263,0.7052896725440806,0.5681451612903226,0.2684563758389262,0.568572255626879,0.5356975384673099,0.5518901682220161,0.5474278502786645,0.0960674979562409,0.6521544319338477,0.5944584382871536,0.161754626456477,0.2543103448275862,0.5071254779283977,2.0
0.1657785671995263,0.7052896725440806,0.5681451612903226,0.2684563758389262,0.568572255626879,0.5356975384673099,0.5518901682220161,0.5474278502786645,0.0960674979562409,0.6521544319338477,0.5944584382871536,0.161754626456477,0.2543103448275862,0.5071254779283977,2.0
0.1657785671995263,0.7052896725440806,0.5681451612903226,0.2684563758389262,0.568572255626879,0.5356975384673099,0.5518901682220161,0.5474278502786645,0.0960674979562409,0.6521544319338477,0.5944584382871536,0.161754626456477,0.2543103448275862,0.5071254779283977,2.0
0.1657785671995263,0.7052896725440806,0.5681451612903226,0.2684563758389262,0.568572255626879,0.5356975384673099,0.5518901682220161,0.5474278502786645,0.0960674979562409,0.6521544319338477,0.5944584382871536,0.161754626456477,0.2543103448275862,0.5071254779283977,2.0
0.1657785671995263,0.7052896725440806,0.5681451612903226,0.2684563758389262,0.568572255626879,0.5356975384673099,0.5518901682220161,0.5474278502786645,0.0960674979562409,0.6521544319338477,0.5944584382871536,0.161754626456477,0.2543103448275862,0.5071254779283977,2.0
0.1657785671995263,0.7052896725440806,0.5681451612903226,0.2684563758389262,0.568572255626879,0.5356975384673099,0.5518901682220161,0.5474278502786645,0.0960674979562409,0.6521544319338477,0.5944584382871536,0.161754626456477,0.2543103448275862,0.5071254779283977,2.0
0.1657785671995263,0.7052896725440806,0.5681451612903226,0.2684563758389262,0.568572255626879,0.5356975384673099,0.5518901682220161,0.5474278502786645,0.0960674979562409,0.6521544319338477,0.5944584382871536,0.161754626456477,0.2543103448275862,0.5071254779283977,2.0
0.1657785671995263,0.7052896725440806,0.5681451612903226,0.2684563758389262,0.568572255626879,0.5356975384673099,0.5518901682220161,0.5474278502786645,0.0960674979562409,0.6521544319338477,0.5944584382871536,0.161754626456477,0.2543103448275862,0.5071254779283977,2.0
0.1657785671995263,0.7052896725440806,0.5681451612903226,0.2684563758389262,0.568572255626879,0.5356975384673099,0.5518901682220161,0.5474278502786645,0.0960674979562409,0.6521544319338477,0.5944584382871536,0.161754626456477,0.2543103448275862,0.5071254779283977,2.0
0.1657785671995263,0.7052896725440806,0.5681451612903226,0.2684563758389262,0.568572255626879,0.5356975384673099,0.5518901682220161,0.5474278502786645,0.0960674979562409,0.6521544319338477,0.5944584382871536,0.161754626456477,0.2543103448275862,0.5071254779283977,2.0
0.1657785671995263,0.7052896725440806,0.5681451612903226,0.2684563758389262,0.568572255626879,0.5356975384673099,0.5518901682220161,0.5474278502786645,0.0960674979562409,0.6521544319338477,0.5944584382871536,0.161754626456477,0.2543103448275862,0.5071254779283977,2.0
0.1657785671995263,0.7052896725440806,0.5681451612903226,0.2684563758389262,0.568572255626879,0.5356975384673099,0.5518901682220161,0.5474278502786645,0.0960674979562409,0.6521544319338477,0.5944584382871536,0.161754626456477,0.2543103448275862,0.5071254779283977,2.0
0.1657785671995263,0.7052896725440806,0.5681451612903226,0.2684563758389262,0.568572255626879,0.5356975384673099,0.5518901682220161,0.5474278502786645,0.0960674979562409,0.6521544319338477,0.5944584382871536,0.161754626456477,0.2543103448275862,0.5071254779283977,2.0
0.1657785671995263,0.7052896725440806,0.5681451612903226,0.2684563758389262,0.568572255626879,0.5356975384673099,0.5518901682220161,0.5474278502786645,0.0960674979562409,0.6521544319338477,0.5944584382871536,0.161754626456477,0.2543103448275862,0.5071254779283977,2.0
0.1657785671995263,0.7052896725440806,0.5681451612903226,0.2684563758389262,0.568572255626879,0.5356975384673099,0.5518901682220161,0.5474278502786645,0.0960674979562409,0.6521544319338477,0.5944584382871536,0.161754626456477,0.2543103448275862,0.5071254779283977,2.0
0.1657785671995263,0.7052896725440806,0.5681451612903226,0.2684563758389262,0.568572255626879,0.5356975384673099,0.5518901682220161,0.5474278502786645,0.0960674979562409,0.6521544319338477,0.5944584382871536,0.161754626456477,0.2543103448275862,0.5071254779283977,2.0
0.1657785671995263,0.7052896725440806,0.5681451612903226,0.2684563758389262,0.568572255626879,0.5356975384673099,0.5518901682220161,0.5474278502786645,0.0960674979562409,0.6521544319338477,0.5944584382871536,0.161754626456477,0.2543103448275862,0.5071254779283977,2.0
0.1657785671995263,0.7052896725440806,0.5681451612903226,0.2684563758389262,0.568572255626879,0.5356975384673099,0.5518901682220161,0.5474278502786645,0.0960674979562409,0.6521544319338477,0.5944584382871536,0.161754626456477,0.2543103448275862,0.5071254779283977,2.0
0.1657785671995263,0.7052896725440806,0.5681451612903226,0.2684563758389262,0.568572255626879,0.5356975384673099,0.5518901682220161,0.5474278502786645,0.0960674979562409,0.6521544319338477,0.5944584382871536,0.161754626456477,0.2543103448275862,0.5071254779283977,2.0
0.1657785671995263,0.7052896725440806,0.5681451612903226,0.2684563758389262,0.568572255626879,0.5356975384673099,0.5518901682220161,0.5474278502786645,0.0960674979562409,0.6521544319338477,0.5944584382871536,0.161754626456477,0.2543103448275862,0.5071254779283977,2.0
0.1657785671995263,0.7052896725440806,0.5681451612903226,0.2684563758389262,0.568572255626879,0.5356975384673099,0.5518901682220161,0.5474278502786645,0.0960674979562409,0.6521544319338477,0.5944584382871536,0.161754626456477,0.2543103448275862,0.5071254779283977,2.0
0.1657785671995263,0.7052896725440806,0.5681451612903226,0.2684563758389262,0.568572255626879,0.5356975384673099,0.5518901682220161,0.5474278502786645,0.0960674979562409,0.6521544319338477,0.5944584382871536,0.161754626456477,0.2543103448275862,0.5071254779283977,2.0
0.1657785671995263,0.7052896725440806,0.5681451612903226,0.2684563758389262,0.568572255626879,0.5356975384673099,0.5518901682220161,0.5474278502786645,0.0960674979562409,0.6521544319338477,0.5944584382871536,0.161754626456477,0.2543103448275862,0.5071254779283977,2.0
0.1657785671995263,0.7052896725440806,0.5681451612903226,0.2684563758389262,0.568572255626879,0.5356975384673099,0.5518901682220161,0.5474278502786645,0.0960674979562409,0.6521544319338477,0.5944584382871536,0.161754626456477,0.2543103448275862,0.5071254779283977,2.0
0.1657785671995263,0.7052896725440806,0.5681451612903226,0.2684563758389262,0.568572255626879,0.5356975384673099,0.5518901682220161,0.5474278502786645,0.0960674979562409,0.6521544319338477,0.5944584382871536,0.161754626456477,0.2543103448275862,0.5071254779283977,2.0
0.1657785671995263,0.7052896725440806,0.5681451612903226,0.2684563758389262,0.568572255626879,0.5356975384673099,0.5518901682220161,0.5474278502786645,0.0960674979562409,0.6521544319338477,0.5944584382871536,0.161754626456477,0.2543103448275862,0.5071254779283977,2.0
0.1657785671995263,0.7052896725440806,0.5681451612903226,0.2684563758389262,0.568572255626879,0.5356975384673099,0.5518901682220161,0.5474278502786645,0.0960674979562409,0.6521544319338477,0.5944584382871536,0.161754626456477,0.2543103448275862,0.5071254779283977,2.0
0.1657785671995263,0.7052896725440806,0.5681451612903226,0.2684563758389262,0.568572255626879,0.5356975384673099,0.5518901682220161,0.5474278502786645,0.0960674979562409,0.6521544319338477,0.5944584382871536,0.161754626456477,0.2543103448275862,0.5071254779283977,2.0
0.1657785671995263,0.7052896725440806,0.5681451612903226,0.2684563758389262,0.568572255626879,0.5356975384673099,0.5518901682220161,0.5474278502786645,0.0960674979562409,0.6521544319338477,0.5944584382871536,0.161754626456477,0.2543103448275862,0.5071254779283977,2.0
0.1657785671995263,0.7052896725440806,0.5681451612903226,0.2684563758389262,0.568572255626879,0.5356975384673099,0.5518901682220161,0.5474278502786645,0.0960674979562409,0.6521544319338477,0.5944584382871536,0.161754626456477,0.2543103448275862,0.5071254779283977,2.0
0.1657785671995263,0.7052896725440806,0.5681451612903226,0.2684563758389262,0.568572255626879,0.5356975384673099,0.5518901682220161,0.5474278502786645,0.0960674979562409,0.6521544319338477,0.5944584382871536,0.161754626456477,0.2543103448275862,0.5071254779283977,2.0
0.1657785671995263,0.7052896725440806,0.5681451612903226,0.2684563758389262,0.568572255626879,0.5356975384673099,0.5518901682220161,0.5474278502786645,0.0960674979562409,0.6521544319338477,0.5944584382871536,0.161754626456477,0.2543103448275862,0.5071254779283977,2.0
0.1657785671995263,0.7052896725440806,0.5681451612903226,0.2684563758389262,0.568572255626879,0.5356975384673099,0.5518901682220161,0.5474278502786645,0.0960674979562409,0.6521544319338477,0.5944584382871536,0.161754626456477,0.2543103448275862,0.5071254779283977,2.0
0.1657785671995263,0.7052896725440806,0.5681451612903226,0.2684563758389262,0.568572255626879,0.5356975384673099,0.5518901682220161,0.5474278502786645,0.0960674979562409,0.6521544319338477,0.5944584382871536,0.161754626456477,0.2543103448275862,0.5071254779283977,2.0
0.1657785671995263,0.7052896725440806,0.5681451612903226,0.2684563758389262,0.568572255626879,0.5356975384673099,0.5518901682220161,0.5474278502786645,0.0960674979562409,0.6521544319338477,0.5944584382871536,0.161754626456477,0.2543103448275862,0.5071254779283977,2.0
0.1657785671995263,0.7052896725440806,0.5681451612903226,0.2684563758389262,0.568572255626879,0.5356975384673099,0.5518901682220161,0.5474278502786645,0.0960674979562409,0.6521544319338477,0.5944584382871536,0.161754626456477,0.2543103448275862,0.5071254779283977,2.0
0.1657785671995263,0.7052896725440806,0.5681451612903226,0.2684563758389262,0.568572255626879,0.5356975384673099,0.5518901682220161,0.5474278502786645,0.0960674979562409,0.6521544319338477,0.5944584382871536,0.161754626456477,0.2543103448275862,0.5071254779283977,2.0
0.1657785671995263,0.7052896725440806,0.5681451612903226,0.2684563758389262,0.568572255626879,0.5356975384673099,0.5518901682220161,0.5474278502786645,0.0960674979562409,0.6521544319338477,0.5944584382871536,0.161754626456477,0.2543103448275862,0.5071254779283977,2.0
0.1657785671995263,0.7052896725440806,0.5681451612903226,0.2684563758389262,0.568572255626879,0.5356975384673099,0.5518901682220161,0.5474278502786645,0.0960674979562409,0.6521544319338477,0.5944584382871536,0.161754626456477,0.2543103448275862,0.5071254779283977,2.0
0.1657785671995263,0.7052896725440806,0.5681451612903226,0.2684563758389262,0.568572255626879,0.5356975384673099,0.5518901682220161,0.5474278502786645,0.0960674979562409,0.6521544319338477,0.5944584382871536,0.161754626456477,0.2543103448275862,0.5071254779283977,2.0
