{
    "best_params": {
        "penalty": "l1",
        "tol": 0.035890690225509725,
        "C": 4.1390108300140795
    }
}