{
    "best_params": {
        "penalty": "l1",
        "tol": 0.017863070737285398,
        "C": 0.6274801134539523
    }
}