{
    "best_params": {
        "penalty": "l1",
        "tol": 0.2445119057778617,
        "C": 54.17502575203828
    }
}