{
    "best_params": {
        "penalty": "l1",
        "tol": 0.7201694357145276,
        "C": 83.34695999396543
    }
}