{
    "best_params": {
        "penalty": "l1",
        "tol": 0.08749188790544368,
        "C": 22.308852530859745
    }
}