{
    "best_params": {
        "penalty": "l1",
        "tol": 0.10856107395346844,
        "C": 12.949725839467296
    }
}