{
    "best_params": {
        "penalty": "l1",
        "tol": 0.22741013258882534,
        "C": 57.959291464215696
    }
}