{
    "best_params": {
        "penalty": "l1",
        "tol": 0.4240764984117982,
        "C": 64.1443847745511
    }
}