{
    "best_params": {
        "penalty": "l1",
        "tol": 0.01409719141035537,
        "C": 53.923620745621946
    }
}