{
    "best_params": {
        "penalty": "l1",
        "tol": 0.3920044035214006,
        "C": 9.368777468100763
    }
}