{
    "best_params": {
        "penalty": "l1",
        "tol": 0.20167987753484498,
        "C": 34.5777022050202
    }
}