{
    "best_params": {
        "penalty": "l1",
        "tol": 0.6367099013589798,
        "C": 59.025187594360276
    }
}