{
    "best_params": {
        "penalty": "l1",
        "tol": 0.5427024950387322,
        "C": 36.60120896528835
    }
}