{
    "best_params": {
        "penalty": "l1",
        "tol": 0.7686662746321913,
        "C": 84.3931063948185
    }
}