{
    "best_params": {
        "penalty": "l2",
        "tol": 0.01912277153510833,
        "C": 19.864994539344053
    }
}