{
    "best_params": {
        "penalty": "l1",
        "tol": 0.8189156906513355,
        "C": 80.54671477098614
    }
}